"For All Companies As of Sep 02, 2025 For All Alberta ",,,,,,,,,,,,,,,,,,,,,,,,,,,,,,,,,,
,,,,,,,,,,,,,,,,,,,,,,,,,,,,,,,,,,
Reporting Facility ID,,Facility Subtype,,Surface Location,Location Latitude,Location Longitude,Facility Name,Field or Area,Operator Code,Operator Name,Licence Number,Licence Status,Licence Status Date,Licensee  BA Code,Licensee Name,Licence EDCT,Licence Issue Date,Most Recent Licence Amendment Date,Plant Processes,Raw Gas E3m3/d,Rec Sales Gas E3m3/d,C2 m3/d,C2 Mix m3/d,C3 m3/d,C4 m3/d,LPG Mix m3/d,C5+ m3/d,Sulphur Inlet t/d,Sulphur Recovered t/d,,Max Sulphur Emission Rate t/d,Qtrly Approved Sulphur Rec Eff %,First Volumetric Activity Date,Last Volumetric Activity Date
ABGP0001001,,Gas Plant Sweet,,00/15-36-036-16W4,52.141285,-112.155917,MAPLE GLEN 15-36-036-16W4,PROVOST,0HE9,Canadian Natural Resources Limited,F5566     ,Issued,1-Nov-00,0HE9,Canadian Natural Resources Limited,B010,1-Nov-00,26-Aug-06,None,"1,419.00",1369,0,,0,0,186.1,17,,0,,,,1-Jan-91,1-Jul-25
ABGP0001002,,Gp Sulphur Rcvry,,00/16-33-038-22W4,52.314,-113.077,KEYERA NEVIS GAS PLANT 16-33-38-22W4,NEVIS,A0C0,Keyera Energy Ltd.,F6601     ,Amended,4-Oct-10,A0C0,Keyera Energy Ltd.,E600,1-Mar-01,4-Oct-10,"Regenerative, Acid Gas Sulphur Recovery, Acid Gas Flaring, Claus Process, Sulfreen Process","4,250.00",3803,0,,245,200,,150,50,47.95,,2.05,95.9,1-Jan-91,1-Nov-23
ABGP0001003,,Gp Sulphur Rcvry,,/01-23-004-29W4,49.311164,-113.804599,* GULF PINCHER CREEK,PINCHER CREEK,0002,Gulf Canada Limited,F63       ,Issued,6-Mar-01,0EW6,Palmer Ranch (1984) Ltd.,E600,6-Mar-01,,None,"2,536.00",,,,,,,,,,,,,,
ABGP0001004,,Gp Sulphur Rcvry,,00/02-05-044-01W5,52.75609,-114.104607,KEYERA HOMEGLEN-RIMBEY 2-05-44-01W5,HOMEGLEN-RIMBEY,A0C0,Keyera Energy Ltd.,F9527     ,Amended,6-Mar-25,A0C0,Keyera Energy Ltd.,E600,20-Mar-01,6-Mar-25,"Regenerative, Acid Gas Sulphur Recovery, Acid Gas Flaring, Claus Process","11,918.00",10010,4150,0,3000,1600,0,2264,50,47.95,,2.05,95.9,1-Jan-91,1-Jul-25
ABGP0001005,,Gas Plant Sweet,,/06-13-040-03W5,,,* GULF GILBY,GILBY,A8HW,Gran Tierra Canada Ltd.,,,,,,,,,,,,,,,,,,,,,,,,
ABGP0001006,,Gp Sulphur Rcvry,,/15-22-039-22W4,52.366978,-113.085087,* CHEVRON NEVIS,NEVIS,0045,Chevron Canada Limited,F7202     ,RecCertified,7-Nov-05,0045,Chevron Canada Limited,E600,1-Mar-01,,,0,,,,,,,,,,,,,,
ABGP0001007,,Gas Plant Sweet,,00/16-30-072-04W5,55.266906,-114.614063,MITSUE 16-30-072-04W5,MITSUE,0HE9,Canadian Natural Resources Limited,F15125    ,Issued,1-Mar-01,0HE9,Canadian Natural Resources Limited,B010,1-Mar-01,29-Nov-11,,704,,,,,,,,,,,,,1-Sep-05,1-Jul-25
ABGP0001008,,Gp Acid Gas Flaring,,/12-12-020-12W4,,,* CHEVRON PRINCESS,PRINCESS,0045,Chevron Canada Limited,,,,,,,,,,,,,,,,,,,,,,,,
ABGP0001009,,Gas Plant Sweet,,00/09-29-031-05W4,51.687307,-110.669963,SEDALIA 9-29-31-5 GP,SEDALIA,0RL9,Baytex Energy Ltd.,F4165     ,Amended,22-Apr-02,0RL9,Baytex Energy Ltd.,B010,1-May-01,26-Aug-06,,396,393,0,0,0,0,0,15.9,0,0,,,,1-Jan-91,1-Nov-19
ABGP0001010,,Gp Acid Gas Flaring,,/01-26-054-25W4,,,* NORCEN CAMPBELL-NAMAO,CAMPBELL-NAMAO,0HE9,Canadian Natural Resources Limited,,,,,,,,,,,,,,,,,,,,,,,,
ABGP0001011,,Gas Plant Sweet,,/01-03-035-01W5,51.971722,-114.050828,* SHELL INNISFAIL,INNISFAIL,0T03,Shell Canada Limited,F5119     ,Abandoned,1-Jun-04,A216,Enhance Energy Inc.,E600,1-May-01,,,502,,,,,,,,,,,,,,
ABGP0001012,,Gas Plant Sweet,,00/12-33-022-18W4,50.915848,-112.448743,COUNTMAK 12-33-22-18w4,COUNTESS,0HE9,Canadian Natural Resources Limited,F3201     ,Amended,25-Sep-15,A7NW,Torxen Energy Ltd.,B010,6-Mar-01,25-Sep-15,,"1,700.00",1650,0,0,0,0,14.5,0,0,,,,,1-Jan-91,1-Jul-25
ABGP0001013,,Gp Acid Gas Flaring,,00/15-22-040-03W5,52.461679,-114.347497,KEYERA GILBY PLANT 15-22-040-03W5,GILBY,A0C0,Keyera Energy Ltd.,F8214     ,Amended,8-May-07,A0C0,Keyera Energy Ltd.,C300,20-Mar-01,8-May-07,,"2,000.00",1800,,,250,170,,160,0.55,,,0.55,,1-Jan-91,1-Jul-25
ABGP0001014,,Gas Plant Sweet,,02/08-17-029-22W4,51.47968,-113.054814,ATCO CARBON,WAYNE-ROSEDALE,0Z2W,ATCO Next Energy Ltd.,F3997     ,Amended,9-Aug-22,0Z2W,ATCO Next Energy Ltd.,B010,1-Mar-01,9-Aug-22,None,"15,490.00",15460,0,0,0,0,0,90,0,,,,,1-Jan-91,1-Jul-25
ABGP0001015,,Gas Plant Sweet,,00/02-31-022-11W4,50.908954,-111.514676,WARDLOW 2-31-22-11w4,CESSFORD,0HE9,Canadian Natural Resources Limited,F3134     ,Issued,26-Mar-01,0HE9,Canadian Natural Resources Limited,B010,26-Mar-01,,,120,,,,,,,,,,,,,1-Jan-91,1-Oct-19
ABGP0001016,,Gas Plant Sweet,,/16-08-043-23W4,,,COMETRA WOOD RIVER,WOOD RIVER,0AZ9,Cometra Energy Ltd.,,,,,,,,,,,,,,,,,,,,,,,,
ABGP0001017,,Gas Plant Sweet,,00/04-15-027-15W4,51.300417,-112.043537,CESSFORD 04-15-027-15W4,CESSFORD,0HE9,Canadian Natural Resources Limited,F3690     ,Amended,29-Oct-07,0HE9,Canadian Natural Resources Limited,B010,1-Mar-01,29-Oct-07,,265,250,0,0,0,0,0,10,0,,,,,1-Jan-91,1-Mar-15
ABGP0001018,,Gas Plant Sweet,,02/07-34-034-06W4,51.958045,-110.76689,TAURUS CONSORT 7-34-34-6W4 GP,PROVOST,A04N,Tamarack Valley Energy Ltd.,F4588     ,Abandoned,11-Aug-25,A04N,Tamarack Valley Energy Ltd.,B010,6-Mar-01,27-May-20,,423,406,0,0,0,0,21,0,0,,,,,1-Jan-91,1-Nov-23
ABGP0001019,,Gas Plant Sweet,,/01-01-001-01W4,,,* AMOCO BUCK CREEK,UNDEFINED,A62D,BP Canada Energy Group ULC,,,,,,,,,,,,,,,,,,,,,,,1-Jan-92,1-Dec-02
ABGP0001020,,Gp Sulphur Rcvry,,00/03-03-030-02W5,51.534603,-114.202844,DEVON CARSTAIRS,CROSSFIELD,A8T8,HWN Energy Ltd.,F4142     ,Amended,14-Nov-07,A8T8,HWN Energy Ltd.,E600,28-Feb-01,14-Nov-07,"Regenerative, Acid Gas Sulphur Recovery, Acid Gas Flaring, Superclaus Process","9,858.00",8392,0,0,657,498,0,1051,72.7,64.8,,7.9,90,1-Jan-91,1-Oct-08
ABGP0001021,,Gp Sulphur Rcvry,,02/06-18-032-01W5,51.740354,-114.131785,GARRINGTON OLDS,GARRINGTON,A5BE,Whitecap Resources Inc.,F4390     ,Amended,28-Jan-14,A5BE,Whitecap Resources Inc.,E600,1-Mar-01,28-Jan-14,"Regenerative, Acid Gas Sulphur Recovery, Acid Gas Flaring, Superclaus Process","2,381.00",1895,0,0,140,120,0,825,404.9,398.4,,9.6,98.4,1-Jan-91,1-Jul-25
ABGP0001022,,Gas Plant Sweet,,02/02-08-024-12W4,51.02497,-111.640806,CESSFORD 02-08-024-12W4,CESSFORD,0HE9,Canadian Natural Resources Limited,F23466    ,Amended,3-Feb-06,0HE9,Canadian Natural Resources Limited,B010,1-May-01,26-Aug-06,,"1,416.00",1413.3,0,0,0,0,0,6,0,,,,,1-Jan-91,1-Jul-25
ABGP0001023,,Gp Acid Gas Flaring%,,00/02-34-050-26W4,53.35421,-113.717419,IMPERIAL LEDUC-WOODBEND,LEDUC-WOODBEND,0007,Imperial Oil Resources Limited,F11646    ,Abandoned,11-Nov-09,0007,Imperial Oil Resources Limited,D400,2-Mar-01,,,"1,200.00",,,,,,,,1.01,,,,,1-Jan-91,1-Nov-06
ABGP0001024,,Gp Acid Gas Flaring%,,00/01-14-085-13W6,56.364526,-119.928748,BOUNDARY LAKE 01-14-085-13W6,BOUNDARY LAKE SOUTH,0HE9,Canadian Natural Resources Limited,F17076    ,Amended,16-Oct-08,0HE9,Canadian Natural Resources Limited,C300,29-Mar-01,16-Oct-08,"Regenerative, Acid Gas Flaring","1,355.00",1332,,,,,1.9,3.9,0.99,,,0.98,,1-Jan-91,1-Jul-25
ABGP0001025,,Gas Plant Sweet,,/13-09-079-22W5,55.837444,-117.389725,DEVON NORMANDVILLE,NORMANDVILLE,0HE9,Canadian Natural Resources Limited,F16342    ,RecCertified,10-Nov-20,0HE9,Canadian Natural Resources Limited,B010,28-Feb-01,14-Sep-06,,354,,,,,,,,,,,,,,
ABGP0001026,,Gas Plant Sweet,,00/07-17-026-14W4,51.218223,-111.921422,CESSFORD 7-17-26-14W4,CESSFORD,0HE9,Canadian Natural Resources Limited,F3608     ,Abandoned,7-Nov-12,0HE9,Canadian Natural Resources Limited,B010,1-Mar-01,,,182,,,,,,,,,,,,,1-Jan-91,1-May-04
ABGP0001027,,Gas Plant Sweet,,/15-22-051-27W4,53.423014,-113.893931,* IMPERIAL GOLDEN SPIKE,GOLDEN SPIKE,0007,Imperial Oil Resources Limited,F11882    ,Abandoned,1-Jun-10,0007,Imperial Oil Resources Limited,B010,2-Mar-01,,,"2,500.00",,,,,,,,,,,,,,
ABGP0001028,,Gp Sulphur Rcvry,,00/01-29-057-21W4,53.952559,-113.075135,Redwater GP 1-29-57-21W4,REDWATER,A8CW,Conifer Energy Inc.,F13234    ,Amended,13-Mar-15,A8CW,Conifer Energy Inc.,E600,2-Mar-01,13-Mar-15,"Regenerative, Acid Gas Sulphur Recovery, Acid Gas Flaring, Claus Process",127.4,115,,,,,48,,4.99,4.75,,0.99,69.7,1-Jan-91,1-Jul-25
ABGP0001029,,Gas Plant Sweet,,/05-21-045-27W4,,,* SAMSON FERRYBANK,FERRYBANK,0BP8,Obsidian Energy Ltd.,,,,,,,,,,,,,,,,,,,,,,,,
ABGP0001030,,Gp Sulphur Rcvry,,/14-06-020-02W5,,,* TALISMAN TURNER VALLEY,TURNER VALLEY,0039,Repsol Oil & Gas Canada Inc.,,,,,,,,,,,,,,,,,,,,,,,,
ABGP0001031,,Gas Plant Sweet,,00/08-20-076-09W6,55.595903,-119.345006,VALHALLA 8-20-76-9w6,VALHALLA,0HE9,Canadian Natural Resources Limited,F15861    ,Amended,26-Jun-07,0HE9,Canadian Natural Resources Limited,B010,28-Feb-01,26-Jun-07,,"1,353.00",1297,0,0,0,0,0,25,0,,,,,1-Jan-91,1-Dec-12
ABGP0001032,,Gas Plant Sweet,,/07-22-087-07W6,56.557089,-119.020119,* SHELL WORSLEY,WORSLEY,0T03,Shell Canada Limited,F17262    ,Abandoned,31-Mar-98,0T03,Shell Canada Limited,B010,6-Mar-01,,,"1,606.00",,,,,,,,,,,,,,
ABGP0001033,,Gas Plant Sweet,,/13-13-035-26W4,52.01176,-113.59949,CRESTAR THREE HILLS CK,THREE HILLS CREEK,A1GR,Pine Cliff Energy Ltd.,F5114     ,Abandoned,23-Jul-25,A1GR,Pine Cliff Energy Ltd.,B010,28-Feb-01,,,500,,,,,,,,,,,,,1-Jan-91,1-Oct-10
ABGP0001034,,Gp Sulphur Rcvry,,00/08-17-060-15W5,54.186291,-116.205587,PGI West Whitecourt (Windfall),WINDFALL,A938,Pembina Gas Infrastructure Inc.,F13639    ,Amended,13-Aug-12,A84Z,PGI Processing ULC,D400,7-Nov-00,13-Aug-12,Regenerative,"2,000.00",1500,0,0,0,0,200,250,75,,,0.99,0,1-Jan-91,1-Jul-25
ABGP0001035,,Gas Plant Sweet,,/04-02-053-26W4,,,* ICG ACHESON,ACHESON,A6LC,CNOOC Petroleum North America ULC,,,,,,,,,,,,,,,,,,,,,,,,
ABGP0001036,,Gas Plant Sweet,,00/08-19-036-05W4,52.104863,-110.699331,APACHE PROVOST,PROVOST,A7BT,Karve Energy Inc.,F5331     ,Amended,4-May-10,A7BT,Karve Energy Inc.,B010,29-Mar-01,4-May-10,,"1,413.00",1390,0,0,0,0,52.8,10,0,,,,,1-Jan-91,1-Jul-25
,,,,,,,,,,,,,,,,,,,,,,,,,,,,,,,,,,
ABGP0001037,,Gp Sulphur Rcvry,,03/13-13-025-05W5,51.138526,-114.580414,SHELL JUMPING POUND,JUMPING POUND,A5C4,Cavvy Production Ltd.,F3578     ,Amended,15-Dec-16,0T03,Shell Canada Limited,E600,6-Mar-01,15-Dec-16,"Regenerative, Acid Gas Sulphur Recovery, Acid Gas Flaring, Superclaus Process","7,686.00",5832,513.8,0,277.9,207.1,0,335,619,595.5,,23.5,98.4,1-Jan-91,1-Jul-25
ABGP0001038,,Gas Plant Sweet,,/08-36-020-16W4,50.737559,-112.085001,APF ENERGY COUNTESS,COUNTESS,A2PH,Journey Energy Inc.,F2785     ,Amended,9-Jan-20,A2PH,Journey Energy Inc.,B010,1-May-01,9-Jan-20,None,740,704,0,0,0,0,4,0,0,,,,,1-Jan-91,1-Jul-25
ABGP0001039,,Gp Acid Gas Flaring%,,/11-35-013-17W4,50.12936,-112.2229,VISTA MIDSTREAM ENCHANT GGS,ENCHANT,A81C,Campus Energy Partners Operations Inc.,F1200     ,Abandoned,17-Jul-23,A854,Barrel Oil Corp.,C300,12-Feb-01,24-Sep-09,"Regenerative, Acid Gas Flaring",770,760,,,,,75,2,0.99,,,0.99,,1-Jan-91,1-Oct-11
ABGP0001040,,Gp Sulphur Rcvry,,/04-27-020-29W4,50.719723,-113.949138,* CAN OXY OKOTOKS,OKOTOKS,A6LC,CNOOC Petroleum North America ULC,F2874     ,RecCertified,1-Nov-04,A6LC,CNOOC Petroleum North America ULC,E600,6-Mar-01,,None,0,,,,,,,,,,,,,,
ABGP0001041,,Gas Plant Sweet,,00/03-06-024-10W4,51.011001,-111.392512,CESSFORD 3-6-24-10w4,CESSFORD,0HE9,Canadian Natural Resources Limited,F3385     ,Abandoned,25-Feb-21,0HE9,Canadian Natural Resources Limited,B010,1-Mar-01,,None,300,,,,,,,,,,,,,1-Jan-91,1-Dec-05
ABGP0001042,,Gas Plant Sweet,,00/10-10-065-02W6,54.612991,-118.213619,KARR 10-10-065-02W6,KARR,0HE9,Canadian Natural Resources Limited,F14430    ,Amended,16-Dec-14,0HE9,Canadian Natural Resources Limited,B010,27-Feb-01,16-Dec-14,,"3,400.00",3016,0,0,0,0,822,300,0,,,,,1-Jan-91,1-Jul-25
ABGP0001043,,Gas Plant Sweet,,00/13-36-024-21W4,51.094569,-112.816012,HUSSAR-2 13-36-24-21w4,HUSSAR,0HE9,Canadian Natural Resources Limited,F3466     ,Issued,29-Mar-01,A7NW,Torxen Energy Ltd.,B010,29-Mar-01,,None,"1,166.00",,,,,,,,,,,,,1-Jan-91,1-Jul-25
ABGP0001044,,Gas Plant Sweet,,00/12-04-028-20W4,51.367377,-112.767964,ROSEBUD 12-4-28-20w4,WAYNE-ROSEDALE,0HE9,Canadian Natural Resources Limited,F3799     ,Issued,2-Feb-01,A7NW,Torxen Energy Ltd.,B010,2-Feb-01,,,402,,,,,,,,,,,,,1-Jan-91,1-Jul-25
ABGP0001045,,Gp Sulphur Rcvry,,/04-17-047-27W4,53.046899,-113.917115,IMPERIAL BONNIE GLEN,BONNIE GLEN,0007,Imperial Oil Resources Limited,F10153    ,Amended,24-Oct-06,0007,Imperial Oil Resources Limited,D400,2-Mar-01,24-Nov-07,"Regenerative, Acid Gas Injection","7,323.00",6368,3062,0,1970,1135,0,1120,10,,,0,89.7,1-Jan-91,1-Jul-11
ABGP0001046,,Gp Acid Gas Flaring%,,00/01-28-049-10W5,53.25165,-115.39132,* IMPERIAL PEMBINA,PEMBINA,A5BE,Whitecap Resources Inc.,F22703    ,Issued,22-Mar-01,A5BE,Whitecap Resources Inc.,D400,22-Mar-01,,,224,,,,,,,,3.5,,,,,,
ABGP0001047,,Gp Sulphur Rcvry,,00/10-05-046-06W5,52.938699,-114.829651,KEYERA MINNEHIK-BUCK LAKE 10-05,PEMBINA,A0C0,Keyera Energy Ltd.,F9931     ,Amended,23-Mar-18,A0C0,Keyera Energy Ltd.,E600,6-Mar-01,23-Mar-18,"Regenerative, Acid Gas Sulphur Recovery, Acid Gas Flaring, Claus Process","4,495.00",4065,,,,,752,360.5,49.17,47,,2.18,95.6,1-Jan-91,1-Jun-25
ABGP0001048,,Gp Acid Gas Flaring,,00/01-18-001-08W4,49.03124,-111.053354,ALTANA BLACK BUTTE,ADEN,A1GR,Pine Cliff Energy Ltd.,F21810    ,Amended,25-Aug-09,A1GR,Pine Cliff Energy Ltd.,C300,6-Mar-01,25-Aug-09,"Regenerative, Acid Gas Flaring",150,140,,,,,,,0.5,,,0.5,,1-Jan-91,1-Jul-25
ABGP0001049,,Gas Plant Sweet,,00/05-17-027-19W4,51.305631,-112.650923,WAYNE DALUM 5-17-27-19w4,WAYNE-ROSEDALE,0HE9,Canadian Natural Resources Limited,F3699     ,Amended,13-Aug-03,A7NW,Torxen Energy Ltd.,B010,6-Mar-01,26-Aug-06,,"1,200.00",1135,0,0,0,0,105,0,0,0,,,,1-Jan-91,1-Jul-25
ABGP0001050,,Gp Sulphur Rcvry,,/10-02-026-29W4,51.194353,-113.941093,WASCANA CROSSFIELD,CROSSFIELD,A6LC,CNOOC Petroleum North America ULC,F3645     ,Amended,28-Jun-07,A6LC,CNOOC Petroleum North America ULC,E600,6-Mar-01,28-Jun-07,"Regenerative, Acid Gas Sulphur Recovery, Acid Gas Flaring, Claus Process, Sulfreen Process","8,988.00",6080,0,0,388,410,387,702,1730.5,1696,,34.5,98,1-Jan-91,1-Nov-14
ABGP0001051,,Gp Sulphur Rcvry,,00/01-11-008-05W5,49.627872,-114.568712,DEVON SAVANNA CREEK,UNDEFINED,0HE9,Canadian Natural Resources Limited,F287      ,Amended,30-Oct-08,0HE9,Canadian Natural Resources Limited,E600,12-Feb-01,30-Oct-08,"Regenerative, Acid Gas Sulphur Recovery, Acid Gas Flaring, Claus Process, Superclaus Process","2,811.00",2042,0,0,0,0,0,7,800,789.4,,10.6,98.6,1-Jan-91,1-Jun-21
ABGP0001052,,Gas Plant Sweet,,/07-23-033-16W4,,,HUSKY FARRELL EXP CHAIN 7-23,CHAIN,A5D4,Cenovus Energy Inc.,,,,,,,,,,,,,,,,,,,,,,,,
ABGP0001053,,Gas Plant Sweet,,/05-06-028-02W4,51.364337,-110.285609,MERIT SIBBALD,SIBBALD,A0A7,NuVista Energy Ltd.,F3757     ,Amended,13-May-10,A0A7,NuVista Energy Ltd.,B020,1-May-01,13-May-10,,141.6,,,,,,,,0,,,,,1-Jan-91,1-Mar-00
ABGP0001054,,Gp Sulphur Rcvry,,00/06-16-026-05W5,51.219511,-114.646656,D Energy Wildcat Hills 6-16-26-5W5,JUMPING POUND,A68P,Canlin Resources Partnership,F3653     ,Amended,29-Mar-17,A7M1,Canlin Energy Corporation,E600,6-Mar-01,29-Mar-17,"Regenerative, Acid Gas Sulphur Recovery, Acid Gas Flaring, MCRC Process","3,522.00",3522,,,,,,,287.5,287,,4.9,98.3,1-Jan-91,1-Jul-25
ABGP0001055,,Gas Plant Sweet,,02/10-30-052-17W5,53.521125,-116.491014,TOM BROWN EDSON,EDSON,0026,Ovintiv Canada ULC,F32515    ,Issued,29-Oct-04,A517,Long Run Exploration Ltd.,B030,29-Oct-04,26-Aug-06,,60,,,,,,,,0,,,,,,
ABGP0001056,,Gp Sulphur Rcvry,,/02-20-004-30W4,49.307438,-113.999528,SHELL WATERTON,WATERTON,A5C4,Cavvy Production Ltd.,F65       ,Amended,1-Dec-16,0T03,Shell Canada Limited,E600,6-Mar-01,1-Dec-16,"Regenerative, Acid Gas Sulphur Recovery, Acid Gas Flaring, Superclaus Process","8,050.00",7275,939,0,450,297,0,630,1450,1431,,18.85,98.5,1-Jan-91,1-Jul-25
ABGP0001057,,Gas Plant Sweet,,/09-17-050-07W5,53.317936,-114.979861,PENN WEST PEMBINA,PEMBINA,A6JK,InPlay Oil Corp.,F11691    ,Amended,6-Sep-01,0BP8,Obsidian Energy Ltd.,B010,1-May-01,26-Aug-06,,"1,675.00",1600,0,0,0,0,167.3,0,0,0,,,,1-Jan-91,1-Jul-25
ABGP0001058,,Gp Acid Gas Flaring%,,00/08-09-064-19W5,54.5225,-116.8,TRILOGY KAYBOB,KAYBOB,0AW4,Paramount Resources Ltd.,F14191    ,Amended,14-Nov-24,0AW4,Paramount Resources Ltd.,D400,16-Jan-01,14-Nov-24,"Regenerative, Acid Gas Injection, Acid Gas Flaring","5,981.00",5755,0,1823,0,0,749,1275,49.9,,,0.02,95.9,1-Jan-91,1-Jul-25
ABGP0001059,,Gas Plant Sweet,,00/06-33-030-19W4,51.61193,-112.622421,DRUMHELLER  6-33-30-19W4,WAYNE-ROSEDALE,0HE9,Canadian Natural Resources Limited,F4098     ,Amended,17-Oct-07,0HE9,Canadian Natural Resources Limited,B010,1-Mar-01,17-Oct-07,,232,218,0,0,0,0,0,8,0,,,,,1-Jan-91,1-Jul-11
ABGP0001060,,Gp Sulphur Rcvry,,00/09-27-031-04W5,51.685831,-114.474279,SOLEX HARMATTAN-ELKTON,HARMATTAN-ELKTON,A0TK,AltaGas Ltd.,F4285     ,Amended,7-Sep-22,A0TK,AltaGas Ltd.,D400,1-May-01,7-Sep-22,"Regenerative, Acid Gas Injection, Acid Gas Flaring","13,897.60",11224,3922.2,0,2475.9,1376.7,1907.8,1751,49.99,,,0.04,95.9,1-Jan-91,1-Jul-25
ABGP0001061,,Gas Plant Sweet,,/01-24-041-03W5,,,* GULF GILBY,GILBY,A8HW,Gran Tierra Canada Ltd.,,,,,,,,,,,,,,,,,,,,,,,,
ABGP0001062,,Gp Acid Gas Flaring%,,00/04-23-061-12W5,54.285034,-115.69849,Carson Creek GP 4-23-61-12W5,CARSON CREEK,A8CW,Conifer Energy Inc.,F13736    ,Amended,16-Sep-16,A8CW,Conifer Energy Inc.,C300,2-Mar-01,16-Sep-16,"Regenerative, Acid Gas Flaring",740,600,0,0,0,0,390.7,572.9,0.54,,,0.54,,1-Jan-91,1-Jul-25
ABGP0001063,,Gas Plant Sweet,,00/13-05-039-08W4,52.330994,-111.129415,APACHE CANADA PROVOST,PROVOST,A7WF,Battle River Energy Ltd.,F7013     ,Issued,29-Mar-01,A7WF,Battle River Energy Ltd.,B010,29-Mar-01,,,90,,,,,,,,,,,,,1-Jan-91,1-Jul-25
ABGP0001064,,Gp Acid Gas Flaring,,/07-27-040-03W5,,,* PETRO-CAN GILBY,GILBY,A68P,Canlin Resources Partnership,,,,,,,,,,,,,,,,,,,,,,,,
ABGP0001065,,Gp Acid Gas Flaring,,00/12-02-013-19W4,50.05715,-112.50663,BARREL RETLAW 12-02-013-19W4,RETLAW,A854,Barrel Oil Corp.,F1211     ,Abandoned,17-Jul-23,A854,Barrel Oil Corp.,C300,12-Feb-01,19-Sep-06,,340,280,,,,,32.2,,0.8,,,0.8,,1-Jan-91,1-Jun-23
ABGP0001066,,Gas Plant Sweet,,/01-29-027-05W4,,,* POCO KIRKWALL,KIRKWALL,A5G3,ConocoPhillips Canada Resources Corp.,,,,,,,,,,,,,,,,,,,,,,,,
ABGP0001067,,Gas Plant Sweet,,/01-21-038-02W5,52.277297,-114.219266,RENAISSANCE SYLVAN LAKE-21,SYLVAN LAKE,A5D4,Cenovus Energy Inc.,F6673     ,Issued,12-Mar-01,A5D4,Cenovus Energy Inc.,B010,12-Mar-01,,,830,,,,,,,,,,,,,1-Jan-91,1-Sep-21
ABGP0001068,,Gas Plant Sweet,,00/07-15-060-02W5,54.188242,-114.212537,WESTLOCK 07-15-060-02W5,WESTLOCK,0HE9,Canadian Natural Resources Limited,F13606    ,Amended,10-Apr-06,0HE9,Canadian Natural Resources Limited,B010,1-Mar-01,26-Aug-06,,250,235,0,0,0,0,0,5,0,,,,,1-Jan-91,1-Sep-24
ABGP0001069,,Gp Acid Gas Flaring%,,/15-25-064-11W5,54.570458,-115.523072,CFR JC 15-25-64-11W5 GP,JUDY CREEK,A8CW,Conifer Energy Inc.,F14146    ,Amended,6-Apr-17,A8CW,Conifer Energy Inc.,D400,6-Mar-01,6-Apr-17,"Regenerative, Acid Gas Injection","4,875.00",3752,2605,0,0,0,2164,0,3.75,,,0,69.7,1-Jan-91,1-Jul-25
ABGP0001070,,Gp Acid Gas Flaring%,,00/14-32-037-03W5,52.229883,-114.397356,BTG Energy Sylvan Lake GP 14-32,SYLVAN LAKE,A8C8,Btg Energy Corporation,F6155     ,Amended,7-Mar-23,A8C8,Btg Energy Corporation,C300,6-Mar-01,7-Mar-23,"Regenerative, Acid Gas Flaring","1,990.00",1880,,,500,250,,150,0.75,,,0.75,,1-Jan-91,1-Jul-25
ABGP0001071,,Gp Acid Gas Flaring%,,00/10-12-041-03W5,52.517763,-114.297901,RIGEL GILBY,GILBY,0096,Rigel Oil & Gas Ltd.,F8798     ,Amended,27-Jun-05,A8HW,Gran Tierra Canada Ltd.,C311,29-Mar-01,26-Aug-06,None,60,,,,,,,,0,,,,,,
ABGP0001072,,Gas Plant Sweet,,/10-12-036-08W4,52.079348,-111.013825,REAL RESOURCES WEST PROVOST,PROVOST,A7BT,Karve Energy Inc.,F5527     ,Amended,2-Apr-19,A7BT,Karve Energy Inc.,B040,6-Mar-01,2-Apr-19,,338,,,,,,,,0,,,,,1-Jan-91,1-Jul-25
ABGP0001073,,Gp Acid Gas Flaring,,/10-10-041-03W5,52.517728,-114.345985,ALTAQUEST GILBY,GILBY,0WB5,Chain Energy Corporation,F8795     ,Abandoned,10-May-23,A5M4,Manitok Energy Inc.,C311,1-Mar-01,14-Sep-09,None,110,,,,,,,,0.05,,,0,,1-Jan-91,1-Jan-02
ABGP0001074,,Gp Acid Gas Flaring%,,00/03-17-047-27W4,53.046899,-113.917115,IMPERIAL BONNIE GLEN,BONNIE GLEN,0007,Imperial Oil Resources Limited,F10153    ,Amended,24-Oct-06,0007,Imperial Oil Resources Limited,D400,2-Mar-01,24-Nov-07,"Regenerative, Acid Gas Injection","7,323.00",6368,3062,0,1970,1135,0,1120,10,,,0,89.7,1-Jan-91,1-Aug-23
ABGP0001075,,Gas Plant Sweet,,00/02-18-052-11W5,53.484825,-115.60569,VERMILION CARROT CREEK,CARROT CREEK,A6FW,Vermilion Energy Inc.,F12157    ,Issued,15-Feb-01,A6FW,Vermilion Energy Inc.,B010,15-Feb-01,,,649,,,,,,,,,,,,,1-Jan-91,1-Jul-25
ABGP0001076,,Gas Plant Sweet,,/01-20-028-21W4,51.416667,-112.791667,PANCDN WAYNE-ROSEDALE,WAYNE-ROSEDALE,A7AG,Lynx Energy ULC,F3818     ,Amended,29-Oct-05,A7AG,Lynx Energy ULC,B010,1-May-01,26-Aug-06,,"1,598.52",1582.65,0,0,0,0,90,0,0,,,,,1-Jan-91,1-Jul-25
ABGP0001077,,Gp Acid Gas Flaring%,,/08-26-040-03W5,,,* AMOCO GILBY SOUTH,GILBY,A62D,BP Canada Energy Group ULC,,,,,,,,,,,,,,,,,,,,,,,,
ABGP0001078,,Gas Plant Sweet,,00/10-33-028-15W4,51.4415,-112.050806,HANDHILLS 10-33-28-15w4,COYOTE,0HE9,Canadian Natural Resources Limited,F3783     ,Amended,4-Mar-06,0HE9,Canadian Natural Resources Limited,B010,5-Mar-01,26-Aug-06,,707.92,672.53,0,0,0,0,65.1,0,0,,,,,1-Jan-91,1-Oct-16
ABGP0001079,,Gp Sulphur Rcvry,,00/09-14-028-01W5,51.396454,-114.028221,PRIMEWEST CROSSFIELD EAST,CROSSFIELD EAST,A2TG,TAQA North Ltd.,F3859     ,Amended,26-Jan-21,A2TG,TAQA North Ltd.,D400,6-Mar-01,26-Jan-21,"Regenerative, Acid Gas Injection, Acid Gas Flaring","5,128.00",3212,0,0,0,0,63.2,581,863.82,,,0.01,98.4,1-Jan-91,1-Dec-21
ABGP0001080,,Gas Plant Sweet,,/04-24-056-05W5,53.847858,-114.621597,CALCRUDE CHERHILL,CHERHILL,A2PH,Journey Energy Inc.,F13072    ,Amended,5-May-15,A2PH,Journey Energy Inc.,C300,1-Mar-01,5-May-15,Nonregenerative,175,156,0,0,0,0,57.1,0,0.01,,,0,,1-Jan-91,1-Jul-25
,,,,,,,,,,,,,,,,,,,,,,,,,,,,,,,,,,
ABGP0001081,,Gp Sulphur Rcvry,,/04-12-034-26W4,51.898214,-113.56895,DEVON WIMBORNE,WIMBORNE,A7PA,Vantage Point Resources Inc.,F4713     ,Amended,25-Mar-11,A7PA,Vantage Point Resources Inc.,E600,28-Feb-01,25-Mar-11,"Both, Acid Gas Sulphur Recovery, Acid Gas Flaring, Claus Process","1,133.00",1133,,,,,185.2,,235,224.4,,10.6,95.5,1-Jan-91,1-Mar-25
ABGP0001082,,Gas Plant Sweet,,/01-17-042-06W5,52.612846,-114.817407,IMPERIAL WILLESDEN GREEN,WILLESDEN GREEN,A7DT,Entrada Resources Inc.,F9090     ,Amended,1-Sep-21,A7DT,Entrada Resources Inc.,B040,2-Mar-01,1-Sep-21,,402,,,,,,,,0,,,,,1-Jan-91,1-Feb-12
ABGP0001083,,Gp Acid Gas Flaring%,,/02-03-031-04W5,51.622287,-114.483168,BONAVISTA HARMATTAN-ELKTON PLANT,HARMATTAN-ELKTON,A8T8,HWN Energy Ltd.,F23119    ,Amended,24-Aug-05,A8T8,HWN Energy Ltd.,C340,30-Apr-01,26-Aug-06,None,80,,,,,,,,0.53,,,,,1-Jan-91,1-Sep-05
ABGP0001084,,Gp Sulphur Rcvry,,00/04-11-053-18W5,53.559332,-116.550332,EDSON 04-11-053-18W5 GP,EDSON,0YA2,Peyto Exploration & Development Corp.,F12339    ,Amended,14-Sep-16,0YA2,Peyto Exploration & Development Corp.,E600,14-Feb-01,14-Sep-16,"Regenerative, Acid Gas Sulphur Recovery, Acid Gas Flaring, Superclaus Process","10,550.00",10000,0,0,0,0,1400,500,350,344.4,,5.6,98.4,1-Jan-91,1-Jul-25
ABGP0001085,,Gas Plant Sweet,,00/03-02-050-06W5,53.28165,-114.778764,Penn West Tomahawk 04-02 GP,PEMBINA,A6JK,InPlay Oil Corp.,F11675    ,Amended,21-Jul-14,0BP8,Obsidian Energy Ltd.,B010,2-Apr-01,21-Jul-14,,510,,,,,,,,,,,,,1-Jan-91,1-Jul-25
ABGP0001086,,Gas Plant Sweet,,00/15-20-034-08W4,51.938707,-111.100663,Veteran 15-20-034-08W4 GP,PROVOST,A04N,Tamarack Valley Energy Ltd.,F4623     ,Amended,22-Aug-18,A04N,Tamarack Valley Energy Ltd.,B010,6-Mar-01,22-Aug-18,,481,481,0,0,0,0,10,0,0,,,,,1-Jan-91,1-Jul-25
ABGP0001087,,Gas Plant Sweet,,/14-36-028-05W4,,,* CRESTAR OYEN,OYEN,0E9L,ConocoPhillips Canada Energy Partnership,,,,,,,,,,,,,,,,,,,,,,,,
ABGP0001088,,Gas Plant Sweet,,00/05-35-048-04W5,53.183351,-114.485224,BONTERRA 05-35 SWEET GAS PLANT,PEMBINA,0XZ4,Bonterra Energy Corp.,F10759    ,Issued,6-Mar-01,0XZ4,Bonterra Energy Corp.,B010,6-Mar-01,,,580,,,,,,,,,,,,,1-Jan-91,1-Jul-25
ABGP0001089,,Gp Sulphur Rcvry,,02/13-06-057-08W5,53.902425,-115.187737,PADDLE RIVER 13-06-057-8W5 Gas Plant,PADDLE RIVER,A74Y,Tidewater Midstream and Infrastructure Ltd.,F23271    ,Issued,1-May-01,A74Y,Tidewater Midstream and Infrastructure Ltd.,D400,1-May-01,,"Regenerative, Acid Gas Injection","2,440.00",,,,,,,,1.5,,,,69.7,1-Jan-91,1-Feb-25
ABGP0001090,,Gas Plant Sweet,,/10-27-031-04W5,51.687771,-114.483062,* MOBIL HARMATTAN-ELKTON,HARMATTAN-ELKTON,0JT1,ExxonMobil Canada Energy,F4287     ,Issued,14-Mar-14,0057,ExxonMobil Canada Ltd.,E600,2-Mar-01,,None,952,,,,,,,,515,,,,,1-Aug-13,1-Aug-13
ABGP0001091,,Gas Plant Sweet,,02/01-18-025-17W4,51.1271,-112.35769,WINTERING HILLS 1-18-25-17w4,WINTERING HILLS,0HE9,Canadian Natural Resources Limited,F3528     ,Amended,13-Sep-01,A7NW,Torxen Energy Ltd.,B010,1-May-01,26-Aug-06,,"1,380.00",1300,,,,,100,,0,,,,,1-Jan-91,1-Jul-25
ABGP0001092,,Gas Plant Sweet,,02/08-20-030-03W5,51.582064,-114.378957,* STEEN CROSSFIELD,CROSSFIELD,A8A1,Petrostone Holdings Ltd.,F4152     ,Abandoned,31-Jul-11,0M72,Steen Resources Ltd.,B020,2-Apr-01,,,56,,,,,,,,,,,,,,
ABGP0001093,,Gas Plant Sweet,,02/09-22-039-08W5,52.372122,-115.059231,FERRIER 09-22-39-8w5,FERRIER,0HE9,Canadian Natural Resources Limited,F7422     ,Issued,6-Mar-01,0HE9,Canadian Natural Resources Limited,B010,6-Mar-01,,,255,,,,,,,,,,,,,1-Jan-91,1-Nov-22
ABGP0001094,,Gp Sulphur Rcvry,,02/06-23-030-28W4,51.581266,-113.839473,* AMOCO LONE PINE CREEK,LONE PINE CREEK,A2TG,TAQA North Ltd.,F20645    ,Amended,30-Oct-13,A2TG,TAQA North Ltd.,D440,6-Mar-01,30-Oct-13,None,610,,,,,,,,231,,,0,,,
ABGP0001095,,Gas Plant Sweet,,/04-33-031-23W4,51.694719,-113.214944,CDN 88 TWINING,GHOST PINE,A77W,Artis Exploration Ltd.,F4247     ,Issued,1-Mar-01,A77W,Artis Exploration Ltd.,B010,1-Mar-01,,,850,,,,,,,,,,,,,1-Jan-91,1-Jul-25
ABGP0001096,,Gp Acid Gas Flaring,,/01-29-043-04W5,52.7282,-114.5349,PETRO-CAN WILSON CREEK,PEMBINA,0YT7,Mancal Energy Inc.,F23642    ,Amended,25-Jun-12,0YT7,Mancal Energy Inc.,B010,1-May-01,25-Jun-12,"Regenerative, Acid Gas Sulphur Recovery, Acid Gas Flaring, Modifed claus",975,952,0,0,0,0,93,66,0,,,,85,1-Jan-91,1-Jul-25
ABGP0001097,,Gas Plant Sweet,,/08-11-031-21W4,51.639699,-112.866759,CONOCO GHOST PINE,GHOST PINE,A1GR,Pine Cliff Energy Ltd.,F4228     ,Issued,20-Mar-01,A1GR,Pine Cliff Energy Ltd.,B010,20-Mar-01,,,"3,099.00",,,,,,,,,,,,,1-Jan-91,1-Jul-25
ABGP0001098,,Gas Plant Sweet,,02/11-12-041-04W5,52.517766,-114.447676,CRESTAR GILBY N,GILBY,A8HW,Gran Tierra Canada Ltd.,F23465    ,Issued,1-May-01,A8HW,Gran Tierra Canada Ltd.,B010,1-May-01,,,125,,,,,,,,,,,,,,
ABGP0001099,,Gp Acid Gas Flaring%,,02/12-36-034-06W5,51.966006,-114.734064,* ALTANA CAROLINE,CAROLINE,0315,Altana Exploration Company,F22691    ,Amended,8-Mar-23,A2TG,TAQA North Ltd.,C311,22-Mar-01,8-Mar-23,None,260,,,,,,,,0,,,0,,,
ABGP0001100,,Gp Acid Gas Flaring%,,00/08-24-015-22W4,50.271898,-112.894509,VULCAN 8-24-15-22w4,LONG COULEE,0HE9,Canadian Natural Resources Limited,F20098    ,Abandoned,10-Jan-19,0HE9,Canadian Natural Resources Limited,D400,1-May-01,24-Nov-07,"Regenerative, Acid Gas Injection","1,564.00",1281,,,,,,78,4.9,0,,,69.7,1-Jan-91,1-Oct-15
ABGP0001101,,Gp Sulphur Rcvry,,00/06-10-061-22W5,54.259214,-117.216374,AMOCO BIGSTONE,BIGSTONE,A62D,BP Canada Energy Group ULC,F13772    ,Abandoned,25-Sep-16,0AW4,Paramount Resources Ltd.,E600,1-Mar-01,,,"1,578.00",,,,,,,,401.1,,,,,1-Jan-91,1-Aug-02
ABGP0001102,,Gas Plant Sweet,,00/09-14-028-01W5,51.396454,-114.028221,* AMOCO CROSSFIELD,CROSSFIELD EAST,A62D,BP Canada Energy Group ULC,F3859     ,Amended,26-Jan-21,A2TG,TAQA North Ltd.,D400,6-Mar-01,26-Jan-21,"Regenerative, Acid Gas Injection, Acid Gas Flaring","5,128.00",3212,0,0,0,0,63.2,581,863.82,,,0.01,98.4,,
ABGP0001103,,Gas Plant Sweet,,00/10-12-038-03W5,52.255411,-114.296425,Sylvan Lake-10-12-038-03 W5M,SYLVAN LAKE,0Z0H,Harvest Operations Corp.,F6681     ,Amended,12-Jul-04,0Z0H,Harvest Operations Corp.,B010,1-Mar-01,26-Aug-06,,113,110,,,,,11,,0,,,,,1-Jan-91,1-Jul-25
ABGP0001104,,Gp Sulphur Rcvry,,00/03-20-034-04W5,51.927892,-114.536163,AMOCO SOUTH CAROLINE,CAROLINE,A573,Tourmaline Oil Corp.,F4775     ,Amended,20-Dec-02,A573,Tourmaline Oil Corp.,D440,1-May-01,26-Aug-06,None,"1,060.00",1262,0,0,160,99,0,230,7.9,8.35,,1.48,,1-Jan-91,1-Apr-07
ABGP0001105,,Gp Sulphur Rcvry,,02/10-10-109-08W6,58.44891,-119.239683,CVE RAINBOW 10-10,RAINBOW,A5D4,Cenovus Energy Inc.,F17932    ,Amended,17-Feb-15,A5D4,Cenovus Energy Inc.,D400,2-Apr-01,17-Feb-15,"Regenerative, Acid Gas Injection","6,700.00",5342,0,4414,0,0,1100,0,254.2,,,0,98.3,1-Jan-91,1-Jul-25
ABGP0001106,,Gas Plant Sweet,,/05-19-035-22W4,52.016438,-113.14699,HUSKY ELNORA 5-19,ELNORA,A8BP,Bornite Energy Ltd.,F5106     ,Amended,10-Jan-23,A8BP,Bornite Energy Ltd.,B020,5-Mar-01,10-Jan-23,,70,,,,,,,,0,,,,,1-Jan-91,1-May-23
ABGP0001107,,Gp Sulphur Rcvry,,00/01-12-062-20W5,54.343106,-116.854058,PGI Kaybob Amalgamated,KAYBOB SOUTH,A938,Pembina Gas Infrastructure Inc.,F13874    ,Amended,8-Apr-19,A84Z,PGI Processing ULC,E600,13-Feb-01,8-Apr-19,"Regenerative, Acid Gas Injection, Acid Gas Sulphur Recovery, Acid Gas Flaring, Claus Process, Sulfreen Process","11,179.00",9062,,,307,207,2300,3324,1107.7,1090,,13.85,98.5,1-Jan-91,1-Jul-25
ABGP0001108,,Gp Sulphur Rcvry,,00/06-12-046-14W5,52.950714,-115.901825,KEYERA BRAZEAU EAST 6-12-046-14W5,BRAZEAU RIVER,A0C0,Keyera Energy Ltd.,F9989     ,Amended,17-Feb-23,A0C0,Keyera Energy Ltd.,D400,1-May-01,17-Feb-23,"Regenerative, Acid Gas Injection, Acid Gas Flaring","6,180.00",6000,,,,,600,1442,466,,,6.4,98.4,1-Jan-91,1-Jul-25
ABGP0001109,,Gp Acid Gas Flaring%,,03/12-01-030-21W4,51.541741,-112.836529,VINTAGE WEST DRUMHELLER,GHOST PINE,0BP8,Obsidian Energy Ltd.,F4109     ,Issued,5-Sep-18,A7AZ,SanLing Energy Ltd.,D400,6-Mar-01,,"Regenerative, Acid Gas Flaring",35,,,,,,,,2.99,,,,,1-Jan-91,1-Dec-05
ABGP0001110,,Gas Plant Sweet,,00/01-20-039-07W5,52.36488,-114.963414,FERRIER 01-20-039-07W5,FERRIER,0HE9,Canadian Natural Resources Limited,F7412     ,Issued,6-Mar-01,0HE9,Canadian Natural Resources Limited,B010,6-Mar-01,,,550,,,,,,,,,,,,,1-Jan-91,1-Jul-25
ABGP0001111,,Gas Plant Sweet,,/12-19-064-11W5,54.551968,-115.66015,NORTHROCK JUDY CREEK,JUDY CREEK,A662,Point Loma Resources Ltd.,F14144    ,Abandoned,29-Apr-25,A662,Point Loma Resources Ltd.,B010,21-Mar-01,26-Aug-06,,60,,,,,,,,,,,,,,
ABGP0001112,,Gp Sulphur Rcvry,,00/02-02-069-22W5,54.939468,-117.239698,STURGEON LAKE S 2-2-69-22W5,STURGEON LAKE SOUTH,0HE9,Canadian Natural Resources Limited,F14895    ,Amended,13-Apr-12,0HE9,Canadian Natural Resources Limited,E600,19-Mar-01,13-Apr-12,"Regenerative, Acid Gas Sulphur Recovery, Acid Gas Flaring, Claus Process",642,512.5,0,0,0,0,85,0,49.81,47.77,,2.04,95.9,1-Jan-91,1-Oct-20
ABGP0001113,,Gp Sulphur Rcvry,,00/09-06-063-25W5,54.421373,-117.757503,KEYERA SIMONETTE GAS PLANT 09-06,SIMONETTE,A0C0,Keyera Energy Ltd.,F14057    ,Amended,14-Aug-19,A0C0,Keyera Energy Ltd.,D400,6-Mar-01,14-Aug-19,"Regenerative, Acid Gas Flaring, VIA PIPELINE","12,678.00",8132,0,0,0,0,1000,5000,50,,,0,95.9,1-Jan-91,1-Jul-25
ABGP0001114,,Gp Acid Gas Inj,,00/04-33-017-12W4,50.4714,-111.6071,CAMPUS BANTRY,BANTRY,A8C5,Pivotal Energy Partners Inc.,F2187     ,Amended,25-Mar-10,A8C5,Pivotal Energy Partners Inc.,D400,1-May-01,25-Mar-10,"Regenerative, Acid Gas Injection",708,643.7,0,0,28.4,36.5,0,19.9,9.6,,,0,89.7,1-Jan-91,1-Jul-25
ABGP0001115,,Gp Acid Gas Flaring%,,04/12-26-059-11W5,54.130039,-115.547287,PETRO-CAN WHITECOURT,WHITECOURT,A2TG,TAQA North Ltd.,F13484    ,Amended,1-Mar-16,A2TG,TAQA North Ltd.,C300,16-Jan-01,1-Mar-16,"Regenerative, Acid Gas Flaring","1,831.00",1730,0,0,0,0,0,72.5,0.9,,,0.9,,1-Jan-91,1-Jul-25
ABGP0001116,,Gas Plant Sweet,,00/02-02-039-11W4,52.3199,-111.478525,APACHE PROVOST,PROVOST,A7BT,Karve Energy Inc.,F7121     ,Amended,15-Aug-03,A7BT,Karve Energy Inc.,B010,29-Mar-01,26-Aug-06,,800,785,0,0,0,0,14,36,0,0,,,,1-Jan-91,1-Jul-25
ABGP0001117,,Gp Acid Gas Inj,,/14-22-074-24W4,55.429926,-113.612456,DEVON MARTEN HILLS,MARTEN HILLS,0Z5F,Sequoia Resources Corp.,F15388    ,Amended,3-Oct-06,0Z5F,Sequoia Resources Corp.,C300,28-Feb-01,3-Oct-06,,990,990,,,,,,,0.1,,,0.1,,1-Jan-91,1-Mar-18
ABGP0001118,,Gas Plant Sweet,,00/11-17-034-03W5,51.920725,-114.393592,AMOCO EAST GARRINGTON,GARRINGTON,A573,Tourmaline Oil Corp.,F4748     ,Issued,5-Feb-01,A573,Tourmaline Oil Corp.,B010,5-Feb-01,,,563,,,,,,,,,,,,,1-Jan-91,1-Feb-23
ABGP0001119,,Gas Plant Sweet,,00/02-05-028-17W4,51.358167,-112.35475,WILLOW 02-05-028-17W4,CESSFORD,0HE9,Canadian Natural Resources Limited,F3785     ,Amended,10-Mar-06,0HE9,Canadian Natural Resources Limited,B010,5-Mar-01,26-Aug-06,,"1,014.31",736.24,0,0,0,0,30,0,0,,,,,1-Jan-91,1-Jul-25
ABGP0001120,,Gas Plant Sweet,,00/01-12-062-20W5,54.343106,-116.854058,* AMOCO KAYBOB S #2,KAYBOB SOUTH,A62D,BP Canada Energy Group ULC,F13874    ,Amended,8-Apr-19,A84Z,PGI Processing ULC,E600,13-Feb-01,8-Apr-19,"Regenerative, Acid Gas Injection, Acid Gas Sulphur Recovery, Acid Gas Flaring, Claus Process, Sulfreen Process","11,179.00",9062,,,307,207,2300,3324,1107.7,1090,,13.85,98.5,,
ABGP0001121,,Gp Sulphur Rcvry,,00/06-10-044-12W5,52.776014,-115.660511,KEYERA NORDEGG RIVER 6-10-044-12W5,BRAZEAU RIVER,A0C0,Keyera Energy Ltd.,F9565     ,Amended,5-Jul-21,A0C0,Keyera Energy Ltd.,D400,21-Mar-01,5-Jul-21,"Regenerative, Acid Gas Injection, TO EXISTING GAS PLANT","2,365.20",2120,,,,,85,165,9.9,,,0,89.7,1-Jan-91,1-Jul-25
ABGP0001122,,Gas Plant Sweet,,00/01-06-041-07W5,52.4969,-114.9898,CENTRAL FERRIER GP 01-06,FERRIER,A68P,Canlin Resources Partnership,F21793    ,Amended,14-Jun-07,A7M1,Canlin Energy Corporation,B010,6-Mar-01,14-Jun-07,,"3,380.00",2950,0,0,460,310,0,760,0,,,,,1-Jan-91,1-Jul-25
ABGP0001123,,Gp Acid Gas Flaring,,00/10-30-072-04W5,55.267839,-114.602862,CHEVRON MITSUE,MITSUE,A6A7,Cardinal Energy Ltd.,F15123    ,Amended,18-Oct-18,A6A7,Cardinal Energy Ltd.,C300,1-Mar-01,18-Oct-18,"Regenerative, Acid Gas Injection, Acid Gas Flaring",330,291,0,0,0,0,119,0,0.89,,,0.89,,1-Jan-91,1-Jul-25
ABGP0001124,,Gp Acid Gas Flaring%,,00/05-31-045-20W4,52.921839,-112.906816,BITTERN LK 5-31-45-20W4,BITTERN LAKE,0HE9,Canadian Natural Resources Limited,F9661     ,Abandoned,25-Mar-12,0HE9,Canadian Natural Resources Limited,C311,1-Mar-01,26-Aug-06,,14,,,,,,,,0.04,,,0,,1-Jan-91,1-Oct-02
,,,,,,,,,,,,,,,,,,,,,,,,,,,,,,,,,,
ABGP0001125,,Gas Plant Sweet,,00/15-07-064-23W5,54.528519,-117.463304,WASKAHIGAN 15-7-064-23W5,WASKAHIGAN,0HE9,Canadian Natural Resources Limited,F14212    ,Issued,27-Feb-01,0HE9,Canadian Natural Resources Limited,B010,27-Feb-01,,,"1,200.00",,,,,,,,,,,,,1-Jan-91,1-Jul-25
ABGP0001126,,Gas Plant Sweet,,/16-28-038-15W4,52.301486,-112.079461,* JORDAN PROVOST,PROVOST,A5RD,Enerplus Corporation,F6501     ,Abandoned,18-Mar-98,A2TG,TAQA North Ltd.,B010,6-Mar-01,,,113,,,,,,,,,,,,,,
ABGP0001127,,Gp Acid Gas Flaring%,,02/09-26-059-09W5,54.130278,-115.22774,GREENCOURT 09-26-059-09W5,GREENCOURT,0HE9,Canadian Natural Resources Limited,F31839    ,Amended,7-Apr-17,0HE9,Canadian Natural Resources Limited,C300,14-Jun-04,7-Apr-17,"Regenerative, Acid Gas Flaring",164,155.6,0,0,0,0,0,11.9,0.99,,,0.99,,1-Jan-91,1-Jul-25
ABGP0001128,,Gp Acid Gas Inj,,/06-33-029-24W4,,,* GULF SWALLWELL,SWALWELL,A1H9,Ember Resources Inc.,,,,,,,,,,,,,,,,,,,,,,,,
ABGP0001129,,Gp Sulphur Rcvry,,00/13-26-067-05W6,54.833551,-118.658246,GOLD CREEK 13-26-067-05W6,ELMWORTH,0HE9,Canadian Natural Resources Limited,F14703    ,Amended,1-May-25,0HE9,Canadian Natural Resources Limited,D400,6-Apr-01,1-May-25,"Regenerative, Acid Gas Injection","5,239.00",5001.3,0,0,0,0,629.7,2944,159.3,,,0,98.3,1-Jan-91,1-Jul-25
ABGP0001130,,Gp Acid Gas Flaring,,00/02-27-040-03W5,52.466879,-114.347034,CENTRAL GILBY GP 02-27,GILBY,A68P,Canlin Resources Partnership,F8219     ,Issued,16-Jan-01,A7M1,Canlin Energy Corporation,C300,16-Jan-01,,,"1,475.00",,,,,,,,0.4,,,,,1-Jan-91,1-Jul-25
ABGP0001131,,Gp Sulphur Rcvry,,03/10-13-030-07W5,51.5702,-114.8526,SHELL BURNT TIMBER,UNDEFINED,A2F0,Shell Canada Energy,F4160     ,Amended,31-Jan-08,0T03,Shell Canada Limited,E600,6-Mar-01,31-Jan-08,"Regenerative, Acid Gas Sulphur Recovery, Acid Gas Flaring, Claus Process, Superclaus Process","3,610.00",2977,,,,,,25,560,540.4,,19.6,96.5,1-Jan-91,1-Apr-16
ABGP0001132,,Gp Acid Gas Inj,,02/10-18-076-25W4,55.586253,-113.884163,MARTEN HILLS 10-18-076-25W4,MARTEN HILLS,0HE9,Canadian Natural Resources Limited,F15795    ,Amended,11-May-12,0HE9,Canadian Natural Resources Limited,C311,1-Feb-01,28-Jul-20,Nonregenerative,600,,,,,,,,0.03,,,0,,1-Jan-91,1-Jul-25
ABGP0001133,,Gp Sulphur Rcvry,,00/11-35-037-09W5,52.227921,-115.185875,KEYERA STRACHAN 11-35-037-09W5,FERRIER,A0C0,Keyera Energy Ltd.,F6206     ,Amended,14-Jun-18,A0C0,Keyera Energy Ltd.,C300,20-Mar-01,14-Jun-18,"None, Acid Gas Flaring","7,748.00",5806,,1878,,,,1383,0.9,,,0.9,,1-Jan-91,1-Jul-25
ABGP0001134,,Gp Sulphur Rcvry,,00/02-04-021-04W5,50.748559,-114.495146,CALEDONIAN MIDSTREAM QUIRK CREEK,QUIRK CREEK,A7PC,Caledonian Midstream Corporation,F3073     ,Issued,2-Mar-01,A7PC,Caledonian Midstream Corporation,E600,2-Mar-01,,"Regenerative, Acid Gas Sulphur Recovery, Claus Process, MCRC Process","2,550.00",,,,,,,,306.4,,,,98.3,1-Jan-91,1-Jul-25
ABGP0001135,,Gp Acid Gas Flaring%,,/10-17-064-13W5,54.538099,-115.923113,APACHE VIRGINIA HILL,VIRGINIA HILLS,0AW4,Paramount Resources Ltd.,F14155    ,Amended,23-Sep-14,0AW4,Paramount Resources Ltd.,D400,28-Feb-01,23-Sep-14,"Regenerative, Acid Gas Injection",250,226,,,,,12,,9.8,0,,0,89.7,1-Jan-91,1-Nov-17
ABGP0001136,,Gas Plant Sweet,,00/16-02-035-09W4,51.982683,-111.176111,APACHE PROVOST,PROVOST,A7BT,Karve Energy Inc.,F28810    ,Amended,29-Oct-18,A7BT,Karve Energy Inc.,B040,1-Apr-03,29-Oct-18,,84.5,,,,,,,,0,,,,,1-Jan-91,1-Apr-21
ABGP0001137,,Gas Plant Sweet,,00/11-31-039-26W4,52.399422,-113.738403,JOFFRE 11-31-39-26W4,JOFFRE,0HE9,Canadian Natural Resources Limited,F7251     ,Abandoned,23-Nov-04,0HE9,Canadian Natural Resources Limited,B010,1-Mar-01,,,28,,,,,,,,,,,,,,
ABGP0001138,,Gp Acid Gas Flaring%,,/06-28-051-08W5,53.43042,-115.122204,PENN WEST BIGORAY,BIGORAY,A6JK,InPlay Oil Corp.,F11936    ,Amended,17-Jul-17,0BP8,Obsidian Energy Ltd.,C300,7-Nov-00,17-Jul-17,"Regenerative, Acid Gas Flaring",140,115,0,0,0,0,25,0,0.95,,,0.95,,1-Jan-91,1-Jul-25
ABGP0001139,,Gp Sulphur Rcvry,,/05-27-029-28W4,51.508912,-113.869924,MOBIL LONE PINE CREEK,LONE PINE CREEK,0JT1,ExxonMobil Canada Energy,F4036     ,Abandoned,13-Dec-12,0057,ExxonMobil Canada Ltd.,E600,2-Mar-01,26-Aug-06,"Regenerative, Acid Gas Sulphur Recovery, Superclaus Process","1,400.00",1205,0,0,0,0,0,161,165.4,162,,3.3,98,1-Jan-91,1-Oct-12
ABGP0001140,,Gas Plant Sweet,,00/14-33-043-27W4,52.754366,-113.86455,FERRYB DUV 14-33-043-27W4 GP,FERRYBANK,A832,Ledgend Royalty Trust Ltd.,F9297     ,Issued,28-Feb-01,A832,Ledgend Royalty Trust Ltd.,B010,28-Feb-01,,,230,,,,,,,,,,,,,1-Jan-91,1-Nov-20
ABGP0001141,,Gp Sulphur Rcvry,,02/04-02-037-10W5,52.145103,-115.334668,Ram River 04-02-037-10W5,FERRIER,A74Y,Tidewater Midstream and Infrastructure Ltd.,F6207     ,Amended,21-Jan-22,A74Y,Tidewater Midstream and Infrastructure Ltd.,E600,2-Mar-01,21-Jan-22,"Regenerative, Acid Gas Sulphur Recovery, Acid Gas Flaring, Claus Process, Sulfreen Process","15,000.00",12000,,,,,,490,1999,1969,,30,98.5,1-Jan-91,1-Jul-25
ABGP0001143,,Gas Plant Sweet,,00/13-16-040-05W5,52.448631,-114.67043,PSEC LEAFLAND 13-16 GP,WILLESDEN GREEN,A6JK,InPlay Oil Corp.,F8254     ,Amended,5-Jun-23,A6JK,InPlay Oil Corp.,B010,6-Mar-01,5-Jun-23,,180.3,160,0,0,0,0,43.4,0,0,,,,,1-Jan-91,1-Jul-25
ABGP0001144,,Gp Sulphur Rcvry,,00/03-15-059-18W5,54.095859,-116.617204,PGI Kaybob South #3,KAYBOB SOUTH,A938,Pembina Gas Infrastructure Inc.,F13512    ,Amended,13-Sep-17,A84Z,PGI Processing ULC,E600,1-Mar-01,11-Apr-16,"Regenerative, Acid Gas Sulphur Recovery, Acid Gas Flaring, Claus Process, Superclaus Process","19,003.00",16564,,2442,,,2769,5350,1999,1969.01,,29.99,98.5,1-Jan-91,1-Jul-25
ABGP0001145,,Gas Plant Sweet,,00/12-23-110-07W6,58.56392,-119.06023,* IMPERIAL RAINBOW,RAINBOW,A5D4,Cenovus Energy Inc.,F18001    ,Amended,7-Jun-16,A5D4,Cenovus Energy Inc.,D450,2-Mar-01,7-Jun-16,None,278,,,,,,,,15.08,,,0,,,
ABGP0001147,,Gp Sulphur Rcvry,,00/11-18-074-12W6,55.412354,-119.835183,VERESEN HYTHE 11-18-074-12W6 GP,SINCLAIR,A938,Pembina Gas Infrastructure Inc.,F21911    ,Amended,9-Jan-24,A734,Veresen Midstream General Partner Inc.,E600,28-Feb-01,9-Jan-24,"Regenerative, Acid Gas Sulphur Recovery, Acid Gas Flaring, Claus Process, Superclaus Process, MCRC Process","10,249.00",9450,0,0,0,0,1041.8,387,427.8,420.8,,6.84,98.4,1-Jan-91,1-Jul-25
ABGP0001148,,Gas Plant Sweet,,/10-22-051-08W5,53.419702,-115.089626,SAXON BIGORAY,BIGORAY,0BP8,Obsidian Energy Ltd.,F11931    ,Issued,5-Mar-01,0BP8,Obsidian Energy Ltd.,B010,5-Mar-01,,,65,,,,,,,,,,,,,1-Jan-91,1-Jan-09
ABGP0001149,,Gas Plant Sweet,,00/06-15-048-03W5,53.1405,-114.3562,00/06-15-048-03W5 Pembina GP,PEMBINA,A97N,Sinopec Canada Energy Ltd.,F10674    ,Amended,7-Jun-07,A97N,Sinopec Canada Energy Ltd.,B010,14-Feb-01,7-Jun-07,,211,193,0.1,0,0,0,26.5,0,0,,,,,1-Jan-91,1-Jul-25
ABGP0001150,,Gp Acid Gas Flaring%,,/16-31-014-18W4,50.220798,-112.441542,CRESTAR LITTLE BOW,LITTLE BOW,A7XK,Blue Sky Resources Ltd.,F1479     ,Amended,27-Oct-16,A7XK,Blue Sky Resources Ltd.,C300,30-Jan-01,27-Oct-16,"Regenerative, Acid Gas Flaring",520,515.84,,,,,,16,0.99,,,0.99,,1-Jan-91,1-Jul-25
ABGP0001151,,Gas Plant Sweet,,/02-01-027-21W4,51.272524,-112.826944,RENAISSANCE HUSSAR 2-1,HUSSAR,0HE9,Canadian Natural Resources Limited,F3727     ,Amended,19-Mar-04,A7NW,Torxen Energy Ltd.,B010,29-Mar-01,26-Aug-06,,425,412,,,,,19.1,,0,,,,,1-Jan-91,1-Sep-03
ABGP0001152,,Gas Plant Sweet,,/09-06-063-25W5,54.423254,-117.760239,ENCAL SIMONETTE,SIMONETTE,A8FY,Spoke Resources Ltd.,F14051    ,Issued,1-Mar-01,A8FY,Spoke Resources Ltd.,B010,1-Mar-01,,,90,,,,,,,,,,,,,1-Jan-91,1-Jun-03
ABGP0001153,,Gas Plant Sweet,,00/02-01-044-28W4,52.756035,-113.930312,FERRYBANK 02-01 GAS PLANT,FERRYBANK,A573,Tourmaline Oil Corp.,F9522     ,Amended,21-Jul-05,A573,Tourmaline Oil Corp.,B010,6-Mar-01,26-Aug-06,,"1,000.00",955,,,,,128,,0,,,,,1-Jan-91,1-Jul-25
ABGP0001154,,Gas Plant Sweet,,/10-03-038-02W5,,,* ENCAL SYLVAN LAKE,SYLVAN LAKE,A2TG,TAQA North Ltd.,,,,,,,,,,,,,,,,,,,,,,,,
ABGP0001155,,Gp Sulphur Rcvry,,/10-10-110-06W6,58.537638,-118.903005,MOBIL RAINBOW,RAINBOW,A5D4,Cenovus Energy Inc.,F17980    ,Abandoned,8-Apr-19,A5D4,Cenovus Energy Inc.,D400,2-Mar-01,,"Regenerative, Acid Gas Injection, Acid Gas Flaring","1,700.00",,,,,,,,20.1,,,,95.9,1-Jan-91,1-Apr-12
ABGP0001156,,Gp Acid Gas Flaring,,/05-05-040-03W5,52.412008,-114.406593,PETRO-CAN MEDICINE RIVER,MEDICINE RIVER,A1GR,Pine Cliff Energy Ltd.,F8198     ,Amended,26-Mar-08,A8HW,Gran Tierra Canada Ltd.,C300,6-Mar-01,26-Mar-08,"Regenerative, Acid Gas Flaring","1,809.00",1700,,,,,133,72,0.2,,,0.2,,1-Jan-91,1-Oct-12
ABGP0001157,,Gas Plant Sweet,,/11-30-075-04W6,55.528291,-118.610762,PENN WEST WOKING,WOKING,A6D7,Kelt Exploration Ltd.,F15558    ,Abandoned,14-Aug-25,A6D7,Kelt Exploration Ltd.,B010,28-Feb-01,,,160,,,,,,,,,,,,,,
ABGP0001158,,Gas Plant Sweet,,00/09-25-048-07W5,53.174116,-114.883648,PENNWEST PEMBINA (SUB #1),PEMBINA,A8K9,Ricochet Oil Corp.,F22272    ,Amended,15-Jan-24,A8K9,Ricochet Oil Corp.,B010,6-Mar-01,15-Jan-24,Nonregenerative,225,202,0,0,0,0,80,0.1,0,,,,,1-Jan-91,1-Jul-25
ABGP0001159,,Gas Plant Sweet,,00/10-15-047-07W5,53.056048,-114.937357,BONTERRA 10-15 SWEET GAS PLANT STN 2,PEMBINA,0XZ4,Bonterra Energy Corp.,F10296    ,Issued,2-Apr-01,0XZ4,Bonterra Energy Corp.,B010,2-Apr-01,,,453,,,,,,,,,,,,,1-Jan-91,1-Jul-25
ABGP0001160,,Gas Plant Sweet,,02/09-16-049-08W5,53.230677,-115.101741,* MOBIL PEMBINA,PEMBINA,A8K9,Ricochet Oil Corp.,F11364    ,Amended,14-Apr-25,A8K9,Ricochet Oil Corp.,C300,2-Mar-01,14-Apr-25,"Regenerative, Acid Gas Flaring",283,283,,,,,75,,0,,,0,,,
ABGP0001161,,Gp Acid Gas Flaring,,/09-16-049-08W5,53.230677,-115.101741,MOBIL PEMBINA,PEMBINA,A8K9,Ricochet Oil Corp.,F11364    ,Amended,14-Apr-25,A8K9,Ricochet Oil Corp.,C300,2-Mar-01,14-Apr-25,"Regenerative, Acid Gas Flaring",283,283,,,,,75,,0,,,0,,1-Jan-91,1-Jul-25
ABGP0001162,,Gas Plant Sweet,,/07-02-048-08W5,53.110615,-115.059028,* AMOCO PEMB (SUB #5),PEMBINA,A62D,BP Canada Energy Group ULC,F10891    ,RecExempt,22-Apr-20,0G30,ARC Resources Ltd.,B010,2-Apr-01,,,197,,,,,,,,,,,,,,
ABGP0001163,,Gas Plant Sweet,,02/11-24-079-11W6,55.862868,-119.585863,SPECTRA GORDONDALE WEST GAS PLANT,GORDONDALE,A1KN,NorthRiver Midstream Inc.,F21171    ,Amended,11-Aug-25,A1KN,NorthRiver Midstream Inc.,D400,1-Mar-01,11-Aug-25,"Regenerative, BLENDING PL TO GORD EAST","4,530.70",4071.96,0,0,0,0,492,172.8,42.39,,,0,,1-Jan-91,1-Feb-23
ABGP0001164,,Gas Plant Sweet,,/04-34-047-09W5,53.092094,-115.24395,AMOCO PEMBINA (SUB #7),PEMBINA,A6JK,InPlay Oil Corp.,F22260    ,Amended,16-Sep-22,0BP8,Obsidian Energy Ltd.,C300,6-Mar-01,16-Sep-22,Nonregenerative,353,339,0,0,0,0,77.8,0,0.01,,,0,,1-Jan-91,1-Jul-25
ABGP0001165,,Gas Plant Sweet,,00/05-05-049-09W5,53.196244,-115.293648,AMOCO PEMBINA (SUB #8),PEMBINA,A6JK,InPlay Oil Corp.,F11394    ,Amended,4-Jul-25,0BP8,Obsidian Energy Ltd.,C300,2-Apr-01,4-Jul-25,Nonregenerative,310,122,0,0,0,0,226,0,0.03,0,,0,,1-Jan-91,1-Jul-25
ABGP0001166,,Gas Plant Sweet,,02/04-20-096-03W6,57.338398,-118.455526,ATCO MIDSTREAM 4-20,CRANBERRY,0Z2W,ATCO Next Energy Ltd.,F17678    ,Abandoned,28-Apr-17,0Z2W,ATCO Next Energy Ltd.,B010,1-Mar-01,,,442.3,,,,,,,,,,,,,1-Jan-91,1-Mar-17
ABGP0001167,,Gas Plant Sweet,,/06-17-034-24W4,51.915092,-113.373703,CRESTAR HUXLEY,HUXLEY,A1GR,Pine Cliff Energy Ltd.,F4710     ,Amended,25-Oct-10,A1GR,Pine Cliff Energy Ltd.,B010,28-Feb-01,25-Oct-10,,845,820,0,0,0,0,103.5,1,0,,,,,1-Jan-91,1-Jul-25
ABGP0001168,,Gas Plant Sweet,,00/07-09-030-11W4,51.552798,-111.491249,Heathdale 7-9-30-11W4 Stanmore,STANMORE,0HE9,Canadian Natural Resources Limited,F4075     ,Issued,2-Mar-01,0HE9,Canadian Natural Resources Limited,B010,2-Mar-01,,None,280,,,,,,,,,,,,,1-Jan-91,1-Jul-25
ABGP0001169,,Gas Plant Sweet,,00/15-03-081-04W6,55.996199,-118.529115,DUNVEGAN 15-3-81-4w6,DUNVEGAN,0HE9,Canadian Natural Resources Limited,F16714    ,Amended,2-Oct-06,0HE9,Canadian Natural Resources Limited,D400,28-Feb-01,23-Feb-08,"Regenerative, Acid Gas Injection","6,762.00",6492.7,0,986,0,0,493,339,9.9,,,0,89.7,1-Jan-91,1-Jul-25
ABGP0001170,,Gp Sulphur Rcvry,,00/15-17-039-26W4,52.359231,-113.706377,* NAL RESOURCES JOFFRE,JOFFRE,A5BE,Whitecap Resources Inc.,F7234     ,Abandoned,17-May-03,A7P1,DEL Canada GP Ltd.,D400,28-Feb-01,,,160,,,,,,,,0,,,,,,
,,,,,,,,,,,,,,,,,,,,,,,,,,,,,,,,,,
ABGP0001171,,Gas Plant Sweet,,00/04-08-031-18W4,51.63583,-112.531879,MICHICHI 4-8-31-18W4,MICHICHI,0HE9,Canadian Natural Resources Limited,F4215     ,Amended,24-Oct-07,0HE9,Canadian Natural Resources Limited,B010,6-Mar-01,24-Oct-07,,250,234,0,0,0,0,9,0,0,,,,,1-Jan-91,1-Feb-25
ABGP0001172,,Gas Plant Sweet,,/10-08-037-23W4,52.166606,-113.25207,STAR MIKWAN,MIKWAN,0RZ4,Sun Century Petroleum Corporation,F6078     ,Amended,7-May-09,0RZ4,Sun Century Petroleum Corporation,B010,6-Mar-01,7-May-09,,205,190,0,0,0,0,30,0,0,,,,,1-Jan-91,1-Jul-25
ABGP0001173,,Gas Plant Sweet,,02/11-30-035-08W5,52.037118,-115.135025,KEYERA RICINUS GAS PLANT 11-30,RICINUS,A0C0,Keyera Energy Ltd.,F5187     ,Issued,1-Mar-01,A0C0,Keyera Energy Ltd.,B010,1-Mar-01,,,"6,229.00",,,,,,,,,,,,,1-Jan-91,1-Nov-21
ABGP0001174,,Gp Acid Gas Flaring,,02/10-20-018-15W4,50.537472,-112.029222,COUNTESS-2 10-20-18-15w4,COUNTESS,0HE9,Canadian Natural Resources Limited,F2380     ,Amended,19-Oct-06,A7NW,Torxen Energy Ltd.,C300,6-Mar-01,19-Oct-06,"Regenerative, Acid Gas Flaring",359,335,,,,,20,20,0.97,,,0.97,,1-Jan-91,1-Jul-25
ABGP0001175,,Gas Plant Sweet,,00/03-06-047-15W4,53.020069,-112.188588,ARCHER BRUCE,BRUCE,0Z5F,Sequoia Resources Corp.,F10121    ,Amended,6-Sep-01,0Z5F,Sequoia Resources Corp.,B010,21-Dec-00,26-Aug-06,,620,,,,,,,,0,,,,,1-Jan-91,1-Mar-18
ABGP0001176,,Gas Plant Sweet,,00/10-24-026-23W4,51.236221,-113.083837,BONAVISTA ROCKYFORD,ROCKYFORD,0026,Ovintiv Canada ULC,F3634     ,Issued,1-Mar-01,A7AG,Lynx Energy ULC,B010,1-Mar-01,,None,177.53,,,,,,,,,,,,,1-Jan-91,1-Nov-11
ABGP0001177,,Gas Plant Sweet,,00/10-05-022-18W4,50.843375,-112.46047,BASSANO 10-5-22-18w4,COUNTESS,0HE9,Canadian Natural Resources Limited,F23263    ,Amended,6-Sep-01,A7NW,Torxen Energy Ltd.,B010,1-May-01,26-Aug-06,,"1,550.00",1450,0,0,0,0,35,5,0,0,,,,1-Jan-91,1-Jul-25
ABGP0001178,,Gas Plant Sweet,,00/05-01-029-12W4,51.450872,-111.575417,STANMORE 5-1-29-12W4,STANMORE,0HE9,Canadian Natural Resources Limited,F3888     ,Amended,17-Oct-07,0HE9,Canadian Natural Resources Limited,B010,5-Dec-00,17-Oct-07,None,300,281,0,0,0,0,0,1.9,0,,,,,1-Jan-91,1-Oct-18
ABGP0001179,,Gp Acid Gas Flaring%,,00/13-14-044-17W4,52.798436,-112.371638,STROME 13-14-44-17W4,HOLMBERG,0HE9,Canadian Natural Resources Limited,F9443     ,Abandoned,17-Nov-13,0HE9,Canadian Natural Resources Limited,C300,30-Jan-01,24-Nov-07,"Regenerative, Acid Gas Flaring",450,416.2,,,,,,2,0.61,,,0.61,,1-Jan-91,1-Feb-10
ABGP0001180,,Gas Plant Sweet,,/16-26-029-04W4,51.516302,-110.45356,BONAVISTA OYEN,OYEN,A0A7,NuVista Energy Ltd.,F3880     ,Issued,1-Mar-01,A0A7,NuVista Energy Ltd.,B010,1-Mar-01,,,70.45,,,,,,,,,,,,,1-Jan-91,1-May-01
ABGP0001181,,Gas Plant Sweet,,00/10-30-036-27W4,52.12413,-113.844991,10-30-036-27W4 Penhold Gas Plant,PENHOLD,A2TG,TAQA North Ltd.,F5640     ,Amended,6-Aug-25,A2TG,TAQA North Ltd.,B040,5-Mar-01,6-Aug-25,,20,,,,,,,,0,,,,,1-Jan-91,1-Jul-25
ABGP0001182,,Gas Plant Sweet,,00/08-25-031-14W4,51.68529,-111.85075,HANNA 08-25-031-14W4,HANNA,0HE9,Canadian Natural Resources Limited,F4192     ,Issued,2-Mar-01,0HE9,Canadian Natural Resources Limited,B010,2-Mar-01,,None,510,,,,,,,,,,,,,1-Jan-91,1-Sep-19
ABGP0001183,,Gas Plant Sweet,,00/06-10-023-14W4,50.940997,-111.880412,* SCEPTRE MATZIWIN,MATZIWIN,0HE9,Canadian Natural Resources Limited,F20413    ,Amended,18-Jan-18,0HE9,Canadian Natural Resources Limited,B010,9-Mar-01,18-Jan-18,,541,503.5,0,0,0,0,0,3.9,0,,,,,,
ABGP0001184,,Gas Plant Sweet,,00/09-10-074-11W6,55.396161,-119.590303,KNOPCIK 9-10-74-11W6,WEMBLEY,0HE9,Canadian Natural Resources Limited,F15494    ,Amended,31-May-24,0HE9,Canadian Natural Resources Limited,D400,15-Feb-01,31-May-24,"Regenerative, Acid Gas Injection","2,832.00",2708.94,,,300,250,,450,162.76,,,0,99,1-Jan-91,1-Jul-25
ABGP0001185,,Gas Plant Sweet,,00/12-10-031-24W4,51.643372,-113.332565,MARATHON BATTLE CR TWINING,TWINING,A1H9,Ember Resources Inc.,F4248     ,Amended,1-Jun-21,A1H9,Ember Resources Inc.,B010,5-Mar-01,1-Jun-21,,500,316.8,43200,0,0,0,85,0,0,,,,,1-Jan-92,1-Jul-25
ABGP0001186,,Gas Plant Sweet,,00/16-19-038-01W5,52.286359,-114.121083,STAR SYLVAN LAKE,SYLVAN LAKE,A8HW,Gran Tierra Canada Ltd.,F6664     ,Amended,3-Nov-06,A8HW,Gran Tierra Canada Ltd.,C300,6-Mar-01,3-Nov-06,,197,193,,,,,25,1,0.07,,,0,,1-Jan-91,1-Aug-12
ABGP0001187,,Gas Plant Sweet,,00/04-03-028-03W4,51.360605,-110.354784,BONAVISTA SIBBALD,SIBBALD,A0A7,NuVista Energy Ltd.,F3759     ,Abandoned,15-Jul-05,A0A7,NuVista Energy Ltd.,B040,1-May-01,,None,0,,,,,,,,,,,,,,
ABGP0001188,,Gas Plant Sweet,,/13-26-061-08W5,,,* NORCEN CORBETT,CORBETT,0HE9,Canadian Natural Resources Limited,,,,,,,,,,,,,,,,,,,,,,,,
ABGP0001189,,Gas Plant Sweet,,/13-25-037-03W5,50.12803,-114.18664,STORM SYLVAN LAKE,SYLVAN LAKE,A5BE,Whitecap Resources Inc.,F6145     ,Abandoned,8-May-23,A5BE,Whitecap Resources Inc.,B010,6-Mar-01,26-Aug-06,,"1,090.00",1000,0,175,0,0,0,0,0,,,,,1-Jan-91,1-Oct-11
ABGP0001190,,Gas Plant Sweet,,/04-36-047-04W5,,,* TALISMAN PEMBINA,PEMBINA,0039,Repsol Oil & Gas Canada Inc.,,,,,,,,,,,,,,,,,,,,,,,,
ABGP0001191,,Gp Acid Gas Inj,,00/12-19-012-18W4,50.011485,-112.461268,BARREL TURIN 12-19-12-18W4,RETLAW,A854,Barrel Oil Corp.,F911      ,Amended,30-Apr-10,A854,Barrel Oil Corp.,D400,12-Feb-01,30-Apr-10,"Regenerative, Acid Gas Injection","1,552.00",1434.4,0,0,0,0,68.4,17,4.64,,,0,69.7,1-Jan-91,1-Jul-25
ABGP0001192,,Gp Acid Gas Flaring,,00/01-08-070-10W5,55.041336,-115.479463,SWAN HILLS,SWAN HILLS,A6A7,Cardinal Energy Ltd.,F14994    ,Amended,28-Apr-15,A6A7,Cardinal Energy Ltd.,C300,28-Feb-01,28-Apr-15,"Regenerative, Acid Gas Flaring",170,136.75,,,,,151,,0.99,,,0.99,,1-Jan-91,1-Jul-25
ABGP0001193,,Gas Plant Sweet,,/15-11-043-09W4,52.696072,-111.198288,PENN WEST KILLAM,KILLAM,A7BY,Cleo Energy Corp.,F9229     ,Abandoned,14-May-24,A7BY,Cleo Energy Corp.,B010,14-Mar-01,,,326,,,,,,,,,,,,,1-Jan-91,1-Jan-14
ABGP0001194,,Gp Acid Gas Flaring,,/02-16-042-12W4,52.609978,-111.670773,PENN WEST SEDGEWICK,SEDGEWICK,A7BY,Cleo Energy Corp.,F8934     ,Abandoned,11-Mar-21,A7BY,Cleo Energy Corp.,C300,6-Mar-01,27-Dec-06,,40,30,0,0,0,0,0,0,0.01,,,0.01,,1-Jan-91,1-Mar-14
ABGP0001195,,Gas Plant Sweet,,00/07-05-026-12W4,51.188721,-111.640045,LARIO CESSFORD,CESSFORD,A5D4,Cenovus Energy Inc.,F22012    ,Abandoned,11-Aug-13,0HE9,Canadian Natural Resources Limited,C300,2-Mar-01,18-Jul-07,Nonregenerative,128.3,125.5,0,0,0,0,0,0,0.02,,,0,,1-Jan-91,1-Dec-10
ABGP0001196,,Gas Plant Sweet,,00/15-20-056-23W4,53.86006,-113.381608,NUL FAIRYDELL-BON ACCORD,FAIRYDELL-BON ACCORD,0Z6J,ATCO Pipelines (North TN8263923),F32737    ,Abandoned,23-Nov-16,0144,ATCO Gas And Pipelines Ltd.,B010,3-Dec-04,26-Aug-06,,510,508,0,7.1,0,0,0,0,0,0,,,,1-Jan-91,1-Aug-07
ABGP0001197,,Gas Plant Sweet,,/04-16-033-07W4,51.826215,-110.947983,NCE PETROFUND PROVOST,PROVOST,0BP8,Obsidian Energy Ltd.,F4467     ,Abandoned,29-Jul-24,0BP8,Obsidian Energy Ltd.,B010,2-Mar-01,,None,115,,,,,,,,,,,,,1-Jan-91,1-May-13
ABGP0001198,,Gp Acid Gas Flaring,,00/06-30-015-21W4,50.286766,-112.882934,MERIT LONG COULEE,LONG COULEE,A7AZ,SanLing Energy Ltd.,F1773     ,Abandoned,14-Dec-06,A7AZ,SanLing Energy Ltd.,C300,1-May-01,,None,375,,,,,,,,0.99,,,,,1-Jan-91,1-Oct-00
ABGP0001199,,Gas Plant Sweet,,/01-01-060-11W5,,,* NORCEN WHITECOURT,WHITECOURT,0HE9,Canadian Natural Resources Limited,,,,,,,,,,,,,,,,,,,,,,,,
ABGP0001200,,Gp Acid Gas Inj,,00/16-19-077-10W6,55.693072,-119.528976,* AMOCO BRAEBURN,POUCE COUPE SOUTH,0HE9,Canadian Natural Resources Limited,F33179    ,Amended,16-Sep-09,0HE9,Canadian Natural Resources Limited,D440,7-Feb-05,16-Sep-09,None,600,,,,,,,,25.98,,,0,,,
ABGP0001201,,Gas Plant Sweet,,/07-34-054-14W5,53.707267,-115.974855,AEC MCLEOD,MCLEOD,A6FW,Vermilion Energy Inc.,F12452    ,Amended,6-Mar-09,A6FW,Vermilion Energy Inc.,B010,27-Nov-00,6-Mar-09,,800,760,0,0,0,0,250,250,0,,,,,1-Jan-91,1-Jul-25
ABGP0001202,,Gp Acid Gas Flaring%,,00/15-13-086-13W6,56.462018,-119.909404,KELT BOUNDARY LAKE SOUTH,BOUNDARY LAKE SOUTH,A6D7,Kelt Exploration Ltd.,F17137    ,Abandoned,13-Aug-25,A6D7,Kelt Exploration Ltd.,C300,6-Mar-01,14-Dec-16,"Regenerative, Acid Gas Flaring",97.5,91.41,0,0,0,0,0,0.1,0.99,,,0.99,,1-Jan-91,1-Aug-24
ABGP0001203,,Gas Plant Sweet,,00/11-20-035-17W4,52.022235,-112.404079,HACKETT 11-20-35-17w4,LEO,0HE9,Canadian Natural Resources Limited,F5068     ,Amended,26-Apr-10,0HE9,Canadian Natural Resources Limited,B010,2-Mar-01,26-Apr-10,None,120,110,0,0,0,0,5,0,0,,,,,1-Jan-91,1-Oct-18
ABGP0001204,,Gp Acid Gas Flaring%,,/01-17-042-13W4,52.61072,-111.83219,ALTAGAS KILLAM,KILLAM,A0TK,AltaGas Ltd.,F8941     ,Abandoned,5-Feb-07,A0TK,AltaGas Ltd.,C300,28-Feb-01,,,109,,,,,,,,0.9,,,,,,
ABGP0001205,,Gas Plant Sweet,,/11-20-039-23W4,,,* LANDBANK ALIX,ALIX,0AD3,Landbank Minerals Ltd,,,,,,,,,,,,,,,,,,,,,,,,
ABGP0001206,,Gp Sulphur Rcvry,,/16-33-054-15W5,53.713761,-116.142284,SUNCOR ROSEVEAR,ROSEVEAR,A573,Tourmaline Oil Corp.,F12457    ,Amended,20-Jun-02,A573,Tourmaline Oil Corp.,D440,6-Mar-01,26-Aug-06,None,"1,042.00",874,0,0,0,0,0,45,115.8,109.5,,6.3,,1-Jan-91,1-Oct-02
ABGP0001207,,Gas Plant Sweet,,00/06-21-040-02W5,52.456048,-114.232746,BEAU GILBY,GILBY,0063,Murphy Oil Company Ltd.,F8188     ,Abandoned,1-Aug-05,A2PH,Journey Energy Inc.,B010,5-Mar-01,,,59,,,,,,,,,,,,,1-Jan-91,1-Dec-01
ABGP0001209,,Gas Plant Sweet,,/07-13-030-02W5,,,* LOCHFAYNE CARSTAIRS,CROSSFIELD,0ED9,Two Forty Engineering Ltd.,,,,,,,,,,,,,,,,,,,,,,,,
ABGP0001210,,Gas Plant Sweet,,/16-05-035-26W4,51.981199,-113.674375,DEVON WIMBORNE,WIMBORNE,A7PA,Vantage Point Resources Inc.,F5113     ,Abandoned,15-Dec-23,A7PA,Vantage Point Resources Inc.,B010,28-Feb-01,,None,28,,,,,,,,,,,,,1-Jan-91,1-Aug-12
ABGP0001211,,Gas Plant Sweet,,/12-23-043-11W4,52.722154,-111.500726,ARCHER KILLAM,KILLAM,0Z5F,Sequoia Resources Corp.,F9230     ,Amended,3-Apr-03,0Z5F,Sequoia Resources Corp.,B010,1-Mar-01,26-Aug-06,,169.9,169.7,,,,,,3,,,,,,1-Jan-91,1-Mar-18
ABGP0001212,,Gas Plant Sweet,,/11-09-044-24W4,,,* LINDSTROM SAMSON,SAMSON,0R49,Lindstrom Resources Limited,,,,,,,,,,,,,,,,,,,,,,,,
ABGP0001213,,Gas Plant Sweet,,02/05-15-033-13W4,51.82943,-111.77541,GARDEN PLAINS 5-15-33-13 GP,GARDEN PLAINS,0RL9,Baytex Energy Ltd.,F34864    ,Amended,28-Nov-05,0RL9,Baytex Energy Ltd.,B010,11-Oct-05,26-Aug-06,,282.1,281.8,0,0,0,0,0,6,0,,,,,1-Jun-12,1-Oct-20
ABGP0001214,,Gas Plant Sweet,,/15-22-048-02W5,53.161409,-114.205169,poco PEMBINA,PEMBINA,A632,Petrus Resources Corp.,F10657    ,Issued,1-Mar-01,A632,Petrus Resources Corp.,B010,1-Mar-01,,,147.3,,,,,,,,,,,,,1-Jan-91,1-Jul-25
ABGP0001215,,Gp Acid Gas Flaring,,02/16-21-022-25W4,50.890833,-113.401111,PERSIST CARSELAND 16-21 GAS PLANT,ENTICE,A84G,Persist Oil And Gas Inc.,F3246     ,Amended,12-Jul-06,A84G,Persist Oil And Gas Inc.,B010,6-Mar-01,26-Aug-06,None,402.5,392.2,0,0,0,0,0,1.3,0,,,,,1-Jan-91,1-Jul-25
,,,,,,,,,,,,,,,,,,,,,,,,,,,,,,,,,,
ABGP0001216,,Gas Plant Sweet,,00/09-16-057-03W5,53.93098,-114.37446,CONOCO MAJEAU LAKE,MAJEAU,A517,Long Run Exploration Ltd.,F13263    ,Issued,1-Mar-01,A517,Long Run Exploration Ltd.,B010,1-Mar-01,,,282,,,,,,,,,,,,,1-Jan-91,1-Jul-25
ABGP0001217,,Gas Plant Sweet,,/11-10-056-11W5,53.826448,-115.552941,CRESTAR LEAMAN,LEAMAN,A5D4,Cenovus Energy Inc.,F22719    ,Issued,23-Mar-01,A5D4,Cenovus Energy Inc.,B010,23-Mar-01,,,340,,,,,,,,,,,,,1-Jan-91,1-Jan-15
ABGP0001218,,Gas Plant Sweet,,/11-29-030-09W4,51.600751,-111.240015,COASTAL SOUNDING,SOUNDING,0PR1,Coastal Resources Limited,F4071     ,Amended,11-Sep-08,0PR1,Coastal Resources Limited,B010,1-Mar-01,11-Sep-08,,423,421.38,0,0,0,0,7.5,0,0,,,,,1-Jan-91,1-Oct-18
ABGP0001219,,Gp Sulphur Rcvry,,/13-12-116-06W6,59.064186,-118.878698,APACHE ZAMA,ZAMA,0026,Ovintiv Canada ULC,F18369    ,Abandoned,28-Jun-22,0026,Ovintiv Canada ULC,E600,7-Feb-01,24-Nov-07,"Regenerative, Acid Gas Sulphur Recovery, Claus Process","1,050.00",887.1,0,0,0,0,88.1,156,80.3,73.8,,6.42,92,1-Jan-91,1-Feb-11
ABGP0001220,,Gas Plant Sweet,,00/12-07-041-22W4,52.515347,-113.168798,APACHE NEVIS,NEVIS,A1H9,Ember Resources Inc.,F23559    ,Amended,8-Nov-22,A1H9,Ember Resources Inc.,B020,1-May-01,8-Nov-22,,340,,,,,,,,0,,,,,1-Jan-91,1-Jul-25
ABGP0001221,,Gas Plant Sweet,,00/06-19-039-19W4,52.367029,-112.731124,LEAHURST 06-19-039-19W4 GP,LEAHURST,0RL9,Baytex Energy Ltd.,F7161     ,Issued,1-Mar-01,0RL9,Baytex Energy Ltd.,B010,1-Mar-01,,,563.5,,,,,,,,,,,,,1-Jan-91,1-Aug-18
ABGP0001222,,Gas Plant Sweet,,00/07-16-062-08W6,54.361084,-119.133308,CUTBANK 7-16-62-8W6,KAKWA,A938,Pembina Gas Infrastructure Inc.,F13915    ,Amended,24-Jun-02,A5A3,Pembina Gas Services Ltd.,B010,6-Mar-01,26-Aug-06,,"3,110.00",3101,0,0,0,0,413.6,0,0,0,,,,1-Jan-91,1-Jul-25
ABGP0001223,,Gas Plant Sweet,,00/06-34-051-23W4,53.444755,-113.310448,* JAYCOR HERCULES,HERCULES,0HC4,Jaycor Resources Inc.,F37885    ,Amended,25-Sep-08,0HC4,Jaycor Resources Inc.,B010,22-Feb-07,25-Sep-08,,42.48,39.64,0,0,0,0,0.1,0,0,,,,,1-Jul-08,1-Feb-18
ABGP0001224,,Gas Plant Sweet,,/06-16-038-04W5,52.265332,-114.516843,CRESTAR MED RIVER,MEDICINE RIVER,A5D4,Cenovus Energy Inc.,F6714     ,Amended,5-Aug-10,A5D4,Cenovus Energy Inc.,B010,28-Feb-01,5-Aug-10,,200,195,0,0,0,0,12,0,0,,,,,1-Jan-91,1-Dec-19
ABGP0001225,,Gas Plant Sweet,,/08-24-063-10W5,54.461507,-115.363398,TRI SEVEN JUDY CREEK,JUDY CREEK,A96L,Allied Energy II Corp.,F13962    ,Amended,29-Apr-22,A96L,Allied Energy II Corp.,B010,6-Mar-01,29-Apr-22,,242,226,0,0,0,0,100,0,0,,,,,1-Jan-91,1-Jul-25
ABGP0001226,,Gas Plant Sweet,,00/11-35-034-27W4,51.96333,-113.72722,HUSKY DAVEY LAKE 13-35,DAVEY,A7PA,Vantage Point Resources Inc.,F4718     ,Amended,4-Jul-07,A7PA,Vantage Point Resources Inc.,B010,19-Mar-01,4-Jul-07,None,268,262,0,0,0,0,2.8,0,0,,,,,1-Jan-91,1-Jul-25
ABGP0001227,,Gas Plant Sweet,,/10-08-041-01W5,52.515958,-114.10394,OPAL GILBY,GILBY,A5BE,Whitecap Resources Inc.,F8775     ,Abandoned,6-Sep-17,A1GR,Pine Cliff Energy Ltd.,B010,2-Mar-01,14-Jun-07,,241,226,0,0,0,0,14.8,5.1,0,,,,,1-Jan-91,1-Jan-16
ABGP0001228,,Gas Plant Sweet,,00/16-21-033-01W5,51.851381,-114.07576,HUSKY GARRINGTON 16-21,GARRINGTON,0PG9,Response Energy Corporation,F4510     ,Amended,11-Aug-15,0PG9,Response Energy Corporation,B010,26-Mar-01,11-Aug-15,,60,56,0,0,0,0,3,0,0,,,,,1-Jan-91,1-May-24
ABGP0001229,,Gas Plant Sweet,,00/14-29-074-25W4,55.444696,-113.817513,DEVON MARTEN HILLS,MARTEN HILLS,0Z5F,Sequoia Resources Corp.,F15390    ,Amended,24-Jun-03,0Z5F,Sequoia Resources Corp.,B020,28-Feb-01,26-Aug-06,,453,440,,,,,,,,,,,,1-Jan-91,1-Jun-04
ABGP0001230,,Gas Plant Sweet,,/08-10-042-22W4,52.599096,-113.079097,ENERMARK BASHAW,BASHAW,A1H9,Ember Resources Inc.,F8986     ,Amended,29-Jun-04,A1H9,Ember Resources Inc.,B010,2-Mar-01,26-Aug-06,,194,182,0,0,0,0,0,1,0,0,,,,1-Jan-91,1-Nov-16
ABGP0001231,,Gas Plant Sweet,,/13-05-034-03W5,51.895238,-114.400289,APACHE GARRINGTON,GARRINGTON,A573,Tourmaline Oil Corp.,F4736     ,Issued,28-Feb-01,A573,Tourmaline Oil Corp.,B010,28-Feb-01,,,563,,,,,,,,,,,,,1-Jan-91,1-Jul-25
ABGP0001232,,Gp Acid Gas Flaring,,00/13-17-040-09W4,52.447377,-111.273404,APACHE PROVOST,PROVOST,A7BT,Karve Energy Inc.,F7854     ,Amended,26-Nov-04,A7WF,Battle River Energy Ltd.,B010,29-Mar-01,26-Aug-06,,350,340,,,,,,1,0,,,,,1-Jan-91,1-Oct-09
ABGP0001233,,Gas Plant Sweet,,00/06-31-032-24W4,51.785571,-113.397911,TWINING N 6-31-32-24w4,TWINING,A1GR,Pine Cliff Energy Ltd.,F4376     ,Issued,5-Mar-01,A1GR,Pine Cliff Energy Ltd.,B010,5-Mar-01,,None,282,,,,,,,,,,,,,1-Jan-91,1-Jul-25
ABGP0001234,,Gas Plant Sweet,,00/01-13-030-05W4,51.561595,-110.567852,BONAVISTA SEDALIA,SEDALIA,A573,Tourmaline Oil Corp.,F21149    ,Amended,18-Jan-10,A0A7,NuVista Energy Ltd.,B020,1-Mar-01,18-Jan-10,,197,,,,,,,,0,,,,,1-Jan-91,1-Aug-00
ABGP0001235,,Gas Plant Sweet,,00/14-35-029-24W4,51.530561,-113.277847,* ENRON SWALWELL,SWALWELL,0HE9,Canadian Natural Resources Limited,F4023     ,Amended,1-Jun-21,A1H9,Ember Resources Inc.,B010,5-Mar-01,1-Jun-21,None,350,167.2,22800.2,0,0,0,2.8,0,0,,,,,,
ABGP0001236,,Gas Plant Sweet,,00/06-03-029-23W4,51.450889,-113.161004,* BUMPER CARBON,WAYNE-ROSEDALE,0M13,Bumper Development Corporation Ltd.,F4002     ,Issued,5-Mar-01,A7AG,Lynx Energy ULC,B040,5-Mar-01,,Regenerative,100,,,,,,,,,,,,,,
ABGP0001237,,Gas Plant Sweet,,/04-31-030-02W4,51.606352,-110.285448,SAMSON HUDSON,SEDALIA,A0A7,NuVista Energy Ltd.,F4062     ,Abandoned,7-Nov-24,A0A7,NuVista Energy Ltd.,B020,21-Feb-01,18-May-10,,202,,,,,,,,0,,,,,1-Jan-91,1-Jun-12
ABGP0001238,,Gp Acid Gas Inj,,/04-35-094-02W6,,,TALISMAN HOTCHKISS,HOTCHKISS,0039,Repsol Oil & Gas Canada Inc.,,,,,,,,,,,,,,,,,,,,,,,,
ABGP0001239,,Gas Plant Sweet,,00/05-26-030-04W4,51.597074,-110.471609,SEDALIA 5-26-30-4W4,SEDALIA,0HE9,Canadian Natural Resources Limited,F20277    ,Abandoned,23-Oct-19,0HE9,Canadian Natural Resources Limited,B010,29-Mar-01,26-Aug-06,,150,140,,,,,,5.5,0,,,,,1-Jan-91,1-Sep-19
ABGP0001240,,Gp Acid Gas Flaring,,00/08-12-044-21W4,52.776014,-112.909811,* RIFE FERINTOSH,FERINTOSH,0DZ7,Rife Resources Ltd.,F9461     ,Abandoned,11-Mar-20,0DZ7,Rife Resources Ltd.,B010,6-Mar-01,20-Dec-16,,453,412.7,0,0,0,0,15.8,0.1,0,,,,,,
ABGP0001241,,Gas Plant Sweet,,/07-28-040-26W4,,,* NORCEN LACOMBE,LACOMBE,0HE9,Canadian Natural Resources Limited,,,,,,,,,,,,,,,,,,,,,,,,
ABGP0001242,,Gas Plant Sweet,,00/10-29-053-10W5,53.60905,-115.43424,BEI CHIP LAKE 10-29,NORTHVILLE,A8C3,West 5 Resources Inc.,F12302    ,Amended,25-Feb-03,A8C3,West 5 Resources Inc.,B010,2-Mar-01,26-Aug-06,,135,127,,,,,37,,0,,,,,1-Jan-91,1-Jul-25
ABGP0001243,,Gp Acid Gas Inj,,00/02-35-094-02W6,57.193345,-118.197473,HOTCHKISS 2-35-94-2w6,HOTCHKISS,0HE9,Canadian Natural Resources Limited,F17608    ,Abandoned,30-Sep-21,0HE9,Canadian Natural Resources Limited,C300,1-Feb-01,26-Aug-06,None,563,544,,,,,,,0.06,,,0.06,,1-Jan-91,1-Aug-18
ABGP0001244,,Gp Acid Gas Flaring%,,/11-16-044-18W4,52.795833,-112.561388,THUNDER HOLMBERG,KELSEY,A6AG,Crimson Oil & Gas Ltd.,F9454     ,Abandoned,17-Feb-15,A6AG,Crimson Oil & Gas Ltd.,D400,6-Mar-01,23-Feb-08,"Regenerative, Acid Gas Injection",283,75,,,,,14.7,,3.07,,,0,69.7,1-Jan-91,1-Jan-09
ABGP0001245,,Gas Plant Sweet,,/11-16-031-23W4,51.65828,-113.208858,PENN WEST TWINING,TWINING,0026,Ovintiv Canada ULC,F4244     ,Amended,15-Sep-04,A1H9,Ember Resources Inc.,B010,6-Mar-01,26-Aug-06,,150,145,,,,,3,,0,,,,,1-Jan-91,1-Dec-05
ABGP0001246,,Gas Plant Sweet,,/06-36-040-03W5,52.485072,-114.303855,VERMILLION GILBY,GILBY,A6FW,Vermilion Energy Inc.,F8234     ,Issued,1-Mar-01,A6FW,Vermilion Energy Inc.,B010,1-Mar-01,,,30,,,,,,,,,,,,,1-Jan-91,1-Mar-16
ABGP0001247,,Gas Plant Sweet,,/16-15-053-18W5,53.582961,-116.55965,TOM BROWN EDSON,EDSON,0026,Ovintiv Canada ULC,F12342    ,Abandoned,11-Dec-24,A8NW,Kiwetinohk Energy Corp.,B010,6-Mar-01,,,42,,,,,,,,,,,,,,
ABGP0001248,,Gas Plant Sweet,,/10-19-054-26W4,53.68253,-113.81897,HIGHLAND MORINVILLE,MORINVILLE,A8BA,Maga Energy Ltd.,F12425    ,Issued,2-Apr-01,A74Y,Tidewater Midstream and Infrastructure Ltd.,B010,2-Apr-01,,,140.87,,,,,,,,,,,,,1-Jan-91,1-Feb-14
ABGP0001249,,Gas Plant Sweet,,02/07-07-051-11W5,53.386499,-115.606758,NORTHSTAR CYN-PEM,PEMBINA,A6FW,Vermilion Energy Inc.,F20266    ,Amended,18-Dec-00,A6FW,Vermilion Energy Inc.,B010,18-Dec-00,26-Aug-06,,887,837,,,,,246,38.8,,,,,,1-Jan-91,1-Jul-25
ABGP0001250,,Gas Plant Sweet,,/02-20-034-03W5,,,* AMERADA GARRINGTON,GARRINGTON,0001,177293 Canada Ltd.,,,,,,,,,,,,,,,,,,,,,,,,
ABGP0001251,,Gas Plant Sweet,,/11-20-074-23W4,55.426515,-113.509963,CABRE MARTEN HILLS,MARTEN HILLS,0Z5F,Sequoia Resources Corp.,F15384    ,Abandoned,15-Jan-07,0Z5F,Sequoia Resources Corp.,B010,2-Mar-01,,,180,,,,,,,,,,,,,1-Jan-91,1-Oct-05
ABGP0001252,,Gas Plant Sweet,,/16-31-037-02W4,52.228575,-110.270092,NORCEN PROVOST,PROVOST,A1LY,Goodland Energy Ltd.,F5718     ,Issued,15-Feb-01,A6M1,Rockeast Energy Corp.,B010,15-Feb-01,,None,140,,,,,,,,,,,,,1-Jan-91,1-Feb-16
ABGP0001253,,Gp Acid Gas Flaring,,/05-27-040-10W4,,,PNRC PROVOST,PROVOST,A2TG,TAQA North Ltd.,,,,,,,,,,,,,,,,,,,,,,,,
ABGP0001254,,Gas Plant Sweet,,00/05-31-033-07W5,51.873051,-114.990657,Bearberry 05-31-033-07W5 Gas Plant,RICINUS,A2TG,TAQA North Ltd.,F4563     ,Amended,24-Aug-11,A2TG,TAQA North Ltd.,B010,6-Mar-01,24-Aug-11,,"2,673.70",2567.7,0,0,0,0,323.4,293,0,,,,,1-Jan-91,1-Jul-25
ABGP0001256,,Gas Plant Sweet,,00/10-28-015-15W4,50.290238,-112.006796,ALDERSON WEST 10-28-15-15w4,ALDERSON,0HE9,Canadian Natural Resources Limited,F1731     ,Amended,19-Mar-25,A7NW,Torxen Energy Ltd.,B010,6-Mar-01,19-Mar-25,,700,650,0,0,0,0,50,0,0,,,,,1-Jan-91,1-Jul-25
ABGP0001257,,Gas Plant Sweet,,00/10-35-015-16W4,50.304753,-112.098354,AEC ENCHANT (CANCELLED),ENCHANT,0HE9,Canadian Natural Resources Limited,F1742     ,Issued,22-Mar-01,A7NW,Torxen Energy Ltd.,B040,22-Mar-01,,None,2,,,,,,,,,,,,,,
ABGP0001259,,Gas Plant Sweet,,/06-07-033-08W4,51.814987,-111.130829,* UNIVERSAL PROVOST,PROVOST,0T15,Universal Explorations Ltd.,F4468     ,Abandoned,17-May-03,A2TG,TAQA North Ltd.,B010,19-Mar-01,,,84.96,,,,,,,,,,,,,,
ABGP0001260,,Gp Acid Gas Flaring,,00/13-24-060-26W4,54.210225,-113.775624,WESTLOCK 13-24-60-26W4,WESTLOCK,0HE9,Canadian Natural Resources Limited,F13604    ,Abandoned,23-Jan-19,0HE9,Canadian Natural Resources Limited,C300,1-Mar-01,26-Aug-06,,216,205,,,,,,1,0.2,,,0.2,,1-Jan-91,1-Oct-15
ABGP0001261,,Gas Plant Sweet,,/05-24-047-05W4,53.065839,-110.612185,ENERMARK WILDMERE,WILDMERE,0YK4,Surge Energy Inc.,F10065    ,Issued,2-Mar-01,0YK4,Surge Energy Inc.,B010,2-Mar-01,,,113,,,,,,,,,,,,,1-Jan-91,1-Jul-25
,,,,,,,,,,,,,,,,,,,,,,,,,,,,,,,,,,
ABGP0001262,,Gas Plant Sweet,,/06-25-023-16W4,,,* AMOCO WINTERING HILLS,WINTERING HILLS,A62D,BP Canada Energy Group ULC,,,,,,,,,,,,,,,,,,,,,,,,
ABGP0001263,,Gas Plant Sweet,,00/03-31-044-27W4,52.82954,-113.91095,DEVON FERRYBANK,FERRYBANK,0HE9,Canadian Natural Resources Limited,F9519     ,Issued,12-Feb-01,0HE9,Canadian Natural Resources Limited,B040,12-Feb-01,,,200,,,,,,,,,,,,,,
ABGP0001264,,Gas Plant Sweet,,/10-06-042-22W4,,,* GULF BASHAW,BASHAW,0002,Gulf Canada Limited,,,,,,,,,,,,,,,,,,,,,,,,
ABGP0001265,,Gas Plant Sweet,,00/11-27-048-16W5,53.172263,-116.259321,RIO ALTO PECO,PECO,0HE9,Canadian Natural Resources Limited,F11059    ,Abandoned,10-Aug-04,0HE9,Canadian Natural Resources Limited,B040,14-Feb-01,,,99,,,,,,,,,,,,,,
ABGP0001266,,Gas Plant Sweet,,00/04-13-065-24W5,54.619303,-117.500339,ANTE CREEK 4-13-65-24W5,ANTE CREEK NORTH,0HE9,Canadian Natural Resources Limited,F14428    ,Issued,27-Feb-01,0HE9,Canadian Natural Resources Limited,B040,27-Feb-01,,,56,,,,,,,,,,,,,,
ABGP0001267,,Gas Plant Sweet,,/14-18-054-12W5,53.670104,-115.759801,CRESTAR NITON,NITON,A5D4,Cenovus Energy Inc.,F12444    ,Issued,28-Feb-01,A5D4,Cenovus Energy Inc.,B010,28-Feb-01,,,"1,300.00",,,,,,,,,,,,,1-Jan-91,1-Jul-25
ABGP0001268,,Gp Sulphur Rcvry,,00/16-11-054-15W5,53.653856,-116.096167,ROSEVEAR 16-11 GAS PLANT,ROSEVEAR,A573,Tourmaline Oil Corp.,F12454    ,Amended,24-Mar-06,A573,Tourmaline Oil Corp.,D400,6-Mar-01,29-Aug-17,"Regenerative, Acid Gas Injection, Acid Gas Flaring","2,550.00",2118,0,0,0,0,150,232,100.7,,,0.05,98.3,1-Jan-91,1-Jul-25
ABGP0001269,,Gp Acid Gas Flaring,,00/11-27-046-21W4,52.997923,-112.970291,SUN CENTURY BITTERN LAKE,BITTERN LAKE,0RZ4,Sun Century Petroleum Corporation,F9848     ,Abandoned,16-Nov-22,0RZ4,Sun Century Petroleum Corporation,C300,5-Mar-01,11-Jul-07,"Both, Acid Gas Flaring",566,545,,,,,50,,0.31,,,0.31,,1-Jan-91,1-Nov-16
ABGP0001270,,Gp Acid Gas Flaring,,/11-16-082-07W6,56.111688,-119.036,Talisman BLUEBERRY,BLUEBERRY,0039,Repsol Oil & Gas Canada Inc.,F16861    ,Amended,8-Apr-10,A93X,Logan Energy Corp.,C311,28-Feb-01,8-Apr-10,None,"1,133.00",,,,,,,,0.9,,,0,,1-Jan-91,1-Mar-04
ABGP0001271,,Gas Plant Sweet,,/13-05-039-08W4,52.330994,-111.129415,CRESTAR PROVOST,PROVOST,A7WF,Battle River Energy Ltd.,F7013     ,Issued,29-Mar-01,A7WF,Battle River Energy Ltd.,B010,29-Mar-01,,,90,,,,,,,,,,,,,1-Jan-91,1-Jun-00
ABGP0001272,,Gas Plant Sweet,,00/06-01-031-14W4,51.623666,-111.864643,Pengrowth  DRAIG HANNA,RICHDALE,A7H2,AlphaBow Energy Ltd.,F4191     ,Amended,8-Feb-06,A7H2,AlphaBow Energy Ltd.,B010,1-Mar-01,26-Aug-06,None,140,133,0,0,0,0,0,4.5,0,,,,,1-Jan-91,1-Jul-25
ABGP0001273,,Gas Plant Sweet,,00/11-24-041-21W4,52.546709,-112.900489,D Energy Bashaw 11-24-41-21W4,BASHAW,A1H9,Ember Resources Inc.,F8677     ,Amended,31-Oct-05,A1H9,Ember Resources Inc.,B010,1-Mar-01,26-Aug-06,,197,187,0,0,0,0,0,0.5,0,,,,,1-Jan-91,1-Apr-19
ABGP0001274,,Gas Plant Sweet,,02/04-30-027-11W4,51.331237,-111.548985,BERRY 4-30-27-11w4,BERRY,0HE9,Canadian Natural Resources Limited,F3677     ,Abandoned,1-Feb-03,0HE9,Canadian Natural Resources Limited,B010,1-Mar-01,,,70,,,,,,,,,,,,,,
ABGP0001275,,Gp Acid Gas Inj,,/10-27-042-13W4,,,* ENCAL KILLAM,KILLAM,A2TG,TAQA North Ltd.,,,,,,,,,,,,,,,,,,,,,,,,
ABGP0001276,,Gp Acid Gas Flaring,,00/15-29-070-24W4,55.093169,-113.623519,MEYER 15-29-70-24W4,BOUVIER,0HE9,Canadian Natural Resources Limited,F14977    ,Abandoned,14-Mar-18,0HE9,Canadian Natural Resources Limited,C300,1-Mar-01,26-Aug-06,,506,474,,,,,,,0.41,,,0.41,,1-Jan-91,1-May-15
ABGP0001277,,Gas Plant Sweet,,/02-34-038-16W4,52.30483,-112.203398,COMPTON HALKIRK,HALKIRK,A7BZ,Marlin Resources Ltd.,F6524     ,Amended,28-Jun-07,A7BZ,Marlin Resources Ltd.,B010,12-Feb-01,28-Jun-07,,150,144,0,0,0,0,20,0,0,,,,,1-Jan-91,1-Jul-25
ABGP0001278,,Gas Plant Sweet,,00/14-36-038-27W4,52.316682,-113.733006,JOFFRE 14-36-38-27W4,JOFFRE,0HE9,Canadian Natural Resources Limited,F6663     ,Amended,25-Sep-19,0HE9,Canadian Natural Resources Limited,B020,1-Mar-01,25-Sep-19,,45,,,,,,,,0,,,,,1-Jan-92,1-May-17
ABGP0001279,,Gas Plant Sweet,,/10-22-061-20W5,54.29395,-116.90763,ARCHEAN KAYBOB SOUTH,KAYBOB SOUTH,A97N,Sinopec Canada Energy Ltd.,F13758    ,Amended,6-Sep-06,A97N,Sinopec Canada Energy Ltd.,B040,1-May-01,6-Sep-06,,226.6,,,,,,,,0,,,,,1-Jan-91,1-May-05
ABGP0001280,,Gp Acid Gas Flaring%,,00/03-28-041-12W4,52.552771,-111.675236,Bellshill-03-28-041-12 W4M,BELLSHILL LAKE,0Z0H,Harvest Operations Corp.,F31658    ,Amended,16-Dec-04,0Z0H,Harvest Operations Corp.,D400,14-May-04,24-Nov-07,"Regenerative, Acid Gas Injection",180,85,0,0,0,0,26,0,5.77,0,,3.15,89.7,1-Jan-91,1-Mar-25
ABGP0001281,,Gas Plant Sweet,,00/04-05-044-09W4,52.759631,-111.285703,HAWKINS 04-05-044-09W4,KILLAM,0HE9,Canadian Natural Resources Limited,F9438     ,Amended,24-Oct-07,0HE9,Canadian Natural Resources Limited,B010,1-Mar-01,24-Oct-07,,282,264,0,0,0,0,0,5,0,,,,,1-Jan-91,1-Jul-25
ABGP0001282,,Gas Plant Sweet,,00/14-11-039-16W4,52.343,-112.2003,APACHE RED WILLOW,RED WILLOW,A7BT,Karve Energy Inc.,F7153     ,Abandoned,28-May-17,A7BT,Karve Energy Inc.,B020,29-Mar-01,16-Jan-07,,196,,,,,,,,0,,,,,1-Jan-91,1-Apr-07
ABGP0001283,,Gp Acid Gas Flaring,,00/05-20-049-25W4,53.241703,-113.631966,* WASCANA LEDUC-WOODBEND,LEDUC-WOODBEND,A6LC,CNOOC Petroleum North America ULC,F11135    ,RecCertified,6-Sep-17,A6LC,CNOOC Petroleum North America ULC,B040,6-Mar-01,,,0,,,,,,,,,,,,,,
ABGP0001284,,Gas Plant Sweet,,00/02-02-037-13W4,52.145139,-111.751044,* VINTAGE PROVOST,PROVOST,0BP8,Obsidian Energy Ltd.,F33987    ,Abandoned,25-Aug-21,0BP8,Obsidian Energy Ltd.,B010,20-May-05,26-Aug-06,,226,205,,,,,2.8,,0,,,,,,
ABGP0001285,,Gas Plant Sweet,,00/05-03-038-13W4,52.236338,-111.788136,APACHE PROVOST,PROVOST,A7BT,Karve Energy Inc.,F29481    ,Amended,8-Nov-05,A7BT,Karve Energy Inc.,B010,22-Jul-03,26-Aug-06,,"1,500.00",1495,0,0,0,0,40,10,0,,,,,1-Jan-91,1-Jul-25
ABGP0001286,,Gas Plant Sweet,,/07-31-093-01W6,57.10979,-118.144107,* TALISMAN HOTCHKISS,HOTCHKISS,0039,Repsol Oil & Gas Canada Inc.,F17581    ,RecCertified,8-Nov-95,0YA2,Peyto Exploration & Development Corp.,C300,1-May-01,,,51.5,,,,,,,,,,,,,,
ABGP0001287,,Gp Acid Gas Inj,,00/10-19-066-24W4,54.727348,-113.619919,STEELE 10-19-66-24W4,STEELE,A97N,Sinopec Canada Energy Ltd.,F14501    ,Abandoned,7-Mar-17,0HE9,Canadian Natural Resources Limited,C300,2-Apr-01,,,40,,,,,,,,0.77,,,,,1-Jan-91,1-Oct-00
ABGP0001288,,Gas Plant Sweet,,/07-08-080-12W6,,,* PHILLIPS POUCE COUPE,POUCE COUPE,0DM1,Phillips Petroleum Company Western Hemisphere,,,,,,,,,,,,,,,,,,,,,,,,
ABGP0001289,,Gas Plant Sweet,,00/06-24-039-09W5,52.368545,-115.165849,NCE FERRIER,FERRIER,0BP8,Obsidian Energy Ltd.,F31324    ,Issued,23-Mar-04,A2DE,ORLEN Upstream Canada Ltd.,B010,23-Mar-04,26-Aug-06,,42,36,0.2,,3,3,7.7,1.5,0,0,,,,1-Jan-91,1-Dec-05
ABGP0001290,,Gas Plant Sweet,,/07-13-094-03W6,57.153462,-118.33103,CONOCO HOTCHKISS,HOTCHKISS,A7LX,Direct Oil & Gas Inc.,F17610    ,Issued,1-Mar-01,A7LX,Direct Oil & Gas Inc.,B010,1-Mar-01,,,623,,,,,,,,,,,,,1-Jan-91,1-Feb-20
ABGP0001291,,Gas Plant Sweet,,/11-17-029-04W4,,,* CANTERRA OYEN,OYEN,0L73,Canterra Energy Ltd.,,,,,,,,,,,,,,,,,,,,,,,,
ABGP0001292,,Gas Plant Sweet,,00/16-36-067-09W6,54.849176,-119.221515,WAPITI 16-36-067-09W6,WAPITI,0HE9,Canadian Natural Resources Limited,F14721    ,Amended,21-Jun-22,0HE9,Canadian Natural Resources Limited,B010,19-Jan-01,21-Jun-22,,"8,452.00",8249.2,0,0,0,0,0,259.1,0,,,,,1-Jan-91,1-Jul-25
ABGP0001293,,Gp Acid Gas Flaring%,,00/13-36-066-27W4,54.761278,-113.95711,BIG BEND 13-36-66-27W4,BIG BEND,0HE9,Canadian Natural Resources Limited,F14504    ,Amended,11-Sep-17,0HE9,Canadian Natural Resources Limited,C311,1-Mar-01,11-Sep-17,"Nonregenerative, Acid Gas Flaring",162,,,,,,,,0.09,,,0,,1-Jan-91,1-Jul-25
ABGP0001294,,Gp Acid Gas Flaring,,/06-20-040-16W4,,,* NEW JORDAN RED WILLOW,RED WILLOW,0HJ1,Jordan Petroleum Ltd.,,,,,,,,,,,,,,,,,,,,,,,,
ABGP0001295,,Gas Plant Sweet,,00/15-18-040-18W4,52.446864,-112.581109,APACHE LEAHURST,LEAHURST,A91Z,Avila Energy Corporation,F8123     ,Issued,29-Mar-01,A91Z,Avila Energy Corporation,B010,29-Mar-01,,,150,,,,,,,,,,,,,1-Jan-91,1-Jul-25
ABGP0001296,,Gp Sulphur Rcvry,,00/07-02-074-04W6,55.377998,-118.499684,TEEPEE CREEK 07-02-074-04W6,TEEPEE,0HE9,Canadian Natural Resources Limited,F15443    ,Amended,4-Oct-16,0HE9,Canadian Natural Resources Limited,E600,19-Mar-01,4-Oct-16,"Regenerative, Acid Gas Sulphur Recovery, Acid Gas Flaring, Claus Process","1,560.00",1470,,,,,215,110.4,35,33.56,,1.43,95.9,1-Jan-91,1-Jul-25
ABGP0001297,,Gp Acid Gas Flaring,,/01-22-041-08W4,52.537774,-111.064845,PENN WEST AMISK,PROVOST,A7BY,Cleo Energy Corp.,F8454     ,Abandoned,17-May-03,A7BY,Cleo Energy Corp.,C300,26-Mar-01,,,282,,,,,,,,,,,,,,
ABGP0001298,,Gas Plant Sweet,,00/03-30-037-02W4,52.202948,-110.281852,APACHE PROVOST,PROVOST,A7BT,Karve Energy Inc.,F5717     ,Amended,5-Jun-07,A7BT,Karve Energy Inc.,B010,22-Jan-01,5-Jun-07,None,345,345,0,0,0,0,5,0,0,,,,,1-Jan-91,1-Jul-25
ABGP0001299,,Gas Plant Sweet,,02/04-02-033-25W4,51.796663,-113.450176,BAYTEX TWINING,TWINING,0J66,"Barnwell of Canada, Limited",F4497     ,Issued,1-Mar-01,0J66,"Barnwell of Canada, Limited",B010,1-Mar-01,,,86.9,,,,,,,,,,,,,1-Jan-91,1-Jul-25
ABGP0001300,,Gas Plant Sweet,,00/10-26-026-11W4,51.250977,-111.43272,GULF SUNNYNOOK,SUNNYNOOK,0002,Gulf Canada Limited,F22265    ,Abandoned,6-Mar-06,A7H2,AlphaBow Energy Ltd.,B010,6-Mar-01,,,0,,,,,,,,,,,,,,
ABGP0001301,,Gas Plant Sweet,,/01-21-063-11W5,54.457789,-115.589246,DANOIL JUDY CREEK,JUDY CREEK,A9CC,Texcal Energy Canada Inc.,F13978    ,Amended,21-Jun-07,A9CC,Texcal Energy Canada Inc.,B020,1-Mar-01,21-Jun-07,,25,,,,,,,,0,,,,,1-Jan-91,1-Jul-02
ABGP0001303,,Gas Plant Sweet,,00/10-29-106-05W6,58.233086,-118.78434,* SOLEX HARO,HARO,0L27,625894 Alberta Inc.,F22065    ,Amended,22-Oct-14,A7HE,Tallahassee Exploration Inc.,B010,1-Mar-01,6-May-14,,31,30.51,0,0,0,0,0,0.3,0,,,,,,
ABGP0001304,,Gp Acid Gas Flaring%,,/11-33-104-05W6,58.073125,-118.763643,* SOLEX HARO,HARO,0L27,625894 Alberta Inc.,F17780    ,Amended,10-Dec-09,0BP8,Obsidian Energy Ltd.,B010,1-May-01,10-Dec-09,,70,70,0,0,0,0,1,0,0,,,,,,
ABGP0001305,,Gp Acid Gas Inj,,/08-18-068-23W4,54.883878,-113.492281,GENESIS BAPTISTE,BAPTISTE,A97N,Sinopec Canada Energy Ltd.,F14733    ,Abandoned,23-Feb-22,A97N,Sinopec Canada Energy Ltd.,C300,31-Jan-01,21-Nov-06,,246,235,,,,,,,0.15,,,0.15,,1-Jan-91,1-Nov-21
ABGP0001306,,Gp Acid Gas Flaring,,00/05-14-067-02W5,54.799124,-114.205511,BIG BEND 5-14-67-2W5,BIG BEND,0HE9,Canadian Natural Resources Limited,F14635    ,Abandoned,21-Jan-20,0HE9,Canadian Natural Resources Limited,C300,1-Mar-01,26-Aug-06,,340,319.5,,,,,,,0.03,,,0.03,,1-Jan-91,1-Nov-07
,,,,,,,,,,,,,,,,,,,,,,,,,,,,,,,,,,
ABGP0001307,,Gas Plant Sweet,,/14-11-045-27W4,52.87189,-113.81679,ALTAGAS FERRYBANK,FERRYBANK,A0TK,AltaGas Ltd.,F9694     ,Abandoned,12-Feb-07,A0TK,AltaGas Ltd.,B010,21-Feb-01,,,192,,,,,,,,,,,,,1-Jan-91,1-Feb-02
ABGP0001308,,Gas Plant Sweet,,/07-09-030-12W4,51.552795,-111.63185,GULF WILDUNN,RICHDALE,0HE9,Canadian Natural Resources Limited,F4077     ,Issued,2-Mar-01,0HE9,Canadian Natural Resources Limited,B010,2-Mar-01,,,340,,,,,,,,,,,,,1-Jan-91,1-Jan-09
ABGP0001309,,Gp Acid Gas Flaring,,/16-20-080-24W5,55.954159,-117.710043,DEVON TANGENT,TANGENT,0HE9,Canadian Natural Resources Limited,F16570    ,Abandoned,4-Oct-19,0HE9,Canadian Natural Resources Limited,C300,28-Feb-01,10-Oct-06,,211,197,0,0,0,0,0,15,0.33,,,0.33,,1-Jan-91,1-Oct-12
ABGP0001310,,Gp Acid Gas Flaring%,,00/11-11-026-15W4,51.207367,-111.996785,MARATHON CESSFORD,CESSFORD,A5D4,Cenovus Energy Inc.,F3610     ,Abandoned,29-Jun-05,0HE9,Canadian Natural Resources Limited,B010,5-Mar-01,,,80,,,,,,,,,,,,,,
ABGP0001311,,Gas Plant Sweet,,00/09-32-025-15W4,51.177904,-112.054995,CONNORSVILLE 9-32-25-15W4,CONNORSVILLE,0HE9,Canadian Natural Resources Limited,F3524     ,Issued,20-Dec-00,0HE9,Canadian Natural Resources Limited,B010,20-Dec-00,,,849.6,,,,,,,,,,,,,1-Jan-91,1-Oct-19
ABGP0001312,,Gas Plant Sweet,,/15-07-108-06W6,58.366775,-118.987041,SAMSON RAINBOW,RAINBOW,A7HE,Tallahassee Exploration Inc.,F17837    ,Issued,21-Feb-01,A7HE,Tallahassee Exploration Inc.,B010,21-Feb-01,,,605,,,,,,,,,,,,,1-Jan-91,1-May-23
ABGP0001313,,Gas Plant Sweet,,/15-08-070-23W5,55.051917,-117.468285,* PENNZOIL STURGEON LAKE,STURGEON LAKE SOUTH,A5G3,ConocoPhillips Canada Resources Corp.,F15012    ,Issued,2-Mar-01,0WZ7,Serinus Energy PLC,B010,2-Mar-01,,,113,,,,,,,,,,,,,,
ABGP0001314,,Gas Plant Sweet,,00/02-36-031-14W4,51.694655,-111.857468,CELSIUS HANNA,HANNA,A5RD,Enerplus Corporation,F4193     ,Abandoned,29-Jun-05,0HE9,Canadian Natural Resources Limited,B040,19-Mar-01,,,85,,,,,,,,,,,,,,
ABGP0001315,,Gas Plant Sweet,,/09-16-037-22W4,52.181297,-113.079708,VERMILLION MIKWAN,MIKWAN,A6FW,Vermilion Energy Inc.,F6073     ,Issued,1-Mar-01,A6FW,Vermilion Energy Inc.,B010,1-Mar-01,,None,342,,,,,,,,,,,,,1-Jan-91,1-Jul-25
ABGP0001316,,Gas Plant Sweet,,/09-07-082-05W6,56.0965,-118.76073,TALISMAN GEORGE,GEORGE,A5D1,Whitecap Partnership,F16855    ,Amended,28-Apr-06,A5BE,Whitecap Resources Inc.,B010,29-Mar-01,26-Aug-06,,510,498,0,0,0,0,0,40.4,0,,,,,1-Jan-91,1-Nov-24
ABGP0001317,,Gas Plant Sweet,,02/06-24-040-24W4,52.452219,-113.327567,OPAL CLIVE,ALIX,A1H9,Ember Resources Inc.,F8165     ,Abandoned,20-Jan-25,A1H9,Ember Resources Inc.,B010,2-Mar-01,13-Apr-07,,170,169,0,0,0,0,8.9,0,0,,,,,1-Jan-91,1-Dec-12
ABGP0001318,,Gas Plant Sweet,,/04-03-038-13W4,,,* IMPERIAL PROVOST,PROVOST,0007,Imperial Oil Resources Limited,,,,,,,,,,,,,,,,,,,,,,,,
ABGP0001319,,Gp Acid Gas Inj,,00/01-32-061-22W4,54.31228,-113.25059,D Energy Abee 1-32-61-22W4,ABEE,A68P,Canlin Resources Partnership,F13717    ,Abandoned,19-Oct-21,A7M1,Canlin Energy Corporation,B010,6-Mar-01,20-Dec-06,,425,388,0,0,0,0,0,2.6,0,,,,,1-Jan-91,1-Aug-20
ABGP0001320,,Gas Plant Sweet,,/06-33-023-18W4,51.000004,-112.460926,RANGER HUSSAR,HUSSAR,0HE9,Canadian Natural Resources Limited,F3332     ,Issued,6-Mar-01,A7NW,Torxen Energy Ltd.,B010,6-Mar-01,,,300,,,,,,,,,,,,,1-Jan-91,1-Aug-13
ABGP0001321,,Gp Acid Gas Flaring%,,/03-23-046-02W5,52.976388,-114.186533,* IMPERIAL PEMBINA (KNOBHILL),PEMBINA,0007,Imperial Oil Resources Limited,F9902     ,Abandoned,17-May-03,0007,Imperial Oil Resources Limited,D410,2-Mar-01,,,155,,,,,,,,,,,,,,
ABGP0001322,,Gas Plant Sweet,,00/09-01-083-10W6,56.169072,-119.4271,JOSEPHINE 9-1-83-10W6,BONANZA,0HE9,Canadian Natural Resources Limited,F16949    ,Issued,29-Mar-01,0HE9,Canadian Natural Resources Limited,B010,29-Mar-01,,,"1,981.00",,,,,,,,,,,,,1-Jan-91,1-Jul-19
ABGP0001323,,Gp Acid Gas Flaring,,/14-34-065-24W4,54.673223,-113.548607,HUSKY STEELE 14-34,STEELE,A5D4,Cenovus Energy Inc.,F14341    ,Abandoned,12-Aug-21,0Z5F,Sequoia Resources Corp.,B020,22-Mar-01,1-Nov-06,,90,,,,,,,,0,,,,,1-Jan-91,1-Oct-06
ABGP0001324,,Gas Plant Sweet,,/06-25-054-21W5,53.691986,-116.964791,* TALISMAN SUNDANCE,SUNDANCE,0039,Repsol Oil & Gas Canada Inc.,F12496    ,Amended,23-Nov-11,0YA2,Peyto Exploration & Development Corp.,B040,19-Mar-01,23-Nov-11,,550,,,,,,,,0,,,,,,
ABGP0001325,,Gas Plant Sweet,,/04-25-051-15W4,,,* ARCHER INLAND,INLAND,0MK1,1333002 Alberta Ltd.,,,,,,,,,,,,,,,,,,,,,,,,
ABGP0001326,,Gas Plant Sweet,,00/11-22-060-19W5,54.208247,-116.773079,PGI West Fox Creek 11-22,KAYBOB SOUTH,A938,Pembina Gas Infrastructure Inc.,F13655    ,Issued,13-Feb-01,A84Z,PGI Processing ULC,B010,13-Feb-01,27-Aug-09,,445,,,,,,,,,,,,,1-Jan-91,1-Jul-25
ABGP0001327,,Gas Plant Sweet,,/05-22-041-25W4,52.539511,-113.526835,GLENCOE CHIGWELL,CHIGWELL,0NM3,Glencoe Resources Ltd.,F8760     ,Amended,18-Mar-09,0NM3,Glencoe Resources Ltd.,B010,2-Mar-01,18-Mar-09,,95,90,0,0,0,0,15,0,0,,,,,1-Jan-91,1-Aug-19
ABGP0001328,,Gas Plant Sweet,,/10-16-055-13W5,53.753813,-115.868789,CRESTAR NITON WEST,NITON,A5D4,Cenovus Energy Inc.,F12821    ,Amended,6-Sep-01,A5D4,Cenovus Energy Inc.,B010,1-May-01,26-Aug-06,,283,266,0,0,0,0,48,8,0,0,,,,1-Jan-91,1-Jan-06
ABGP0001329,,Gas Plant Sweet,,/10-07-028-23W4,51.380092,-113.227154,* PANCDN ENTICE,ENTICE,0026,Ovintiv Canada ULC,F3839     ,Amended,25-Jul-22,A1H9,Ember Resources Inc.,B020,6-Mar-01,25-Jul-22,,75,,,,,,,,0,,,,,,
ABGP0001330,,Gas Plant Sweet,,00/05-28-067-22W4,54.826118,-113.307543,BAPTISTE LAKE 5-28-67-22W4,BAPTISTE,0HE9,Canadian Natural Resources Limited,F14624    ,Abandoned,26-Mar-12,0HE9,Canadian Natural Resources Limited,B040,1-Mar-01,,,119,,,,,,,,,,,,,1-Jan-91,1-Aug-05
ABGP0001331,,Gas Plant Sweet,,00/13-12-026-02W4,51.210317,-110.163889,ALTAGAS ACADIA,CAPRON,A0TK,AltaGas Ltd.,F3581     ,Abandoned,28-Jun-23,A0TK,AltaGas Ltd.,B010,28-Feb-01,17-May-07,None,340,285,0,0,0,0,0,120,0,,,,,1-Jan-91,1-May-23
ABGP0001332,,Gas Plant Sweet,,/08-21-029-09W4,51.495,-111.201389,GULF DOBSON,DOBSON,0HE9,Canadian Natural Resources Limited,F3883     ,Amended,4-Jun-09,0HE9,Canadian Natural Resources Limited,B020,2-Mar-01,4-Jun-09,,120,,,,,,,,0,,,,,1-Jan-91,1-Feb-07
ABGP0001333,,Gas Plant Sweet,,/16-12-038-25W4,,,PENN WEST JOFFRE,JOFFRE,0PH7,Desoto Resources Limited,,,,,,,,,,,,,,,,,,,,,,,,
ABGP0001334,,Gp Acid Gas Flaring,,/02-03-035-05W4,51.969842,-110.630477,PENN WEST PROVOST,PROVOST,A7BT,Karve Energy Inc.,F4829     ,Amended,10-May-17,A7BT,Karve Energy Inc.,B010,6-Mar-01,10-May-17,None,183.7,180.7,0,0,0,0,0,4.7,0,,,,,1-Jan-91,1-Jul-20
ABGP0001335,,Gas Plant Sweet,,00/09-34-060-18W5,54.234019,-116.603561,DEVON CLOVER 9-34 PLANT #1,KAYBOB SOUTH,0AW4,Paramount Resources Ltd.,F13650    ,Amended,18-Mar-04,0AW4,Paramount Resources Ltd.,B010,6-Mar-01,26-Aug-06,,225,213,0,,0,0,,41.7,0,,,,,1-Jan-91,1-Sep-23
ABGP0001336,,Gas Plant Sweet,,/10-04-032-23W4,51.716521,-113.203003,TARRAGON GHOST PINE,GHOST PINE,0HE9,Canadian Natural Resources Limited,F4358     ,Issued,5-Mar-01,0HE9,Canadian Natural Resources Limited,B010,5-Mar-01,,,85,,,,,,,,,,,,,,
ABGP0001337,,Gp Acid Gas Flaring,,/10-36-059-13W5,,,CRESTAR GOODWIN,GOODWIN,A5D4,Cenovus Energy Inc.,,,,,,,,,,,,,,,,,,,,,,,1-Jan-91,1-Apr-02
ABGP0001338,,Gas Plant Sweet,,/10-17-075-10W6,55.499281,-119.508936,ENERMARK VALHALLA,VALHALLA,A5RD,Enerplus Corporation,F15752    ,Issued,2-Mar-01,0TD9,Advantage Energy Ltd.,B010,2-Mar-01,,,203,,,,,,,,,,,,,1-Jan-91,1-Apr-12
ABGP0001339,,Gas Plant Sweet,,/06-19-027-12W4,51.320041,-111.684388,GULF BERRY,BERRY,A1KF,Fairwest Energy Corporation,F3681     ,Abandoned,14-Aug-24,A1KF,Fairwest Energy Corporation,B010,2-Mar-01,,,225,,,,,,,,,,,,,1-Jan-91,1-Jun-13
ABGP0001340,,Gas Plant Sweet,,/01-13-054-19W5,53.658441,-116.659952,STELLARTON EDSON,EDSON,A517,Long Run Exploration Ltd.,F12480    ,Amended,15-Feb-12,A517,Long Run Exploration Ltd.,B010,6-Mar-01,15-Feb-12,,"1,040.00",1015,0,0,0,0,0,200.8,0,,,,,1-Jan-91,1-Jul-25
ABGP0001341,,Gas Plant Sweet,,/01-04-062-21W5,54.328643,-117.078926,* AMOCO KAYBOB SOUTH,KAYBOB SOUTH,A62D,BP Canada Energy Group ULC,F13890    ,Abandoned,17-May-03,0AW4,Paramount Resources Ltd.,B010,1-Mar-01,,,0,,,,,,,,,,,,,,
ABGP0001343,,Gas Plant Sweet,,00/04-19-072-11W6,55.244342,-119.690396,GOODFARE 04-19-072-11W6 GAS PLANT,SINCLAIR,A74Y,Tidewater Midstream and Infrastructure Ltd.,F15229    ,Amended,20-Jun-13,A74Y,Tidewater Midstream and Infrastructure Ltd.,B010,30-Nov-00,20-Jun-13,,"1,972.00",1955,0,0,0,0,0,100,0,,,,,1-Jan-91,1-Apr-25
ABGP0001344,,Gas Plant Sweet,,00/01-24-028-24W4,51.399672,-113.239944,EMBER ENTICE 01-24-028-24W4,ENTICE,A1H9,Ember Resources Inc.,F3844     ,Amended,31-Mar-06,A1H9,Ember Resources Inc.,B010,6-Mar-01,26-Aug-06,None,566,563.2,0,0,0,0,0,1.9,0,,,,,1-Jan-91,1-Jul-25
ABGP0001345,,Gas Plant Sweet,,00/01-19-035-21W4,52.013841,-112.984958,RICH 1-19-35-21W4,RICH,0HE9,Canadian Natural Resources Limited,F5101     ,Abandoned,9-Aug-23,0HE9,Canadian Natural Resources Limited,B010,1-Mar-01,,,282,,,,,,,,,,,,,1-Jan-91,1-Aug-19
ABGP0001346,,Gas Plant Sweet,,00/10-18-065-23W5,54.626802,-117.463122,ANTE CREEK 10-18-65-23W5,ANTE CREEK NORTH,0HE9,Canadian Natural Resources Limited,F14426    ,Amended,14-Apr-04,0HE9,Canadian Natural Resources Limited,C300,27-Feb-01,26-Aug-06,"Regenerative, Acid Gas Flaring",350,348,,,,,,10,0.95,,,,,1-Jan-91,1-Nov-03
ABGP0001347,,Gp Acid Gas Inj,,/11-14-039-07W4,52.356222,-110.908097,* CHAUVCO PROVOST,PROVOST,A2TG,TAQA North Ltd.,F6995     ,Abandoned,17-May-03,A2TG,TAQA North Ltd.,C300,6-Mar-01,,,14,,,,,,,,,,,,,,
ABGP0001348,,Gas Plant Sweet,,00/16-22-035-21W4,52.024477,-112.913248,CDN CONQUEST RICH,RICH,0T15,Universal Explorations Ltd.,F5102     ,Issued,1-Mar-01,A8BP,Bornite Energy Ltd.,B040,1-Mar-01,26-Aug-06,,30,,,,,,,,,,,,,,
ABGP0001350,,Gas Plant Sweet,,02/01-08-070-11W6,55.042538,-119.632991,ELMWORTH  4-8-70-11W6,ELMWORTH,A5D4,Cenovus Energy Inc.,F15022    ,Amended,6-Jan-11,A5D4,Cenovus Energy Inc.,B010,21-Mar-01,6-Jan-11,,"20,537.00",19304,0,2500.3,0,0,0,122.4,0,,,,,1-Jan-91,1-Jul-25
ABGP0001351,,Gas Plant Sweet,,03/04-08-069-08W6,54.953519,-119.189981,ELMWORTH 4-8-69-8w6,ELMWORTH,0HE9,Canadian Natural Resources Limited,F14948    ,Amended,28-Feb-01,0HE9,Canadian Natural Resources Limited,B010,28-Feb-01,26-Aug-06,,"12,010.00",10999,2829,,,,,,,,,,,1-Jan-91,1-Jul-25
ABGP0001352,,Gas Plant Sweet,,00/02-07-067-26W4,54.778544,-113.955857,BIG BEND 2-7-67-26w4,BIG BEND,0HE9,Canadian Natural Resources Limited,F14630    ,Issued,31-Jan-01,0HE9,Canadian Natural Resources Limited,B010,31-Jan-01,,,90,,,,,,,,,,,,,1-Jan-91,1-Oct-10
,,,,,,,,,,,,,,,,,,,,,,,,,,,,,,,,,,
ABGP0001353,,Gas Plant Sweet,,/14-20-038-07W5,52.288115,-114.968699,IMPERIAL FERRIER,FERRIER,A5BE,Whitecap Resources Inc.,F6754     ,Amended,18-Oct-18,A5BE,Whitecap Resources Inc.,B010,2-Mar-01,18-Oct-18,,615,365,0,0,25,25,0,20,0,,,,,1-Jan-91,1-Jul-25
ABGP0001354,,Gas Plant Sweet,,02/10-02-079-08W6,55.819509,-119.132,MIRAGE 10-2-79-8W6,PROGRESS,0HE9,Canadian Natural Resources Limited,F16421    ,Issued,15-Feb-01,0HE9,Canadian Natural Resources Limited,B010,15-Feb-01,,,56,,,,,,,,,,,,,1-Jan-91,1-Mar-16
ABGP0001355,,Gas Plant Sweet,,/05-13-077-26W5,55.670542,-117.904996,DEVON EAGLESHAM,EAGLESHAM,0HE9,Canadian Natural Resources Limited,F16009    ,Amended,20-Jun-07,0HE9,Canadian Natural Resources Limited,B010,28-Feb-01,20-Jun-07,,225,217,0,0,0,0,0,24.1,0,,,,,1-Jan-91,1-Jul-08
ABGP0001356,,Gp Acid Gas Inj,,00/10-21-040-09W4,,,APACHE PROVOST,PROVOST,A7BT,Karve Energy Inc.,,,,,,,,,,,,,,,,,,,,,,,,
ABGP0001357,,Gp Acid Gas Flaring%,,00/10-07-051-09W5,53.390129,-115.313007,KEYERA BIGORAY PLANT 10-07-051-09W5,BIGORAY,A0C0,Keyera Energy Ltd.,F11955    ,Amended,16-Feb-17,A0C0,Keyera Energy Ltd.,C300,2-Feb-01,16-Feb-17,"Regenerative, Acid Gas Flaring","2,400.00",2156,0,796,0,0,0,0,0.9,,,0.9,,1-Jan-91,1-May-24
ABGP0001358,,Gas Plant Sweet,,00/16-07-024-16W4,,,TARRAGON WINTERING HILLS,WINTERING HILLS,0HE9,Canadian Natural Resources Limited,,,,,,,,,,,,,,,,,,,,,,,1-Jan-91,1-Jun-05
ABGP0001359,,Gp Acid Gas Flaring,,00/09-16-051-11W5,53.404798,-115.55243,CYN-PEM 9-16-51-11W5,PEMBINA,0HE9,Canadian Natural Resources Limited,F11983    ,Issued,15-Feb-01,A6FW,Vermilion Energy Inc.,B030,15-Feb-01,,,21,,,,,,,,,,,,,,
ABGP0001360,,Gp Sulphur Rcvry,,00/15-02-049-20W5,53.204516,-116.811193,PETRO-CAN HANLAN,BASING,A68P,Canlin Resources Partnership,F11504    ,Amended,17-Dec-12,A7M1,Canlin Energy Corporation,E600,1-May-01,17-Dec-12,"Regenerative, Acid Gas Sulphur Recovery, Acid Gas Flaring, Claus Process, Sulfreen Process","12,008.50",10073,0,0,0,0,97.6,235.8,1270,1251,,19.05,98.5,1-Jan-91,1-Jul-25
ABGP0001361,,Gas Plant Sweet,,02/11-36-063-19W5,54.496105,-116.739181,ENERMARK KAYBOB,KAYBOB,A2PH,Journey Energy Inc.,F34831    ,Abandoned,14-Sep-22,A2PH,Journey Energy Inc.,B010,5-Oct-05,26-Aug-06,,170,165,0,0,0,0,0,5.4,0,,,,,1-Jan-91,1-Jul-09
ABGP0001362,,Gas Plant Sweet,,/07-26-022-16W4,,,* PANCDN VERGER,COUNTESS,A5D4,Cenovus Energy Inc.,,,,,,,,,,,,,,,,,,,,,,,,
ABGP0001363,,Gp Acid Gas Flaring%,,00/03-32-045-21W4,52.918199,-113.019152,DUHAMEL 3-32-45-21W5,DUHAMEL,0HE9,Canadian Natural Resources Limited,F9675     ,Abandoned,29-Jan-25,0HE9,Canadian Natural Resources Limited,D421,1-Mar-01,,,3,,,,,,,,,,,,,1-Jan-91,1-Sep-02
ABGP0001364,,Gas Plant Sweet,,00/07-18-078-02W6,55.758314,-118.297633,TALISMAN SHANE,SHANE,A2BX,Hanna Oil & Gas Company - Canada ULC,F16207    ,Amended,16-Nov-05,A2BX,Hanna Oil & Gas Company - Canada ULC,B010,19-Mar-01,26-Aug-06,,720,715,0,0,0,0,27,32,0,,,,,1-Jan-91,1-Aug-17
ABGP0001365,,Gp Acid Gas Flaring%,,/13-14-042-16W4,52.620241,-112.206295,SIGNALTA FORESTBURG,FORESTBURG,0R89,Signalta Resources Limited,F8966     ,Amended,7-Sep-06,0R89,Signalta Resources Limited,D400,2-Feb-01,23-Feb-08,"Regenerative, Acid Gas Flaring",934.5,872.2,0,0,0,0,0,6.6,4.5,,,4.5,,1-Jan-91,1-Sep-14
ABGP0001366,,Gas Plant Sweet,,/13-09-033-08W4,,,* CRESTAR PROVOST,PROVOST,0E9L,ConocoPhillips Canada Energy Partnership,,,,,,,,,,,,,,,,,,,,,,,,
ABGP0001367,,Gas Plant Sweet,,/09-02-026-07W5,,,* PANCDN MORLEY,JUMPING POUND WEST,0026,Ovintiv Canada ULC,,,,,,,,,,,,,,,,,,,,,,,,
ABGP0001368,,Gas Plant Sweet,,02/05-04-049-01W5,53.19803,-114.095541,ARGONAUTS THORSBY,THORSBY,A632,Petrus Resources Corp.,F11191    ,Issued,1-Mar-01,A632,Petrus Resources Corp.,B010,1-Mar-01,,,112,,,,,,,,,,,,,1-Jan-91,1-Jun-19
ABGP0001369,,Gas Plant Sweet,,00/07-14-050-22W4,53.31454,-113.10792,JOARCAM 7-14-50-22W4,JOARCAM,0HE9,Canadian Natural Resources Limited,F11582    ,Abandoned,1-Sep-04,0HE9,Canadian Natural Resources Limited,B010,1-Mar-01,,,201,,,,,,,,,,,,,1-Jan-91,1-Aug-04
ABGP0001370,,Gas Plant Sweet,,00/16-35-048-12W5,53.190514,-115.638157,KEYERA BRAZ NORTH PLT 16-35-48-12W5,BRAZEAU RIVER,A0C0,Keyera Energy Ltd.,F20805    ,Amended,3-May-13,A0C0,Keyera Energy Ltd.,B010,1-Mar-01,3-May-13,,"1,400.00",1302,0,0,0,0,0,99,0,,,,,1-Jan-91,1-Sep-21
ABGP0001371,,Gas Plant Sweet,,/10-11-066-22W5,,,* NORCEN GIROUX LAKE,GIROUX LAKE,0HE9,Canadian Natural Resources Limited,,,,,,,,,,,,,,,,,,,,,,,,
ABGP0001372,,Gas Plant Sweet,,00/04-31-048-12W5,53.179522,-115.753482,* PETRO-CAN BRAZEAU RIVER,BRAZEAU RIVER,A74Y,Tidewater Midstream and Infrastructure Ltd.,F11034    ,Amended,8-Dec-23,A74Y,Tidewater Midstream and Infrastructure Ltd.,E600,6-Mar-01,8-Dec-23,"Regenerative, Acid Gas Sulphur Recovery, Acid Gas Flaring, Claus Process, MCRC Process","6,650.00",5400,600,0,1050,400,875,1956,500,492,,8,98.4,,
ABGP0001373,,Gas Plant Sweet,,/07-14-047-26W4,53.05213,-113.69211,ASCOT WATELET,WATELET,0BP8,Obsidian Energy Ltd.,F10137    ,Issued,8-Sep-14,A8PH,Tenaz Energy Corp.,C300,1-Mar-01,,,31.15,,,,,,,,,,,,,1-Jan-91,1-Nov-02
ABGP0001374,,Gp Sulphur Rcvry,,00/01-11-035-06W5,51.986229,-114.742535,AMOCO CAROLINE N,CAROLINE,A573,Tourmaline Oil Corp.,F5166     ,Amended,21-Dec-01,A573,Tourmaline Oil Corp.,B040,1-May-01,26-Aug-06,"Regenerative, Acid Gas Sulphur Recovery, Claus Process",566,1028,,,,,350,,5,3.5,,0.9,69.7,1-Jan-91,1-Dec-03
ABGP0001375,,Gas Plant Sweet,,/04-06-047-12W5,,,* AMOCO BRAZEAU RIVER,BRAZEAU RIVER,A62D,BP Canada Energy Group ULC,,,,,,,,,,,,,,,,,,,,,,,,
ABGP0001376,,Gas Plant Sweet,,02/10-25-045-09W5,52.910726,-115.170301,ALTAGAS ALDER FLATS,PEMBINA,A74Y,Tidewater Midstream and Infrastructure Ltd.,F9783     ,Issued,28-Feb-01,A74Y,Tidewater Midstream and Infrastructure Ltd.,B040,28-Feb-01,,,350,,,,,,,,,,,,,1-Jan-91,1-Jul-01
ABGP0001377,,Gp Acid Gas Flaring,,/10-14-039-03W5,52.358744,-114.322986,GULF MED RIVER,MEDICINE RIVER,A8C8,Btg Energy Corporation,F23332    ,Amended,9-Jun-17,A8C8,Btg Energy Corporation,C300,1-May-01,9-Jun-17,"Regenerative, Acid Gas Flaring",425,153.1,,,,,35.4,,0.16,,,0.07,,1-Jan-91,1-Jul-25
ABGP0001378,,Gp Acid Gas Flaring,,/07-20-040-10W4,,,* IMPERIAL PROVOST,PROVOST,0007,Imperial Oil Resources Limited,,,,,,,,,,,,,,,,,,,,,,,,
ABGP0001379,,Gas Plant Sweet,,00/01-34-040-09W5,52.480079,-115.205935,FERRIER 1-34-40-9W5,FERRIER,0HE9,Canadian Natural Resources Limited,F8286     ,Amended,9-Oct-24,0HE9,Canadian Natural Resources Limited,B010,1-May-01,9-Oct-24,,707.9,696.9,0,0,0,0,122,0,0,,,,,1-Jan-91,1-Jul-25
ABGP0001380,,Gas Plant Sweet,,00/01-24-096-05W6,57.338921,-118.653037,CHINCHAGA 1-24-96-5w6,CRANBERRY,0HE9,Canadian Natural Resources Limited,F17682    ,Issued,1-Feb-01,0HE9,Canadian Natural Resources Limited,C300,1-Feb-01,,,"2,500.00",,,,,,,,0.06,,,,,1-Jan-91,1-Jul-25
ABGP0001381,,Gp Acid Gas Flaring,,03/10-04-051-04W5,53.377746,-114.524182,Highvale Gas Plant 10-04,HIGHVALE,A68R,Highvale Energy Limited,F11909    ,Amended,26-Jan-16,A68R,Highvale Energy Limited,C300,2-Mar-01,26-Jan-16,"Regenerative, Acid Gas Flaring",800,770,,,,,84,15,0.99,,,0.99,,1-Jan-91,1-Jul-25
ABGP0001382,,Gas Plant Sweet,,/09-08-051-09W5,53.390212,-115.280444,COMPTON BIGORAY GAS PLANT,BIGORAY,0CW8,Lexin Resources Ltd.,F11957    ,Abandoned,20-Apr-22,A5KY,Tallgrass Energy Corp.,C300,1-Mar-01,,,25,,,,,,,,0.02,,,,,1-Jan-91,1-Jun-00
ABGP0001383,,Gas Plant Sweet,,00/01-29-075-09W6,55.521368,-119.346742,VALLHALA 1-29-75-9w6,VALHALLA,0HE9,Canadian Natural Resources Limited,F15732    ,Issued,6-Mar-01,0HE9,Canadian Natural Resources Limited,B010,6-Mar-01,,,925,,,,,,,,,,,,,1-Jan-91,1-Jul-25
ABGP0001384,,Gas Plant Sweet,,/08-14-044-13W4,,,* CDN SUP KILLAM,KILLAM NORTH,0025,ExxonMobil Resources Ltd.,,,,,,,,,,,,,,,,,,,,,,,,
ABGP0001385,,Gp Acid Gas Flaring%,,/13-12-054-25W4,,,VIRIDIAN CAMPBELL-NAMAO,CAMPBELL-NAMAO,0GX2,Nutrien (Canada) Holdings ULC,,,,,,,,,,,,,,,,,,,,,,,,
ABGP0001386,,Gas Plant Sweet,,/13-27-042-08W5,52.651799,-115.077319,AMOCO WILLESDEN GREEN,WILLESDEN GREEN,0BP8,Obsidian Energy Ltd.,F9130     ,Amended,24-Dec-10,0BP8,Obsidian Energy Ltd.,B010,14-Mar-01,24-Dec-10,,"1,700.00",1400,0.9,0,5.5,1,230,0,0,,,,,1-Jan-91,1-Jul-25
ABGP0001387,,Gas Plant Sweet,,00/14-12-026-19W4,51.210481,-112.531949,SEIU LAKE 14-12-26-19W4,WAYNE-ROSEDALE,0HE9,Canadian Natural Resources Limited,F3623     ,Amended,24-Oct-07,0HE9,Canadian Natural Resources Limited,B010,1-Mar-01,24-Oct-07,,"1,117.00",1050,0,0,54.8,66.8,0,83.9,0,,,,,1-Jan-91,1-Jul-25
ABGP0001389,,Gas Plant Sweet,,00/06-16-039-19W4,52.352495,-112.683209,* RANGER LEAHURST,LEAHURST,0HE9,Canadian Natural Resources Limited,F7160     ,Issued,18-Apr-01,A1H9,Ember Resources Inc.,B020,18-Apr-01,,,15.6,,,,,,,,,,,,,,
ABGP0001390,,Gas Plant Sweet,,00/06-09-031-01W4,51.640019,-110.091021,ESTHER 6-9-31-1W4,ESTHER,0HE9,Canadian Natural Resources Limited,F20519    ,Abandoned,23-Oct-19,0HE9,Canadian Natural Resources Limited,C311,6-Apr-01,26-Aug-06,,75,,,,,,,,0.01,,,0,,1-Jan-91,1-Jul-00
ABGP0001391,,Gas Plant Sweet,,/04-20-096-03W6,57.338398,-118.456426,ATCO MIDSTREAM PEMBINA CRANBERRY,CRANBERRY,0Z2W,ATCO Next Energy Ltd.,F17677    ,Abandoned,28-Apr-17,0Z2W,ATCO Next Energy Ltd.,B010,1-Mar-01,,,565,,,,,,,,,,,,,1-Jan-91,1-Jun-12
ABGP0001392,,Gas Plant Sweet,,00/12-01-049-16W5,53.203283,-116.220075,CONOCO PECO,PECO,A5D4,Cenovus Energy Inc.,F11496    ,Amended,29-Jun-10,A5D4,Cenovus Energy Inc.,B010,1-Mar-01,29-Jun-10,,"1,960.00",1770.5,5.9,0,219.2,148.2,431.1,217.5,0,,,,,1-Jan-91,1-Jul-25
ABGP0001393,,Gas Plant Sweet,,/05-14-055-19W4,,,* POCO REDWATER,REDWATER,A5G3,ConocoPhillips Canada Resources Corp.,,,,,,,,,,,,,,,,,,,,,,,,
ABGP0001394,,Gas Plant Sweet,,00/10-16-053-13W5,53.577498,-115.850531,D Energy Carrot Creek 10-16-53-13W5,CARROT CREEK,A6FW,Vermilion Energy Inc.,F12316    ,Amended,8-Sep-20,A6FW,Vermilion Energy Inc.,B010,1-May-01,8-Sep-20,,"1,160.00",1099.3,0,0,0,0,160.1,72.2,0,,,,,1-Jan-91,1-Jul-25
ABGP0001396,,Gp Acid Gas Flaring,,/06-15-020-27W4,50.694345,-113.66571,BORDER MIDSTREAM GLADYS,HERRONTON,0CW8,Lexin Resources Ltd.,F2866     ,Abandoned,22-Apr-25,0CW8,Lexin Resources Ltd.,C300,1-May-01,26-Aug-06,"Regenerative, Acid Gas Flaring",425,412,,,,,27,,0.98,,,0.98,,1-Jan-91,1-Aug-14
ABGP0001397,,Gp Acid Gas Flaring,,00/01-20-070-22W4,55.070718,-113.310687,CALLING LAKE S 1-20-70-22W4,CALLING LAKE SOUTH,0HE9,Canadian Natural Resources Limited,F14973    ,Amended,24-Mar-22,0HE9,Canadian Natural Resources Limited,C300,24-Jan-01,24-Mar-22,"Regenerative, Acid Gas Flaring",425,420,,,,,,6.2,0.58,,,0.58,,1-Jan-91,1-Jul-25
ABGP0001398,,Gas Plant Sweet,,/04-17-052-18W4,,,ANADARKO BEAVERHILL LAKE,BEAVERHILL LAKE,0HE9,Canadian Natural Resources Limited,,,,,,,,,,,,,,,,,,,,,,,,
,,,,,,,,,,,,,,,,,,,,,,,,,,,,,,,,,,
ABGP0001399,,Gp Acid Gas Flaring%,,/10-34-042-05W5,52.663492,-114.632957,IMPERIAL WILSON CREEK,PEMBINA,A8HW,Gran Tierra Canada Ltd.,F9072     ,Abandoned,15-Nov-16,A8HW,Gran Tierra Canada Ltd.,C300,2-Mar-01,24-Nov-07,"Regenerative, Acid Gas Flaring",341,311,0,0,0,0,40.4,0,0.95,,,0.95,,1-Jan-91,1-Jul-13
ABGP0001400,,Gas Plant Sweet,,/14-08-055-03W5,,,* CLEARPORT GUNN,GUNN,0066,Clearport Holdings Ltd,,,,,,,,,,,,,,,,,,,,,,,,
ABGP0001401,,Gas Plant Sweet,,00/01-25-057-23W4,53.952063,-113.273309,OPAL 01-25-057-23W4 GP,REDWATER,0RL9,Baytex Energy Ltd.,F13248    ,Amended,10-Feb-12,0RL9,Baytex Energy Ltd.,B010,1-Mar-01,10-Feb-12,,42,20,0,0,0,0,0,0.1,0,,,,,1-Jan-91,1-Jul-22
ABGP0001402,,Gp Sulphur Rcvry,,03/11-22-049-12W5,53.244994,-115.674014,KEYERA PEMBINA GAS PLANT 11-22,PEMBINA,A9CE,Tmax Energy Ltd.,F11490    ,Amended,16-Dec-13,A9CE,Tmax Energy Ltd.,D400,1-Mar-01,16-Dec-13,"Regenerative, Acid Gas Injection, Acid Gas Flaring","1,220.00",1156,,,,,166.1,,29.7,,,0.41,95.9,1-Jan-91,1-Jul-25
ABGP0001403,,Gas Plant Sweet,,00/07-16-064-21W5,54.534587,-117.107966,TONY CREEK NORTH 7-16-64-21W5,TONY CREEK NORTH,0HE9,Canadian Natural Resources Limited,F14207    ,Amended,24-Jan-07,0HE9,Canadian Natural Resources Limited,B020,27-Feb-01,24-Jan-07,,450,,,,,,,,0,,,,,1-Jan-91,1-Apr-05
ABGP0001404,,Gas Plant Sweet,,00/02-14-077-25W5,55.666947,-117.760259,EAGLESHAM SOUTH 2-24-77-25w5,EAGLESHAM,0HE9,Canadian Natural Resources Limited,F15997    ,Amended,4-Oct-06,0HE9,Canadian Natural Resources Limited,C300,28-Feb-01,4-Oct-06,,803,791,0,0,0,0,64,0,0.06,,,0.06,,1-Jan-91,1-Apr-14
ABGP0001405,,Gas Plant Sweet,,/07-09-054-21W5,53.648206,-117.031036,* TALISMAN SUNDANCE,SUNDANCE,0039,Repsol Oil & Gas Canada Inc.,F12491    ,Amended,9-May-03,0YA2,Peyto Exploration & Development Corp.,C310,19-Mar-01,26-Aug-06,None,168.9,,,,,,,,0.02,,,,,,
ABGP0001406,,Gas Plant Sweet,,/07-21-042-12W4,52.629073,-111.669917,ALBERTA SELECTA CORP. SEDGEWICK,SEDGEWICK,0026,Ovintiv Canada ULC,F8936     ,Abandoned,30-Sep-09,0026,Ovintiv Canada ULC,B010,28-Feb-01,,,56,,,,,,,,,,,,,1-Jan-91,1-Dec-04
ABGP0001407,,Gas Plant Sweet,,02/13-12-038-27W4,52.257707,-113.738648,AAV JOFFRE 13-12-038-27W4 GP,JOFFRE,0TD9,Advantage Energy Ltd.,F6658     ,Abandoned,18-Nov-22,0TD9,Advantage Energy Ltd.,B010,1-Mar-01,,,110,,,,,,,,,,,,,1-Jan-91,1-Jul-22
ABGP0001408,,Gas Plant Sweet,,00/14-24-036-17W4,52.112298,-112.305568,DEVON LEO,LEO,0HE9,Canadian Natural Resources Limited,F5569     ,Issued,6-Mar-01,0HE9,Canadian Natural Resources Limited,B040,6-Mar-01,26-Aug-06,None,710,,,,,,,,,,,,,,
ABGP0001409,,Gp Acid Gas Flaring%,,/11-25-042-21W4,,,* PANCDN BASHAW,BASHAW,0026,Ovintiv Canada ULC,,,,,,,,,,,,,,,,,,,,,,,,
ABGP0001410,,Gas Plant Sweet,,00/02-30-022-22W4,50.894512,-113.037555,* ENRON BLACKFOOT,BLACKFOOT,A7AG,Lynx Energy ULC,F3218     ,Issued,2-Mar-01,A7AG,Lynx Energy ULC,B040,2-Mar-01,,None,5,,,,,,,,,,,,,,
ABGP0001411,,Gp Acid Gas Inj,,00/08-36-086-19W4,56.497106,-112.856861,PARAMOUNT SALESKI,SALESKI,0Z5F,Sequoia Resources Corp.,F17086    ,Amended,12-Jun-06,0Z5F,Sequoia Resources Corp.,C311,6-Mar-01,26-Aug-06,,474,,,,,,,,0.03,,,0,,1-Jan-91,1-Apr-05
ABGP0001412,,Gas Plant Sweet,,00/06-28-034-15W4,51.945766,-112.077978,ENDIANG 6-28-34-15w4,SPIERS,0HE9,Canadian Natural Resources Limited,F4693     ,Amended,1-Nov-07,0HE9,Canadian Natural Resources Limited,B010,6-Mar-01,1-Nov-07,None,392,381.6,0,0,0,0,21.8,0,0,,,,,1-Jan-91,1-Oct-21
ABGP0001413,,Gas Plant Sweet,,00/02-04-027-13W4,51.272698,-111.772555,SUCCESS BERRY GAS PLANT,BERRY,A50K,Success Resources Ltd.,F3686     ,Issued,2-Mar-01,A50K,Success Resources Ltd.,B010,2-Mar-01,,,84,,,,,,,,,,,,,1-Jan-91,1-Jul-25
ABGP0001414,,Gas Plant Sweet,,00/07-11-015-27W4,50.242666,-113.607323,CAMPUS PARKLAND,PARKLAND NORTHEAST,A8C5,Pivotal Energy Partners Inc.,F1807     ,Issued,28-Feb-01,A8C5,Pivotal Energy Partners Inc.,B010,28-Feb-01,,,"1,130.00",,,,,,,,,,,,,1-Jan-91,1-Jul-25
ABGP0001415,,Gp Sulphur Rcvry,,00/06-18-006-06W4,49.470957,-110.805362,* CIMARRON MANYBERRIES,ETZIKOM,0AL1,Cimarron Petroleum Ltd.,F22694    ,Abandoned,1-Jan-08,A5D4,Cenovus Energy Inc.,B040,22-Mar-01,,,45,,,,,,,,,,,,,,
ABGP0001416,,Gas Plant Sweet,,/07-10-009-06W4,49.718966,-110.736528,* ROAN MED HAT,MEDICINE HAT,0AH9,7246366 Canada Ltd.,F288      ,Cancelled,20-Mar-02,0026,Ovintiv Canada ULC,B010,23-Mar-01,,,14.2,,,,,,,,,,,,,,
ABGP0001417,,Gp Acid Gas Flaring%,,00/14-14-053-20W5,53.581864,-116.844607,GALLOWAY 14-14-53-20W5,ANSELL,0HE9,Canadian Natural Resources Limited,F12354    ,Amended,15-Jul-16,0HE9,Canadian Natural Resources Limited,C300,14-Feb-01,15-Jul-16,"Regenerative, Acid Gas Flaring","4,050.00",3974,0,0,0,0,388.8,306.8,0.99,,,0.87,,1-Jan-91,1-Jul-25
ABGP0001418,,Gas Plant Sweet,,00/10-04-066-23W5,54.684763,-117.413441,ANTE CREEK 10-4-66-23W5,ANTE CREEK NORTH,0HE9,Canadian Natural Resources Limited,F14558    ,Amended,24-Nov-11,0HE9,Canadian Natural Resources Limited,B010,27-Feb-01,24-Nov-11,,382,362.8,0,0,0,0,45,0,0,,,,,1-Jan-91,1-Jul-25
ABGP0001419,,Gas Plant Sweet,,00/04-05-045-12W4,52.845108,-111.718372,KILLAM N 04-05-045-12W4 GAS PLANT,KILLAM NORTH,A71K,Axiom Oil and Gas Inc.,F9653     ,Amended,21-Nov-06,A71K,Axiom Oil and Gas Inc.,B010,28-Feb-01,21-Nov-06,,340,190,0,0,0,0,0,2,0,,,,,1-Jan-91,1-Jul-25
ABGP0001420,,Gp Acid Gas Inj,,/10-23-067-24W4,,,* STEALTH BIG COULEE,BIG COULEE,0NG7,Stealth Resources Limited,,,,,,,,,,,,,,,,,,,,,,,,
ABGP0001421,,Gas Plant Sweet,,/07-08-006-22W4,49.456004,-112.928634,BONAVISTA BLOOD,BLOOD,A04N,Tamarack Valley Energy Ltd.,F160      ,Abandoned,15-Mar-09,A9AX,Sharptail Energy Inc,B010,1-Mar-01,,None,324.07,,,,,,,,,,,,,1-Jan-91,1-Jul-06
ABGP0001422,,Gas Plant Sweet,,00/16-01-082-17W4,56.084389,-112.514876,* CHEVRON HOUSE,HOUSE,0045,Chevron Canada Limited,F16772    ,Issued,14-Feb-01,0HE9,Canadian Natural Resources Limited,B040,14-Feb-01,,,250,,,,,,,,,,,,,,
ABGP0001423,,Gas Plant Sweet,,03/10-28-069-10W5,55.00503,-115.460109,STAR SWAN HILLS,SWAN HILLS,A7N3,Acquisition Oil Corp.,F31225    ,Amended,3-Nov-06,A7N3,Acquisition Oil Corp.,C300,11-Mar-04,3-Nov-06,Nonregenerative,30,20,0,0,0,0,10,0,0.01,,,0,,1-Jan-91,1-May-20
ABGP0001424,,Gas Plant Sweet,,00/10-33-085-11W6,56.415034,-119.670956,Boundary Lake Central 10-33 Plant,HILL,A73W,Enercapita Energy Ltd.,F22199    ,Issued,28-Feb-01,A73W,Enercapita Energy Ltd.,B010,28-Feb-01,,,70,,,,,,,,,,,,,1-Jan-91,1-Nov-23
ABGP0001425,,Gas Plant Sweet,,02/09-21-038-23W4,52.28492,-113.2253,PENGROWTH MKWAN 102/09-21-038-23W4,MIKWAN,A7H2,AlphaBow Energy Ltd.,F6609     ,Amended,5-Mar-09,A7H2,AlphaBow Energy Ltd.,B010,2-Mar-01,5-Mar-09,,18,17,0,0,0,0,6.3,0,0,,,,,1-Jan-91,1-Jul-25
ABGP0001426,,Gp Acid Gas Flaring,,00/11-31-049-05W5,53.274841,-114.723826,SHININGBANK BERRYMOOR PEMBINA,PEMBINA,A8K9,Ricochet Oil Corp.,F11290    ,Amended,5-Oct-12,A8K9,Ricochet Oil Corp.,C300,2-Mar-01,5-Oct-12,"Regenerative, Acid Gas Flaring",198,182,0,0,0,0,54,0,0.4,,,0.4,,1-Jan-91,1-Jul-25
ABGP0001427,,Gp Acid Gas Flaring,,00/05-32-098-07W6,57.54699,-119.108997,KEYERA CHINCHAGA NORTH 05-32-98-7W6,CHINCHAGA,A0C0,Keyera Energy Ltd.,F17727    ,Abandoned,13-Jun-25,A0C0,Keyera Energy Ltd.,C300,1-Mar-01,5-Oct-06,,"4,118.00",4015.7,,,,,,118.5,0.96,,,0.96,,1-Jan-91,1-Nov-18
ABGP0001428,,Gas Plant Sweet,,/10-10-084-12W6,56.269617,-119.801848,STAR BOUNDARY LAKE SOUTH,BOUNDARY LAKE SOUTH,A73W,Enercapita Energy Ltd.,F17014    ,Abandoned,2-Sep-96,A73W,Enercapita Energy Ltd.,C300,6-Mar-01,2-Nov-06,,62,,,,,,,,3.36,,,,,,
ABGP0001429,,Gas Plant Sweet,,/14-35-029-24W4,51.530561,-113.277847,TARRAGON SWALWELL,SWALWELL,A1H9,Ember Resources Inc.,F4023     ,Amended,1-Jun-21,A1H9,Ember Resources Inc.,B010,5-Mar-01,1-Jun-21,None,350,167.2,22800.2,0,0,0,2.8,0,0,,,,,1-Jan-91,1-Jul-25
ABGP0001430,,Gas Plant Sweet,,00/06-24-044-16W4,52.80616,-112.19443,* TARRAGON TWINING,TWINING,A5D4,Cenovus Energy Inc.,F9441     ,Issued,12-Apr-01,A74Y,Tidewater Midstream and Infrastructure Ltd.,B040,12-Apr-01,,,56.63,,,,,,,,,,,,,,
ABGP0001431,,Gas Plant Sweet,,/01-25-035-14W4,,,C STAR SULLIVAN LAKE,SULLIVAN LAKE,0G30,ARC Resources Ltd.,,,,,,,,,,,,,,,,,,,,,,,,
ABGP0001432,,Gas Plant Sweet,,00/06-24-044-16W4,52.80616,-112.19443,* CABRE STROM,FORESTBURG,0BP7,Cabre Exploration Ltd.,F9441     ,Issued,12-Apr-01,A74Y,Tidewater Midstream and Infrastructure Ltd.,B040,12-Apr-01,,,56.63,,,,,,,,,,,,,,
ABGP0001433,,Gp Acid Gas Flaring,,00/06-01-077-21W5,55.6408,-117.1204,DONNELLY 6-1-77-21W5,GIROUXVILLE EAST,A517,Long Run Exploration Ltd.,F15991    ,Amended,15-Aug-14,A517,Long Run Exploration Ltd.,D400,28-Feb-01,15-Aug-14,"Regenerative, Acid Gas Injection","1,132.00",1057,,,,,100,19.3,4.8,,,0,69.7,1-Jan-91,1-Nov-14
ABGP0001434,,Gas Plant Sweet,,00/14-01-024-22W4,51.021612,-112.944062,PANCDN HUSSAR,HUSSAR,A7AG,Lynx Energy ULC,F3473     ,Amended,23-May-03,A7AG,Lynx Energy ULC,B010,6-Mar-01,11-Oct-12,,"1,831.30",1831.3,0,0,0,0,33,44.8,0,0,,,,1-Jan-91,1-Jul-25
ABGP0001435,,Gp Acid Gas Inj,,/10-27-078-19W5,55.790378,-116.856306,* PENNZOIL ROXANA,ROXANA,0L27,625894 Alberta Inc.,F16161    ,Abandoned,17-May-03,0BP8,Obsidian Energy Ltd.,C300,2-Apr-01,,,12,,,,,,,,,,,,,,
ABGP0001436,,Gas Plant Sweet,,/15-05-062-01W5,54.34079,-114.1113,CONOCO JOARVIE,JARVIE,0AW4,Paramount Resources Ltd.,F13820    ,Abandoned,10-Jan-20,0AW4,Paramount Resources Ltd.,B010,1-Mar-01,,,324,,,,,,,,,,,,,1-Jan-91,1-Nov-18
ABGP0001437,,Gp Acid Gas Flaring%,,/03-26-033-06W5,51.85611,-114.75056,CASCADE CAROLINE,CAROLINE,A2TG,TAQA North Ltd.,F4557     ,Amended,4-Nov-08,A2TG,TAQA North Ltd.,B010,7-Dec-00,4-Nov-08,"Regenerative, Acid Gas Flaring","1,352.00",1315,0,0,0,0,145.5,121.5,0,,,,,1-Jan-91,1-Jul-25
ABGP0001438,,Gas Plant Sweet,,00/11-16-030-10W4,51.57127,-111.356137,STANMORE 11-16-30-10W4,STANMORE,0HE9,Canadian Natural Resources Limited,F4072     ,Abandoned,30-Sep-21,0HE9,Canadian Natural Resources Limited,B010,1-Mar-01,26-Aug-06,,80,74.5,,,,,,3,0,,,,,1-Jan-91,1-Mar-12
ABGP0001439,,Gas Plant Sweet,,/08-27-035-19W4,52.032051,-112.627624,THUNDER FENN BIG VALLEY,FENN-BIG VALLEY,A1H9,Ember Resources Inc.,F5076     ,Amended,21-Nov-02,A1H9,Ember Resources Inc.,B010,6-Mar-01,26-Aug-06,,340,339.3,0,0,0,0,26.4,0,0,0,,,,1-Jan-91,1-Dec-12
ABGP0001440,,Gas Plant Sweet,,/11-20-042-25W4,52.632306,-113.570922,ENERMARK CHIGWELL,CHIGWELL,A1H9,Ember Resources Inc.,F9025     ,Abandoned,31-Aug-22,A1H9,Ember Resources Inc.,B010,2-Mar-01,,,200,,,,,,,,,,,,,1-Jan-91,1-Feb-18
ABGP0001441,,Gp Acid Gas Inj,,/06-02-016-15W4,50.31555,-111.966361,PANCDN ALDERSON,ALDERSON,0HE9,Canadian Natural Resources Limited,F1970     ,Amended,24-Oct-06,A7NW,Torxen Energy Ltd.,C300,6-Mar-01,24-Oct-06,,170,155,,,,,,,0.74,,,0.74,,1-Jan-91,1-Jun-15
ABGP0001442,,Gp Acid Gas Inj,,/04-26-041-16W4,,,BURLINGTON FORESTBURG S/D 88,FORESTBURG,A5G3,ConocoPhillips Canada Resources Corp.,,,,,,,,,,,,,,,,,,,,,,,,
,,,,,,,,,,,,,,,,,,,,,,,,,,,,,,,,,,
ABGP0001443,,Gp Acid Gas Flaring,,00/15-11-059-25W4,54.09061,-113.63329,CONOCO WESTLOCK,WESTLOCK,0AW4,Paramount Resources Ltd.,F21068    ,Abandoned,20-Nov-19,0AW4,Paramount Resources Ltd.,C300,1-Mar-01,,,597,,,,,,,,,,,,,1-Jan-91,1-Jan-19
ABGP0001444,,Gp Acid Gas Inj,,00/10-03-035-04W4,51.977787,-110.489683,APACHE MONITOR,PROVOST,A7BT,Karve Energy Inc.,F4827     ,Abandoned,2-Mar-20,A7BT,Karve Energy Inc.,B040,29-Mar-01,26-Aug-06,,617.3,,,,,,,,,,,,,1-Jan-91,1-Dec-04
ABGP0001445,,Gas Plant Sweet,,/06-19-045-06W5,52.893012,-114.862677,PENN WEST PEMBINA,PEMBINA,0YT7,Mancal Energy Inc.,F9753     ,Amended,23-Dec-15,0YT7,Mancal Energy Inc.,B010,6-Mar-01,23-Dec-15,,680,425,0,0,0,0,50,15,0,,,,,1-Jan-91,1-Jul-25
ABGP0001446,,Gas Plant Sweet,,/09-31-039-20W4,,,HUSKY ERSKINE 9-31,ERSKINE,A5D4,Cenovus Energy Inc.,,,,,,,,,,,,,,,,,,,,,,,,
ABGP0001447,,Gas Plant Sweet,,/06-36-038-11W5,52.309946,-115.444551,FOREST DEANNE,DEANNE,0254,Forest Oil Corporation,F6772     ,Abandoned,7-Nov-06,A2TG,TAQA North Ltd.,B010,20-Mar-01,,,43,,,,,,,,,,,,,,
ABGP0001448,,Gas Plant Sweet,,/16-36-045-04W5,,,* STRIKE CRYSTAL,PEMBINA,A8HW,Gran Tierra Canada Ltd.,,,,,,,,,,,,,,,,,,,,,,,,
ABGP0001449,,Gas Plant Sweet,,/13-11-048-20W4,53.13429,-112.82424,APF ENERGY JOARCAM,JOARCAM,A5RD,Enerplus Corporation,F10598    ,Issued,28-Feb-01,A5RD,Enerplus Corporation,B010,28-Feb-01,,,112,,,,,,,,,,,,,1-Jan-91,1-Oct-07
ABGP0001450,,Gp Acid Gas Inj,,/05-18-067-22W4,54.796971,-113.358439,ORION BAPTISTE,BAPTISTE,0WJ5,Orion Energy Holdings Inc.,F14623    ,Abandoned,27-Jan-25,0HE9,Canadian Natural Resources Limited,C300,28-Feb-01,,,110,,,,,,,,,,,,,,
ABGP0001451,,Gp Acid Gas Inj,,/14-21-089-21W4,56.737,-113.2942,CORKER LIEGE,LIEGE,A573,Tourmaline Oil Corp.,F17377    ,Abandoned,15-Jan-14,A573,Tourmaline Oil Corp.,C300,6-Mar-01,26-Aug-06,,95,76,0,0,0,0,0,0,0.02,0,,0.02,,1-Jan-91,1-Feb-12
ABGP0001452,,Gas Plant Sweet,,00/15-16-056-20W4,53.845844,-112.908156,HUSKY REDWATER 15-16,REDWATER,A7D0,Point Bar Resources Inc.,F12949    ,Amended,22-Dec-11,A7D0,Point Bar Resources Inc.,B030,23-Mar-01,22-Dec-11,,60,,,,,,,,0,,,,,1-Jan-91,1-Aug-05
ABGP0001453,,Gp Acid Gas Inj,,/06-36-033-02W4,51.873208,-110.162369,PENN WEST COMPEER,COMPEER,0BP8,Obsidian Energy Ltd.,F4460     ,Abandoned,17-May-03,0BP8,Obsidian Energy Ltd.,C300,12-Mar-01,,,35.6,,,,,,,,,,,,,,
ABGP0001454,,Gp Acid Gas Flaring,,00/14-36-053-26W4,53.627084,-113.704331,00/14-36-053-26W4 St Albert GP,ST ALBERT-BIG LAKE,A97N,Sinopec Canada Energy Ltd.,F12285    ,Amended,28-Oct-10,A97N,Sinopec Canada Energy Ltd.,C311,2-Apr-01,30-Oct-14,"Regenerative, Acid Gas Flaring",140,,,,,,,,0.21,,,0,,1-Jan-91,1-Aug-14
ABGP0001455,,Gas Plant Sweet,,/02-03-035-19W4,51.970348,-112.633686,* PAZ FENN-BIG VALLEY,FENN-BIG VALLEY,A2PH,Journey Energy Inc.,F5075     ,RecCertified,6-Jan-18,A8FG,Strathcona Resources Ltd.,B010,14-Mar-01,,,113,,,,,,,,,,,,,,
ABGP0001456,,Gas Plant Sweet,,00/10-34-040-04W5,52.48859,-114.49053,Gilby-10-34-040-04 W5M,GILBY,0Z0H,Harvest Operations Corp.,F8246     ,Amended,9-Mar-09,0Z0H,Harvest Operations Corp.,B010,2-Mar-01,9-Mar-09,,564,558,0.2,0,7.2,0,71,0,0,,,,,1-Jan-91,1-May-23
ABGP0001457,,Gas Plant Sweet,,/16-35-016-16W4,50.395516,-112.092368,KANEX GRAND PRIX SCANDIA,RAINIER,A50K,Success Resources Ltd.,F1978     ,Amended,11-Jan-12,A50K,Success Resources Ltd.,B020,1-May-01,11-Jan-12,,196,,,,,,,,0,,,,,1-Jan-92,1-Sep-12
ABGP0001458,,Gp Sulphur Rcvry,,00/10-10-047-14W5,53.043209,-115.958073,KEYERA WEST PEMBINA 10-10-047-14W5,BRAZEAU RIVER,A0C0,Keyera Energy Ltd.,F10465    ,Abandoned,23-Mar-23,A0C0,Keyera Energy Ltd.,E600,6-Mar-01,3-Feb-14,"Regenerative, Acid Gas Sulphur Recovery, Acid Gas Flaring, Claus Process, CBA Process","4,131.00",3499,0,0,0,0,197,1058,50,47.95,,2.05,95.9,1-Jan-91,1-May-24
ABGP0001459,,Gp Acid Gas Flaring%,,/06-30-012-25W4,50.024943,-113.40503,CONOCO CLARESHOLM,CLARESHOLM,0HE9,Canadian Natural Resources Limited,F960      ,RecCertified,28-Oct-16,A5G3,ConocoPhillips Canada Resources Corp.,C300,1-May-01,,,283,,,,,,,,,,,,,,
ABGP0001460,,Gp Acid Gas Inj,,00/04-01-022-21W4,50.836553,-112.795124,* KAN ENERGY GLEICHEN,GLEICHEN,0HT2,Kanamera Texas Sentry Operating Partnership.,F21788    ,Issued,2-Mar-01,A7AG,Lynx Energy ULC,B020,2-Mar-01,,,792.7,,,,,,,,,,,,,,
ABGP0001461,,Gas Plant Sweet,,/12-31-094-18W4,57.20108,-112.900511,PARAMOUNT LEGEND,LIEGE,A28L,Athabasca Oil Corporation,F17585    ,Amended,21-Jan-02,A28L,Athabasca Oil Corporation,B010,1-May-01,26-Aug-06,,"1,237.00",1189,0,0,0,0,0,0,0,0,,,,1-Jan-91,1-Feb-11
ABGP0001462,,Gas Plant Sweet,,02/06-10-061-22W5,54.259214,-117.215474,AMOCO BIGSTONE DUNVEGAN,BIGSTONE,A62D,BP Canada Energy Group ULC,F13773    ,Abandoned,31-Oct-01,0AW4,Paramount Resources Ltd.,B010,1-Mar-01,,,900,,,,,,,,,,,,,,
ABGP0001463,,Gp Acid Gas Flaring,,00/07-20-078-12W6,55.77365,-119.8195,WESTROCK POUCE COUPE SOUTH,POUCE COUPE SOUTH,0TD9,Advantage Energy Ltd.,F16293    ,Amended,17-Jun-15,0TD9,Advantage Energy Ltd.,C300,2-Mar-01,17-Jun-15,"Regenerative, Acid Gas Flaring",46,36.78,,,,,21.1,,0.2,,,0.2,,1-Jan-91,1-Jul-25
ABGP0001464,,Gas Plant Sweet,,00/13-05-032-17W4,51.719913,-112.388121,PROVIDENT CRAIGMYLE,CRAIGMYLE,0T82,Prairie Provident Resources Canada Ltd.,F4323     ,Amended,12-Dec-12,0T82,Prairie Provident Resources Canada Ltd.,B010,12-Feb-01,12-Dec-12,None,227.14,208.19,0,0,0,0,49.3,0,0,,,,,1-Jan-91,1-Sep-21
ABGP0001465,,Gp Acid Gas Inj,,00/10-16-049-23W4,53.230683,-113.302966,BAYTEX KNELLER,KNELLER,0RL9,Baytex Energy Ltd.,F11114    ,Abandoned,10-Mar-98,A7H2,AlphaBow Energy Ltd.,C300,30-Apr-01,,,0,,,,,,,,,,,,,,
ABGP0001466,,Gas Plant Sweet,,00/08-36-033-21W4,51.872736,-112.843178,HUSKY RUMSEY 8-36,RUMSEY,A663,Trident Exploration (Alberta) Corp.,F4488     ,Issued,19-Mar-01,0EE3,Endrum Energy Corp.,B040,19-Mar-01,,,89.6,,,,,,,,,,,,,,
ABGP0001467,,Gas Plant Sweet,,02/08-29-040-06W5,52.470527,-114.819462,SURGE WILLESDEN GR 08-29-040-06W5 GP,WILLESDEN GREEN,0YK4,Surge Energy Inc.,F8264     ,Issued,1-Mar-01,0YK4,Surge Energy Inc.,B010,1-Mar-01,,,15,,,,,,,,,,,,,1-Jan-91,1-May-18
ABGP0001468,,Gas Plant Sweet,,00/09-28-053-18W4,53.607075,-112.582426,MUNDARE 09-28-053-18W4 GAS PLANT,NORRIS,A71K,Axiom Oil and Gas Inc.,F12237    ,Amended,4-Jul-07,A71K,Axiom Oil and Gas Inc.,B010,28-Feb-01,4-Jul-07,,282,281,0,0,0,0,0,1.3,0,,,,,1-Jan-91,1-Oct-21
ABGP0001469,,Gp Acid Gas Flaring%,,00/16-24-018-14W4,50.542694,-111.791756,* CRESTAR BANTRY,BANTRY,A8FG,Strathcona Resources Ltd.,F2366     ,Amended,21-Oct-09,A6A7,Cardinal Energy Ltd.,C321,1-May-01,21-Oct-09,None,8,,,,,,,,0.15,,,0,,,
ABGP0001470,,Gas Plant Sweet,,/01-03-055-22W4,,,* NORCEN FORT SASK,FORT SASKATCHEWAN,0HE9,Canadian Natural Resources Limited,,,,,,,,,,,,,,,,,,,,,,,,
ABGP0001471,,Gas Plant Sweet,,00/04-03-019-09W4,50.575134,-111.179918,* AEC SUFFIELD,SUFFIELD,A868,Ipc Canada Ltd.,F2481     ,Amended,8-Dec-09,A868,Ipc Canada Ltd.,B020,15-Feb-01,8-Dec-09,,566,,,,,,,,0,,,,,,
ABGP0001472,,Gp Acid Gas Flaring,,00/02-11-080-08W5,55.914388,-115.132664,NIPISI 2-11-80-8W5,NIPISI,0HE9,Canadian Natural Resources Limited,F31834    ,Amended,8-Jun-05,0HE9,Canadian Natural Resources Limited,C300,14-Jun-04,26-Aug-06,"Regenerative, Acid Gas Flaring",698.6,618.6,,,,,6.6,,0.47,,,0.47,,1-Jan-91,1-Aug-24
ABGP0001473,,Gas Plant Sweet,,00/15-07-036-15W4,52.08311,-112.133016,PROVOST 15-7-36-15W4,PROVOST,0HE9,Canadian Natural Resources Limited,F5563     ,RecCertified,29-Jan-23,0HE9,Canadian Natural Resources Limited,B010,1-Mar-01,,,202,,,,,,,,,,,,,,
ABGP0001474,,Gas Plant Sweet,,/08-12-034-21W4,51.901866,-112.843167,CRESTAR RUMSEY,RUMSEY,A1GR,Pine Cliff Energy Ltd.,F4702     ,Abandoned,17-May-03,A1GR,Pine Cliff Energy Ltd.,B010,28-Feb-01,,,169,,,,,,,,,,,,,,
ABGP0001475,,Gp Acid Gas Flaring,,/10-34-019-09W4,50.654091,-111.166499,CRESTAR JENNER,JENNER,A868,Ipc Canada Ltd.,F2489     ,Amended,2-Nov-06,A868,Ipc Canada Ltd.,C300,12-Mar-01,2-Nov-06,"Regenerative, Acid Gas Flaring",400,361.81,,,,,18,0,0.54,,,0.54,,1-Jan-91,1-Jul-25
ABGP0001476,,Gas Plant Sweet,,/02-36-040-07W5,,,APACHE WILLESDEN GREEN,WILLESDEN GREEN,A573,Tourmaline Oil Corp.,,,,,,,,,,,,,,,,,,,,,,,1-Jan-91,1-May-02
ABGP0001477,,Gas Plant Sweet,,00/15-31-039-05W5,52.40467,-114.70747,PARA WILLESDEN GREEN,WILLESDEN GREEN,0AW4,Paramount Resources Ltd.,F23558    ,Amended,19-Aug-24,0AW4,Paramount Resources Ltd.,B010,1-May-01,19-Aug-24,,915,850,0,0,0,0,225,1000,0,,,,,1-Jan-91,1-Jul-25
ABGP0001478,,Gas Plant Sweet,,00/03-17-047-27W4,53.046899,-113.917115,* IMPERIAL INJECTION,BONNIE GLEN,0007,Imperial Oil Resources Limited,F10153    ,Amended,24-Oct-06,0007,Imperial Oil Resources Limited,D400,2-Mar-01,24-Nov-07,"Regenerative, Acid Gas Injection","7,323.00",6368,3062,0,1970,1135,0,1120,10,,,0,89.7,1-Jan-92,1-Jan-00
ABGP0001479,,Gp Acid Gas Inj,,00/03-18-067-10W5,54.794173,-115.516916,Judy Creek GP 3-18-67-10W5,SWAN HILLS,0HE9,Canadian Natural Resources Limited,F14657    ,Amended,4-Sep-02,0HE9,Canadian Natural Resources Limited,D440,6-Mar-01,26-Aug-06,None,"1,409.00",,,,,,,,1.91,,,,,1-Jan-91,1-Aug-05
ABGP0001480,,Gas Plant Sweet,,00/01-18-017-18W4,50.428507,-112.45954,EYREMORE 1-18-17-18w4,EYREMORE,0HE9,Canadian Natural Resources Limited,F2226     ,Amended,10-Sep-04,0HE9,Canadian Natural Resources Limited,B010,5-Mar-01,26-Aug-06,None,850,844.1,0,0,0,0,12.9,0,0,0,,,,1-Jan-91,1-Jul-25
ABGP0001481,,Gp Acid Gas Inj,,/11-19-055-20W5,,,* CHAUVCO NOSEHILL,NOSEHILL,A2TG,TAQA North Ltd.,,,,,,,,,,,,,,,,,,,,,,,,
ABGP0001482,,Gp Sulphur Rcvry,,00/04-31-048-12W5,53.179522,-115.753482,BRC 04-31-048-12W5 GAS PLANT,BRAZEAU RIVER,A74Y,Tidewater Midstream and Infrastructure Ltd.,F11034    ,Amended,8-Dec-23,A74Y,Tidewater Midstream and Infrastructure Ltd.,E600,6-Mar-01,8-Dec-23,"Regenerative, Acid Gas Sulphur Recovery, Acid Gas Flaring, Claus Process, MCRC Process","6,650.00",5400,600,0,1050,400,875,1956,500,492,,8,98.4,1-Jan-91,1-Jul-25
ABGP0001483,,Gas Plant Sweet,,/16-32-030-17W4,,,HUSKY MICHICHI 16-32,MICHICHI,A5D4,Cenovus Energy Inc.,,,,,,,,,,,,,,,,,,,,,,,,
ABGP0001484,,Gp Acid Gas Flaring,,00/01-18-068-23W4,54.878441,-113.488692,BAPTISTE 1-18-68-23W4,BAPTISTE,0HE9,Canadian Natural Resources Limited,F14732    ,Abandoned,17-Nov-13,0HE9,Canadian Natural Resources Limited,C300,1-Mar-01,26-Aug-06,,170,159,,,,,,,0.05,,,0.05,,1-Jan-91,1-Oct-06
ABGP0001485,,Gp Acid Gas Inj,,00/11-15-055-25W4,53.75433,-113.634112,MORINVILLE 11-15-55-25W4,MORINVILLE,A8BA,Maga Energy Ltd.,F12728    ,Abandoned,3-Sep-15,A8BA,Maga Energy Ltd.,C340,14-Mar-01,26-Aug-06,,28.2,,,,,,,,0.06,,,,,,
ABGP0001486,,Gp Acid Gas Flaring,,/13-29-080-23W5,55.968408,-117.572578,KETCH TANGENT,TANGENT,0BP8,Obsidian Energy Ltd.,F16551    ,Abandoned,26-Oct-21,0BP8,Obsidian Energy Ltd.,C300,19-Mar-01,26-Aug-06,"Regenerative, Acid Gas Flaring",401,380,,,,,6,,0.9,,,0.89,,1-Jan-91,1-Dec-18
,,,,,,,,,,,,,,,,,,,,,,,,,,,,,,,,,,
ABGP0001487,,Gas Plant Sweet,,/09-31-056-06W5,53.884222,-114.872932,ENRON SANGUDO,CHERHILL,0HE9,Canadian Natural Resources Limited,F13088    ,RecCertified,20-Dec-22,0HE9,Canadian Natural Resources Limited,C300,2-Mar-01,,,70.8,,,,,,,,0.01,,,,,,
ABGP0001488,,Gp Sulphur Rcvry,,/10-12-019-02W5,50.595575,-114.149052,* TALISMAN TURNER VALLEY,HARTELL,0039,Repsol Oil & Gas Canada Inc.,F2598     ,RecExempt,2-Dec-05,0YA2,Peyto Exploration & Development Corp.,E600,26-Mar-01,,,0,,,,,,,,,,,,,,
ABGP0001489,,Gas Plant Sweet,,/06-06-094-01W6,57.124253,-118.150747,* AMOCO HOTCHKISS,HOTCHKISS,0YK4,Surge Energy Inc.,F17604    ,Amended,9-Feb-01,0YK4,Surge Energy Inc.,B040,9-Feb-01,26-Aug-06,,43,,,,,,,,0,,,,,,
ABGP0001490,,Gas Plant Sweet,,00/15-23-018-14W4,50.541045,-111.823038,BLACKSPUR BANTRY GP 15-23-018-14W4,BANTRY,0L94,Delta Consultants (1973) Ltd.,F2363     ,Amended,22-Dec-23,A8TZ,Astara Energy Corp.,C321,1-Mar-01,22-Dec-23,Nonregenerative,50.85,,,,,,,,0.34,,,0,,,
ABGP0001491,,Gp Acid Gas Flaring,,00/10-35-042-02W4,52.661627,-110.181582,* AVORD CHAUVIN S,CHAUVIN SOUTH,0T92,Avord Oil & Gas Ltd,F8902     ,Amended,2-Jun-16,0YK4,Surge Energy Inc.,C321,23-Mar-01,2-Jun-16,None,1,,,,,,,,0.5,,,0.5,,,
ABGP0001492,,Gas Plant Sweet,,00/16-20-031-24W4,51.674651,-113.365313,* MOBIL TWINING,TWINING,0M13,Bumper Development Corporation Ltd.,F4254     ,Amended,5-Sep-14,0J66,"Barnwell of Canada, Limited",B030,2-Mar-01,5-Sep-14,,16.3,,,,,,,,0,,,,,,
ABGP0001493,,Gas Plant Sweet,,00/06-29-076-04W6,55.61194,-118.584611,* ANDERSON RYCROFT,RYCROFT,0HE9,Canadian Natural Resources Limited,F15824    ,Abandoned,17-May-03,0HE9,Canadian Natural Resources Limited,B010,28-Feb-01,,,110,,,,,,,,,,,,,,
ABGP0001494,,Gas Plant Sweet,,/11-03-049-21W4,,,CABRE JOARCAM,JOARCAM,A5RD,Enerplus Corporation,,,,,,,,,,,,,,,,,,,,,,,1-Jan-91,1-Feb-12
ABGP0001495,,Gas Plant Sweet,,/06-36-050-07W5,53.35698,-114.89584,SIGNALTA PEMBINA,PEMBINA,0R89,Signalta Resources Limited,F11693    ,Issued,2-Feb-01,0R89,Signalta Resources Limited,B010,2-Feb-01,26-Aug-06,,197,166.2,0,0,0,0,150,0,,0,,,,1-Jan-91,1-Jul-10
ABGP0001496,,Gas Plant Sweet,,/01-30-035-13W4,,,* ALTEX SULLIVAN LAKE,SULLIVAN LAKE,0039,Repsol Oil & Gas Canada Inc.,,,,,,,,,,,,,,,,,,,,,,,,
ABGP0001497,,Gas Plant Sweet,,00/10-33-052-21W5,53.535639,-117.032424,MEDLODGE 10-33-052-21W5 GP,MEDICINE LODGE,0YA2,Peyto Exploration & Development Corp.,F12197    ,Amended,14-Dec-16,0YA2,Peyto Exploration & Development Corp.,B010,1-May-01,14-Dec-16,,570,566,0,0,0,0,11.5,73.9,0,,,,,1-Jan-91,1-Jul-25
ABGP0001498,,Gp Acid Gas Inj,,/10-28-028-03W4,51.42398,-110.36375,BONAVISTA BENTON,BENTON,A0A7,NuVista Energy Ltd.,F3765     ,RecCertified,18-Apr-20,A0A7,NuVista Energy Ltd.,C300,1-May-01,,None,57.3,,,,,,,,0.09,,,,,,
ABGP0001499,,Gas Plant Sweet,,/06-31-020-24W4,50.738119,-113.319558,CYPRESS FARROW,HERRONTON,A2TG,TAQA North Ltd.,F2861     ,Issued,1-Mar-01,A2TG,TAQA North Ltd.,B010,1-Mar-01,,,340,,,,,,,,,,,,,1-Jan-91,1-Jul-25
ABGP0001500,,Gas Plant Sweet,,/07-06-035-24W4,51.97209,-113.41487,* GRAD & WALKER HUXLEY,HUXLEY,A1GR,Pine Cliff Energy Ltd.,F5110     ,Abandoned,4-Sep-01,A1GR,Pine Cliff Energy Ltd.,B010,28-Feb-01,,,113,,,,,,,,,,,,,,
ABGP0001501,,Gp Acid Gas Flaring,,00/06-03-044-22W4,52.761789,-113.118118,MALMO 6-3-44-22W4,MALMO,0HE9,Canadian Natural Resources Limited,F9464     ,Abandoned,10-Oct-19,0HE9,Canadian Natural Resources Limited,B010,2-Mar-01,13-May-08,,152,133,0,0,0,0,7,0,0,,,,,1-Jan-91,1-Jul-09
ABGP0001502,,Gas Plant Sweet,,00/14-22-049-23W4,53.25028,-113.28148,* TRITON KNELLER,KNELLER,0382,World Wide Energy Co.ltd.,F11117    ,RecCertified,19-May-21,A0TK,AltaGas Ltd.,C300,28-Feb-01,,,43,,,,,,,,0.06,,,,,,
ABGP0001503,,Gas Plant Sweet,,/02-04-031-15W4,,,* POCO WATTS,WATTS,A5G3,ConocoPhillips Canada Resources Corp.,,,,,,,,,,,,,,,,,,,,,,,,
ABGP0001504,,Gas Plant Sweet,,/09-29-053-17W5,53.607683,-116.463462,APL EDSON,EDSON,A6L2,Canadian Oil & Gas International Inc.,F12336    ,Abandoned,21-Aug-24,A5BL,Arrow Point Oil & Gas Ltd.,B010,12-Mar-01,18-Feb-11,,280,250,0,0,0,0,10,0,0,,,,,1-Jan-91,1-Apr-14
ABGP0001505,,Gas Plant Sweet,,/04-31-032-23W4,51.782061,-113.262165,CRESTAR TROCHU TWINING,TWINING,0E9L,ConocoPhillips Canada Energy Partnership,F4360     ,Abandoned,8-Sep-09,A5G3,ConocoPhillips Canada Resources Corp.,B010,28-Feb-01,,,185,,,,,,,,,,,,,1-Jan-91,1-Dec-02
ABGP0001506,,Gp Sulphur Rcvry,,00/01-01-078-10W6,55.723649,-119.402247,PROGRESS 1-1-78-10W6,PROGRESS,0HE9,Canadian Natural Resources Limited,F16247    ,Amended,16-May-16,0HE9,Canadian Natural Resources Limited,E600,15-Feb-01,16-May-16,"Regenerative, Acid Gas Sulphur Recovery, Acid Gas Flaring, Claus Process, MCRC Process","4,046.50",3820,0,0,0,0,76.1,137.6,49.5,47.61,,2.03,95.9,1-Jan-91,1-Jul-25
ABGP0001507,,Gas Plant Sweet,,00/08-32-034-17W4,51.958195,-112.369578,BYEMOOR 8-32-34-17w4,LEO,0HE9,Canadian Natural Resources Limited,F4694     ,Amended,29-Oct-07,0HE9,Canadian Natural Resources Limited,B010,6-Mar-01,29-Oct-07,None,180,168,0,0,0,0,4.1,0,0,,,,,1-Jan-91,1-Nov-18
ABGP0001508,,Gas Plant Sweet,,00/16-10-018-10W4,50.511952,-111.29068,BEAU ALDERSON,ALDERSON,0063,Murphy Oil Company Ltd.,F20448    ,Amended,18-Feb-05,0HE9,Canadian Natural Resources Limited,B040,29-Mar-01,26-Aug-06,,"1,200.00",,,,,,,,0,,,,,,
ABGP0001509,,Gp Acid Gas Flaring,,02/08-07-012-13W4,49.98216,-111.756107,GRAND FORKS 8-7-12-13W4,GRAND FORKS,0HE9,Canadian Natural Resources Limited,F791      ,Amended,22-Aug-06,0HE9,Canadian Natural Resources Limited,C300,1-Mar-01,26-Aug-06,,62,49.5,,,,,36.5,,0.98,,,0.98,,1-Jan-91,1-Nov-09
ABGP0001510,,Gp Acid Gas Flaring%,,/06-27-041-13W4,52.555898,-111.795389,ALTAGAS KILLAM,KILLAM,A0TK,AltaGas Ltd.,F8583     ,Abandoned,5-Sep-16,A0TK,AltaGas Ltd.,D400,28-Feb-01,3-Apr-09,"Regenerative, Acid Gas Flaring",178,170.2,,,,,3.3,,1.99,,,1.99,,1-Jan-91,1-Apr-12
ABGP0001511,,Gas Plant Sweet,,00/01-24-052-20W5,53.500499,-116.805113,EDSON WEST 1-24-52-20W5,ANSELL,0HE9,Canadian Natural Resources Limited,F12193    ,Amended,1-Nov-17,0HE9,Canadian Natural Resources Limited,B010,14-Feb-01,1-Nov-17,,"1,700.00",1564,0,0,0,0,339,234,0,,,,,1-Jan-91,1-Jul-25
ABGP0001512,,Gas Plant Sweet,,/11-08-041-23W4,52.516024,-113.280925,* BOW VALLEY BASHAW,BASHAW,0039,Repsol Oil & Gas Canada Inc.,F8700     ,RecExempt,15-Sep-21,A5L8,Teine Energy Ltd.,B010,29-Mar-01,,,144,,,,,,,,,,,,,,
ABGP0001513,,Gas Plant Sweet,,/08-25-039-23W4,52.381402,-113.175044,APACHE NEVIS,NEVIS,A1H9,Ember Resources Inc.,F7218     ,Issued,28-Feb-01,A1H9,Ember Resources Inc.,B010,28-Feb-01,,,130,,,,,,,,,,,,,,
ABGP0001514,,Gas Plant Sweet,,00/16-15-054-02W5,53.670294,-114.201433,CARDIFF 16-15-54-02W5,CARDIFF,A5G3,ConocoPhillips Canada Resources Corp.,F12436    ,RecCertified,16-Dec-24,A5G3,ConocoPhillips Canada Resources Corp.,B010,1-Mar-01,,,282,,,,,,,,,,,,,,
ABGP0001515,,Gas Plant Sweet,,00/07-32-063-20W5,54.492366,-116.984365,KAYBOB 7-32-63-20W5,KAYBOB,0HE9,Canadian Natural Resources Limited,F14038    ,Issued,27-Feb-01,0HE9,Canadian Natural Resources Limited,B040,27-Feb-01,,,174,,,,,,,,,,,,,,
ABGP0001516,,Gas Plant Sweet,,/09-06-046-03W5,52.940067,-114.414637,PENN WEST CRYSTAL,PEMBINA,A2PH,Journey Energy Inc.,F9912     ,Issued,6-Mar-01,A2PH,Journey Energy Inc.,B010,6-Mar-01,,,211,,,,,,,,,,,,,1-Jan-91,1-Jul-25
ABGP0001517,,Gas Plant Sweet,,00/05-11-029-04W5,51.46564,-114.467563,Orlen Lochend 05-11-029-04W5 GP,LOCHEND,A2DE,ORLEN Upstream Canada Ltd.,F4052     ,Amended,12-Jul-12,A2DE,ORLEN Upstream Canada Ltd.,B010,6-Mar-01,12-Jul-12,,567,548,0,0,0,0,83,0,0,,,,,1-Jan-91,1-Jul-25
ABGP0001518,,Gas Plant Sweet,,00/13-32-031-17W4,51.706665,-112.385478,CRAIGMYLE 13-32-31-17W4,CRAIGMYLE,0HE9,Canadian Natural Resources Limited,F4214     ,Amended,24-Oct-07,0HE9,Canadian Natural Resources Limited,B010,6-Mar-01,24-Oct-07,,190,178,0,0,0,0,4.1,0,0,,,,,1-Jan-91,1-Nov-14
ABGP0001519,,Gas Plant Sweet,,00/04-18-032-22W4,51.738103,-113.120149,GHOST PINE 4-18-32-22w4,GHOST PINE,0HE9,Canadian Natural Resources Limited,F4347     ,Amended,13-Sep-12,0HE9,Canadian Natural Resources Limited,B010,5-Mar-01,13-Sep-12,None,250,232,0,0,0,0,28,0,0,,,,,1-Jan-91,1-Jan-23
ABGP0001520,,Gp Sulphur Rcvry,,00/06-19-073-08W6,55.335877,-119.221548,WEMBLEY 06-19-073-08W6,WEMBLEY,A0A7,NuVista Energy Ltd.,F15352    ,Amended,11-Apr-23,A0A7,NuVista Energy Ltd.,D400,1-May-01,19-Mar-25,"Regenerative, Acid Gas Injection, Acid Gas Flaring","3,600.00",3302,,1075,,,229,1245,250,,,0.24,98.3,1-Jan-91,1-Feb-25
ABGP0001521,,Gp Acid Gas Flaring,,00/11-23-083-23W5,56.212956,-117.521631,GRIMSHAW 11-23-83-23W5,GRIMSHAW,A7NA,Prairie Thunder Resources Ltd.,F16934    ,Amended,17-Jan-17,A7NA,Prairie Thunder Resources Ltd.,B040,2-Mar-01,17-Jan-17,,200,,,,,,,,0,,,,,1-Jan-91,1-Apr-07
ABGP0001522,,Gas Plant Sweet,,00/12-29-096-11W6,57.359832,-119.756416,HAMBURG 12-29-096-11W6,HAMBURG,0HE9,Canadian Natural Resources Limited,F17693    ,Amended,22-Apr-16,0HE9,Canadian Natural Resources Limited,C311,1-May-01,22-Apr-16,"None, Acid Gas Flaring","5,050.00",,,,,,,,0.14,,,0,,1-Jan-91,1-Nov-14
ABGP0001523,,Gas Plant Sweet,,/16-36-035-16W4,52.053835,-112.150908,ENDIANG GAS PLANT,PROVOST,0BP8,Obsidian Energy Ltd.,F20265    ,Issued,2-Mar-01,0BP8,Obsidian Energy Ltd.,B010,2-Mar-01,,,225,,,,,,,,,,,,,1-Jan-91,1-Oct-10
ABGP0001524,,Gas Plant Sweet,,00/16-36-055-15W5,53.801025,-116.086016,MCLEOD RIVER 16-36 GAS PLANT,MCLEOD,A6FW,Vermilion Energy Inc.,F12825    ,Amended,9-Jan-22,A6FW,Vermilion Energy Inc.,B010,19-Mar-01,9-Jan-22,,396,376,0,0,0,0,83.3,0,0,,,,,1-Jan-91,1-Jul-25
ABGP0001525,,Gp Acid Gas Flaring,,00/05-30-049-03W5,53.255255,-114.438804,JOURNEY PEMBINA BERRYMOOR,PEMBINA,A8BA,Maga Energy Ltd.,F11210    ,Amended,13-Apr-11,A8BA,Maga Energy Ltd.,C300,27-Feb-01,13-Apr-11,"Regenerative, Acid Gas Flaring",110,90,0,0,0,0,11.8,0,0.5,,,0.48,,1-Jan-91,1-Jul-25
ABGP0001526,,Gas Plant Sweet,,/15-07-035-13W4,,,* POCO SULLIVAN LAKE,SULLIVAN LAKE,A5G3,ConocoPhillips Canada Resources Corp.,,,,,,,,,,,,,,,,,,,,,,,,
ABGP0001527,,Gas Plant Sweet,,00/05-01-039-01W5,52.3249,-114.022813,SYLVAN 05-01-039-01W5 GAS PLANT,MEDICINE RIVER,A74Y,Tidewater Midstream and Infrastructure Ltd.,F7258     ,Issued,6-Mar-01,A74Y,Tidewater Midstream and Infrastructure Ltd.,B010,6-Mar-01,,,850,,,,,,,,,,,,,1-Jan-91,1-Jul-25
ABGP0001528,,Gas Plant Sweet,,00/16-02-031-17W4,51.632762,-112.2995,* POCO MICHICHI,MICHICHI,0HE9,Canadian Natural Resources Limited,F4210     ,Abandoned,17-May-03,0HE9,Canadian Natural Resources Limited,B010,1-Mar-01,,,174,,,,,,,,0,,,,,,
ABGP0001529,,Gas Plant Sweet,,/02-14-072-12W6,55.230338,-119.726044,* ENCAL SINCLAIR,SINCLAIR,A7XK,Blue Sky Resources Ltd.,F15231    ,Abandoned,5-Nov-06,A7XK,Blue Sky Resources Ltd.,B010,1-Mar-01,,,212,,,,,,,,,,,,,,
ABGP0001530,,Gp Sulphur Rcvry,,00/01-35-019-28W4,50.646771,-113.770631,BORDER MIDSTREAM MAZEPPA,OKOTOKS,0CW8,Lexin Resources Ltd.,F2588     ,Abandoned,14-Aug-24,0CW8,Lexin Resources Ltd.,E600,1-Mar-01,26-Aug-06,"Regenerative, Acid Gas Sulphur Recovery, Acid Gas Flaring, Claus Process","3,822.30",3486.2,0,0,0,0,140.2,358.9,586.6,577.6,,9.4,98.4,1-Jan-91,1-Nov-18
,,,,,,,,,,,,,,,,,,,,,,,,,,,,,,,,,,
ABGP0001531,,Gas Plant Sweet,,00/10-07-063-05W6,54.436129,-118.736645,MARATHON KAKWA,KAKWA,A5D4,Cenovus Energy Inc.,F14074    ,Amended,24-Nov-16,A5D4,Cenovus Energy Inc.,B010,5-Mar-01,24-Nov-16,,"1,260.00",1226.3,0,0,0,0,159.2,0,0,,,,,1-Jan-91,1-Jul-25
ABGP0001532,,Gas Plant Sweet,,/16-21-028-13W4,51.415992,-111.763167,HADRIAN BERRY,BERRY,A573,Tourmaline Oil Corp.,F3782     ,Amended,4-Jul-07,A573,Tourmaline Oil Corp.,B010,1-Mar-01,4-Jul-07,,283,273,0,0,0,0,0,3.3,0,,,,,1-Jan-91,1-Jul-18
ABGP0001533,,Gas Plant Sweet,,/16-17-055-14W5,,,* ISH ENERGY MCLEOD,MCLEOD,0PN2,Amber Energy Inc.,,,,,,,,,,,,,,,,,,,,,,,,
ABGP0001534,,Gas Plant Sweet,,/14-13-042-26W4,52.621111,-113.617222,GLENCOE CHIGWELL,CHIGWELL,A7H2,AlphaBow Energy Ltd.,F9026     ,Amended,15-Sep-14,A7H2,AlphaBow Energy Ltd.,B010,2-Mar-01,15-Sep-14,,215,194,0,0,0,0,2.6,0,0,,,,,1-Jan-91,1-Dec-22
ABGP0001535,,Gas Plant Sweet,,00/04-31-018-19W4,50.558927,-112.611064,MAJORVILLE 4-31-18-19w4,MAJORVILLE,0HE9,Canadian Natural Resources Limited,F2409     ,Amended,20-Jul-07,0HE9,Canadian Natural Resources Limited,B010,28-Feb-01,20-Jul-07,,510,500,0,0,0,0,14,23,0,,,,,1-Jan-91,1-Jan-17
ABGP0001536,,Gas Plant Sweet,,00/11-18-059-02W5,54.103239,-114.292474,MANOLA 11-18-059-02W5 GAS PLANT,MANOLA,A71K,Axiom Oil and Gas Inc.,F13450    ,Amended,14-Feb-03,A71K,Axiom Oil and Gas Inc.,B010,28-Feb-01,26-Aug-06,,567,510,,,,,13,,0,,,,,1-Jan-91,1-Jul-25
ABGP0001537,,Gas Plant Sweet,,00/11-34-079-12W6,55.891897,-119.790651,POUCE COUPE 11-34-79-12W6,POUCE COUPE,0HE9,Canadian Natural Resources Limited,F16480    ,Issued,6-Mar-01,0HE9,Canadian Natural Resources Limited,B010,6-Mar-01,,,368.17,,,,,,,,,,,,,1-Jan-91,1-Jul-25
ABGP0001538,,Gas Plant Sweet,,/07-21-039-10W5,52.368536,-115.377582,* ENERGY PROCESSORS PHOENIX,PHOENIX,0JK7,Energy Processors Leasing Ltd.,F7439     ,Abandoned,10-Feb-10,0RL9,Baytex Energy Ltd.,B010,1-May-01,,,48.15,,,,,,,,,,,,,,
ABGP0001539,,Gas Plant Sweet,,/06-27-040-07W4,,,HUSKY OIL PROVOST 6-27 (RESCINDED),PROVOST,A5D4,Cenovus Energy Inc.,,,,,,,,,,,,,,,,,,,,,,,,
ABGP0001540,,Gas Plant Sweet,,02/11-31-041-24W4,52.574204,-113.449689,BONAVISTA CHIGWELL,CHIGWELL,0R89,Signalta Resources Limited,F8742     ,Abandoned,1-Oct-09,0R89,Signalta Resources Limited,B010,1-Mar-01,,,84.54,,,,,,,,,,,,,1-Jan-91,1-Nov-04
ABGP0001541,,Gas Plant Sweet,,00/13-28-031-16W4,51.690904,-112.222508,D Energy Craigmyle Michi 13-28-31-16,WATTS,0T82,Prairie Provident Resources Canada Ltd.,F4206     ,Amended,17-Nov-09,0T82,Prairie Provident Resources Canada Ltd.,B010,1-Mar-01,17-Nov-09,,283.2,270,0,0,0,0,0,6.8,0,,,,,1-Jan-91,1-Jul-25
ABGP0001542,,Gas Plant Sweet,,/13-33-033-20W4,51.880997,-112.791491,STELLARTON ROWLEY,ROWLEY,A1H9,Ember Resources Inc.,F4485     ,Amended,17-Nov-10,A1H9,Ember Resources Inc.,B020,6-Mar-01,17-Nov-10,None,284,,,,,,,,0,,,,,1-Jan-91,1-Jul-25
ABGP0001543,,Gp Acid Gas Flaring,,00/09-20-059-06W5,54.115456,-114.853979,Thunder Lake,GREENCOURT EAST,A0TK,AltaGas Ltd.,F13464    ,Abandoned,10-Dec-20,A0TK,AltaGas Ltd.,C300,28-Feb-01,26-Aug-06,"Regenerative, Acid Gas Flaring",348,338,0,0,0,0,0,25,0.77,0,,0.77,,1-Jan-91,1-Apr-17
ABGP0001544,,Gas Plant Sweet,,/14-10-036-01W5,52.084503,-114.06413,ENCAL TINDASTOLL,TINDASTOLL,A949,2363750 Alberta Ltd.,F5644     ,Issued,1-Mar-01,A949,2363750 Alberta Ltd.,B010,1-Mar-01,,,10,,,,,,,,,,,,,1-Jan-91,1-Apr-14
ABGP0001545,,Gas Plant Sweet,,00/08-07-061-04W5,54.259411,-114.580131,WLE  THUNDER,NEERLANDIA,A71K,Axiom Oil and Gas Inc.,F13720    ,Issued,1-Mar-01,A71K,Axiom Oil and Gas Inc.,B010,1-Mar-01,,,277.5,,,,,,,,,,,,,1-Jan-91,1-Mar-19
ABGP0001546,,Gas Plant Sweet,,/02-24-024-13W4,51.054402,-111.688194,PROVIDENT CESSFORD,CESSFORD,A7AZ,SanLing Energy Ltd.,F3408     ,Abandoned,3-Nov-23,A7AZ,SanLing Energy Ltd.,B010,27-Feb-01,,None,25,,,,,,,,,,,,,1-Jan-91,1-Sep-15
ABGP0001547,,Gp Sulphur Rcvry,,/08-27-051-27W4,53.429268,-113.886781,ATCO GOLDEN SPIKE,GOLDEN SPIKE,A74Y,Tidewater Midstream and Infrastructure Ltd.,F11895    ,Amended,2-Nov-06,A74Y,Tidewater Midstream and Infrastructure Ltd.,D400,1-Mar-01,23-Feb-08,"Both, Acid Gas Injection, Chemical Absorption","1,841.30",1669,0,418.4,0,0,0,27.1,26.46,,,0,95.9,1-Jan-92,1-Aug-13
ABGP0001548,,Gas Plant Sweet,,00/16-21-073-10W6,55.34422,-119.46169,KNOPCIK 16-21 GAS PLANT,WEMBLEY,0039,Repsol Oil & Gas Canada Inc.,F15365    ,Amended,5-Mar-24,0HE9,Canadian Natural Resources Limited,D411,29-Mar-01,5-Mar-24,None,850,,,,,,,,115.31,,,0.07,,1-Jan-91,1-Mar-03
ABGP0001549,,Gas Plant Sweet,,00/09-19-043-25W4,52.721501,-113.611131,BONNIE GLEN 09-19-043-25W4 GAS PLANT,CHIGWELL,A71K,Axiom Oil and Gas Inc.,F9281     ,Issued,28-Feb-01,A71K,Axiom Oil and Gas Inc.,B010,28-Feb-01,,,850,,,,,,,,,,,,,1-Jan-91,1-Jul-25
ABGP0001550,,Gas Plant Sweet,,/07-08-080-12W6,55.917619,-119.835291,DEVON POUCE COUPE,POUCE COUPE,A12R,Birchcliff Energy Ltd.,F16601    ,Amended,26-Jun-07,A12R,Birchcliff Energy Ltd.,B010,12-Feb-01,26-Jun-07,,396,390,0,0,0,0,0,40,0,,,,,1-Jan-91,1-Jul-12
ABGP0001551,,Gp Acid Gas Inj,,00/07-17-090-20W4,56.804478,-113.152673,TRIQUEST LEIGE,LIEGE,A573,Tourmaline Oil Corp.,F22077    ,Abandoned,31-Dec-04,A573,Tourmaline Oil Corp.,C300,6-Mar-01,,,180,,,,,,,,0.62,,,,,,
ABGP0001552,,Gas Plant Sweet,,/15-30-090-19W4,,,* PARAMOUNT LIEGE,LIEGE,0AW4,Paramount Resources Ltd.,,,,,,,,,,,,,,,,,,,,,,,,
ABGP0001553,,Gas Plant Sweet,,/08-36-054-21W5,53.706485,-116.952586,TALISMAN SUNDANCE,SUNDANCE,0039,Repsol Oil & Gas Canada Inc.,F12498    ,Abandoned,13-Mar-23,0YA2,Peyto Exploration & Development Corp.,B040,19-Mar-01,23-Nov-11,,665,,,,,,,,0,,,,,1-Jan-91,1-Oct-01
ABGP0001554,,Gas Plant Sweet,,/13-09-052-08W5,,,* AMOCO BIGORAY,BIGORAY,A62D,BP Canada Energy Group ULC,,,,,,,,,,,,,,,,,,,,,,,,
ABGP0001555,,Gas Plant Sweet,,/04-29-034-23W4,51.942527,-113.238546,CRESTAR ELNORA,ELNORA,A1GR,Pine Cliff Energy Ltd.,F4707     ,Amended,3-Aug-04,A1GR,Pine Cliff Energy Ltd.,B040,28-Feb-01,26-Aug-06,,90,,,,,,,,0,,,,,1-Jan-91,1-Sep-02
ABGP0001556,,Gp Acid Gas Flaring,,/03-36-037-17W4,52.217925,-112.305362,PANCDN HALKIRK,HALKIRK,A67B,Logic Energy Ltd.,F6019     ,Amended,17-Oct-01,A67B,Logic Energy Ltd.,C300,1-May-01,26-Aug-06,"Regenerative, Acid Gas CO2 Venting",225,220,0,0,0,0,21,0,0.42,0,,0.42,,1-Jan-91,1-Oct-20
ABGP0001557,,Gas Plant Sweet,,/06-30-079-11W6,55.873794,-119.711137,* STAR POUCE COUPE,GORDONDALE,A573,Tourmaline Oil Corp.,F16473    ,Issued,4-Feb-21,A573,Tourmaline Oil Corp.,B010,6-Mar-01,,,660,,,,,,,,,,,,,,
ABGP0001558,,Gp Acid Gas Flaring%,,/11-14-029-03W5,51.483869,-114.321034,CRESTAR CROSSFIELD,CROSSFIELD,0E9L,ConocoPhillips Canada Energy Partnership,F4048     ,Abandoned,17-Oct-18,A5G3,ConocoPhillips Canada Resources Corp.,D410,28-Feb-01,,"Regenerative, Claus Process, CBA Process",40,,,,,,,,,,,,98.1,,
ABGP0001559,,Gas Plant Sweet,,/04-02-030-03W5,51.534882,-114.326971,CRESTAR CROSSFIELD,CROSSFIELD,A8T8,HWN Energy Ltd.,F4148     ,Issued,28-Feb-01,A8T8,HWN Energy Ltd.,B010,28-Feb-01,,,80,,,,,,,,,,,,,1-Jan-91,1-Sep-24
ABGP0001560,,Gp Acid Gas Flaring%,,04/08-34-077-06W6,55.713905,-118.83111,BONAVISTA SPIRIT RIVER,VALHALLA,A8FY,Spoke Resources Ltd.,F16044    ,Amended,12-Jul-16,A8FY,Spoke Resources Ltd.,C300,6-Mar-01,12-Jul-16,"Regenerative, Acid Gas Flaring",170,169,,,,,18,,0.62,,,0.62,,1-Jan-91,1-Oct-16
ABGP0001561,,Gas Plant Sweet,,00/16-12-056-14W5,53.830129,-115.937057,MCLEOD 16-12-56-14W5,MCLEOD,A5D4,Cenovus Energy Inc.,F13104    ,Issued,1-Mar-01,0LN5,Ish Energy Ltd.,B010,1-Mar-01,,,456,,,,,,,,,,,,,1-Jan-91,1-Nov-10
ABGP0001562,,Gas Plant Sweet,,00/11-19-060-19W5,54.204698,-116.841718,KAYBOB S. 11-19-60-19W5,KAYBOB SOUTH,0HE9,Canadian Natural Resources Limited,F13654    ,Amended,28-Nov-03,0HE9,Canadian Natural Resources Limited,B010,15-Feb-01,26-Aug-06,,180,160,0,0,0,0,33,0,0,0,,,,1-Jan-91,1-Jul-25
ABGP0001563,,Gas Plant Sweet,,/16-07-054-19W5,53.655612,-116.779861,TALISMAN EDSON,EDSON,0039,Repsol Oil & Gas Canada Inc.,F12474    ,Abandoned,17-Feb-23,0YA2,Peyto Exploration & Development Corp.,B010,19-Mar-01,,,120,,,,,,,,,,,,,,
ABGP0001564,,Gas Plant Sweet,,/06-33-046-14W5,53.00862,-115.973919,* SABRE BRAZEAU RIVER,BRAZEAU RIVER,0HZ8,Sabre Energy Ltd.,F9999     ,Abandoned,17-May-03,A6CG,Highwood Asset Management Ltd.,B010,6-Mar-01,24-Sep-05,,113,,,,,,,,,,,,,,
ABGP0001565,,Gas Plant Sweet,,00/06-28-054-12W5,53.692099,-115.711954,SHININGBANK NITON,NITON,A854,Barrel Oil Corp.,F12445    ,Amended,7-May-04,A854,Barrel Oil Corp.,B010,6-Mar-01,26-Aug-06,,169,169,,,,,27,,0,,,,,1-Jan-91,1-May-15
ABGP0001566,,Gas Plant Sweet,,/09-21-043-04W5,52.721886,-114.512384,LEEDALE 9-21 GAS PLANT,PEMBINA,A8HW,Gran Tierra Canada Ltd.,F9346     ,Issued,29-Mar-01,A8HW,Gran Tierra Canada Ltd.,B010,29-Mar-01,,,418,,,,,,,,,,,,,1-Jan-91,1-Jul-25
ABGP0001567,,Gas Plant Sweet,,00/03-29-054-19W5,53.688275,-116.768041,SUNDANCE 03-29-054-19W5,EDSON,0HE9,Canadian Natural Resources Limited,F12488    ,Issued,1-Mar-01,0HE9,Canadian Natural Resources Limited,B010,1-Mar-01,,,311,,,,,,,,,,,,,1-Jan-91,1-Oct-19
ABGP0001568,,Gas Plant Sweet,,00/13-14-034-22W4,51.923988,-113.025605,* PLACER CEGO ELNORA,ELNORA,A5G3,ConocoPhillips Canada Resources Corp.,F33118    ,Issued,28-Jan-05,A663,Trident Exploration (Alberta) Corp.,B020,28-Jan-05,26-Aug-06,,281,,,,,,,,0,,,,,,
ABGP0001569,,Gas Plant Sweet,,00/15-35-046-03W5,53.017099,-114.322583,CRYSTAL 15-35-46-3w5,PEMBINA,0PG9,Response Energy Corporation,F9921     ,Abandoned,16-Aug-18,0PG9,Response Energy Corporation,B020,5-Mar-01,13-Jan-12,,12,,,,,,,,0,,,,,1-Jan-91,1-Jul-18
ABGP0001570,,Gas Plant Sweet,,00/06-13-044-18W4,52.789579,-112.488823,EMBER KELSEY,KELSEY,A1H9,Ember Resources Inc.,F9452     ,Amended,30-Jul-13,A1H9,Ember Resources Inc.,B010,6-Mar-01,30-Jul-13,,282,275,0,0,0,0,0,2.6,0,,,,,1-Jan-91,1-Jul-25
ABGP0001571,,Gp Acid Gas Flaring,,/08-25-077-06W6,55.69893,-118.777865,BONAVISTA RYCROFT SYS 2,RYCROFT,A8FY,Spoke Resources Ltd.,F16036    ,Amended,1-Oct-07,A8FY,Spoke Resources Ltd.,C300,6-Mar-01,1-Oct-07,"Regenerative, Acid Gas Flaring",114,98,,,,,37,,0.57,,,0.57,,1-Jan-91,1-Jul-25
ABGP0001572,,Gas Plant Sweet,,02/12-28-080-09W5,55.965295,-115.353529,NIPISI 12-28-80-9w5,NIPISI,0HE9,Canadian Natural Resources Limited,F16525    ,Issued,23-Mar-01,0HE9,Canadian Natural Resources Limited,B010,23-Mar-01,,,8,,,,,,,,,,,,,1-Jan-91,1-Jan-16
ABGP0001573,,Gas Plant Sweet,,/04-09-031-20W4,51.63631,-112.79277,HUSKY DRUMHELLER 4-9  C,WAYNE-ROSEDALE,A1GR,Pine Cliff Energy Ltd.,F4223     ,Amended,26-Jul-21,A1GR,Pine Cliff Energy Ltd.,B010,19-Mar-01,26-Jul-21,,570,550,0,0,0,0,30,3,0,,,,,1-Jan-91,1-Jul-25
ABGP0001574,,Gp Acid Gas Flaring,,/04-31-033-01W4,51.868057,-110.146453,PENN WEST COMPEER,COMPEER,0BP8,Obsidian Energy Ltd.,F4457     ,Amended,8-Nov-19,0BP8,Obsidian Energy Ltd.,C300,6-Mar-01,8-Nov-19,"Regenerative, Acid Gas Flaring",200,196.87,0,0,0,0,13,0,0.18,,,0.18,,1-Jan-91,1-Apr-20
,,,,,,,,,,,,,,,,,,,,,,,,,,,,,,,,,,
ABGP0001575,,Gas Plant Sweet,,00/11-19-079-11W6,55.864897,-119.7148,POUCE COUPE 11-19-79-11W6,GORDONDALE,0HE9,Canadian Natural Resources Limited,F16468    ,Amended,15-Oct-07,0HE9,Canadian Natural Resources Limited,B010,1-Mar-01,15-Oct-07,,374,364,0,0,0,0,0,34,0,,,,,1-Jan-91,1-Aug-12
ABGP0001576,,Gas Plant Sweet,,/14-05-055-11W5,53.728322,-115.602544,APL NITON,NITON,A2PH,Journey Energy Inc.,F12809    ,Issued,19-Mar-01,A2PH,Journey Energy Inc.,B010,19-Mar-01,,,"1,250.00",,,,,,,,,,,,,1-Jan-91,1-Jul-25
ABGP0001577,,Gas Plant Sweet,,00/10-23-057-19W5,53.942918,-116.711074,PINE CREEK 10-23 GAS PLANT,PINE CREEK,A573,Tourmaline Oil Corp.,F13313    ,Amended,21-Apr-16,A573,Tourmaline Oil Corp.,B010,6-Mar-01,21-Apr-16,,450,400,0,0,0,0,110,0,0,,,,,1-Jan-91,1-Jul-25
ABGP0001578,,Gas Plant Sweet,,00/02-11-020-23W4,50.676235,-113.084066,SHOULDICE 02-11-020-23W4,SHOULDICE,0HE9,Canadian Natural Resources Limited,F2838     ,Issued,19-Mar-01,0HE9,Canadian Natural Resources Limited,B010,19-Mar-01,,,366,,,,,,,,,,,,,1-Jan-91,1-Jan-19
ABGP0001579,,Gas Plant Sweet,,/02-02-069-03W5,54.939822,-114.342027,HUSKY MITSUE,MITSUE,A6A7,Cardinal Energy Ltd.,F14823    ,Amended,18-Jun-20,A6A7,Cardinal Energy Ltd.,B020,19-Mar-01,18-Jun-20,,8,,,,,,,,0,,,,,1-Jan-91,1-Oct-08
ABGP0001580,,Gas Plant Sweet,,/04-27-049-01W5,53.252628,-114.072102,CYPRESS THORSBY,THORSBY,A2TG,TAQA North Ltd.,F11202    ,Abandoned,28-May-07,A632,Petrus Resources Corp.,B010,1-Mar-01,,,569.2,,,,,,,,,,,,,1-Jan-91,1-Mar-07
ABGP0001581,,Gas Plant Sweet,,00/04-02-034-20W4,51.88405,-112.742786,ROWLEY 04-02-34-20W4,ROWLEY,A1GR,Pine Cliff Energy Ltd.,F4698     ,Abandoned,17-May-03,A1GR,Pine Cliff Energy Ltd.,B010,1-Mar-01,,None,510,,,,,,,,0,,,,,,
ABGP0001582,,Gas Plant Sweet,,00/02-26-052-12W5,53.515183,-115.655344,NORTHROCK CARROT CREEK 2-26-52-12W5,CARROT CREEK,A2PH,Journey Energy Inc.,F12175    ,Amended,24-Apr-17,A2PH,Journey Energy Inc.,B010,28-Nov-00,24-Apr-17,,392,60,0,0,0,0,16,10,0,,,,,1-Jan-91,1-Jul-25
ABGP0001583,,Gp Acid Gas Flaring,,00/11-20-041-04W5,52.547676,-114.544759,GILBY  11-20-41-4W5,GILBY,A8HW,Gran Tierra Canada Ltd.,F8806     ,Amended,15-Jun-16,A8HW,Gran Tierra Canada Ltd.,C311,5-Mar-01,15-Jun-16,"None, Acid Gas Flaring","1,000.00",,,,,,,,0.44,,,0.21,,1-Jan-91,1-May-12
ABGP0001584,,Gas Plant Sweet,,/05-01-036-28W4,52.062777,-113.882777,BELAIR PENHOLD,PENHOLD,A7P1,DEL Canada GP Ltd.,F5641     ,Amended,24-Nov-09,A7P1,DEL Canada GP Ltd.,B010,1-Mar-01,24-Nov-09,"Regenerative, Acid Gas Flaring",281.74,281.74,0,0,0,0,54.1,0,0,,,,,1-Jan-91,1-Jul-25
ABGP0001585,,Gp Sulphur Rcvry,,00/11-31-013-14W4,50.129521,-111.908571,HAYS 11-31-013-14W4,HAYS,0HE9,Canadian Natural Resources Limited,F1080     ,Amended,14-Apr-25,0HE9,Canadian Natural Resources Limited,E600,15-Feb-01,14-Apr-25,"Regenerative, Acid Gas Sulphur Recovery, Acid Gas Flaring, Claus Process",433,329.6,0,0,0,0,79.2,34.5,9.9,8.9,,1,89.7,1-Jan-91,1-Jul-25
ABGP0001586,,Gas Plant Sweet,,/13-27-032-23W4,51.778402,-113.190918,TARRAGON GHOST PINE,GHOST PINE,A69G,Canstone Energy Ltd.,F4359     ,Issued,5-Mar-01,A663,Trident Exploration (Alberta) Corp.,B010,5-Mar-01,,Regenerative,100,,,,,,,,,,,,,1-Jan-91,1-May-19
ABGP0001587,,Gas Plant Sweet,,02/08-30-075-09W6,55.523107,-119.370841,VALHALLA 8-30-75-9w6,VALHALLA,A894,Archer Exploration Corp.,F15740    ,Amended,26-Jun-07,A894,Archer Exploration Corp.,B010,27-Feb-01,26-Jun-07,,402,368,0,0,0,0,68.9,0,0,,,,,1-Jan-91,1-Jan-16
ABGP0001588,,Gas Plant Sweet,,02/07-28-005-05W4,49.412575,-110.618734,BONAVISTA MANYBERRIES,MANYBERRIES,A6D5,LGX Oil + Gas Inc.,F20966    ,Abandoned,19-Dec-22,A6D5,LGX Oil + Gas Inc.,B010,1-Mar-01,26-Aug-06,,11.7,9.7,,,,,0.8,,0,,,,,1-Jan-91,1-Aug-15
ABGP0001589,,Gas Plant Sweet,,02/03-29-092-20W4,57.00474,-113.188432,LIEGE 3-29-92-20W4,LIEGE,0HE9,Canadian Natural Resources Limited,F22007    ,Amended,11-May-04,0HE9,Canadian Natural Resources Limited,C300,5-Mar-01,26-Aug-06,"Regenerative, Acid Gas Flaring","1,183.00",1126,,,,,,,0.16,,,0.01,,1-Jan-91,1-Feb-25
ABGP0001590,,Gas Plant Sweet,,00/01-17-026-10W4,51.21397,-111.355115,BIGSTONE 1-17-26-10w4,SUNNYNOOK,0HE9,Canadian Natural Resources Limited,F3591     ,Amended,24-Oct-07,0HE9,Canadian Natural Resources Limited,B010,1-Mar-01,24-Oct-07,None,"1,019.00",955,0,0,0,0,0,8,0,,,,,1-Jan-91,1-Jul-25
ABGP0001591,,Gp Acid Gas Inj,,00/12-02-070-25W4,55.03192,-113.71318,MEYER 12-2-70-25w4,MEYER,0HE9,Canadian Natural Resources Limited,F14978    ,Abandoned,14-Mar-18,0HE9,Canadian Natural Resources Limited,B040,1-Mar-01,,,182,,,,,,,,,,,,,,
ABGP0001592,,Gas Plant Sweet,,00/13-13-037-06W5,52.186341,-114.736407,BURLINGTON GARRINGTON,GARRINGTON,A8C8,Btg Energy Corporation,F6180     ,Amended,21-Nov-00,A8C8,Btg Energy Corporation,B010,21-Nov-00,26-Aug-06,,150,142,0,0,0,0,24.5,0,,0,,,,1-Jan-91,1-Jul-25
ABGP0001593,,Gas Plant Sweet,,/05-35-033-21W4,51.87305,-112.884336,HUSKY RUMSEY 5-35,RUMSEY,0EE3,Endrum Energy Corp.,F4487     ,Amended,3-Nov-03,0EE3,Endrum Energy Corp.,B010,31-Jan-01,26-Aug-06,,560,536,,,,,,1.2,0,,,,,1-Jan-91,1-Jul-20
ABGP0001594,,Gas Plant Sweet,,/06-30-056-04W5,,,* PRECAMBRIAN CHERHILL,CHERHILL,0BF3,Precambrian Shield Res Ltd,,,,,,,,,,,,,,,,,,,,,,,,
ABGP0001595,,Gas Plant Sweet,,00/03-16-036-21W4,52.086955,-112.94891,HUSKY FENN WEST 3-16,FENN WEST,A663,Trident Exploration (Alberta) Corp.,F5622     ,Issued,12-Mar-01,A8BP,Bornite Energy Ltd.,B040,12-Mar-01,,,100,,,,,,,,,,,,,1-Jan-91,1-Feb-00
ABGP0001596,,Gp Acid Gas Flaring%,,02/07-14-108-07W6,58.374193,-119.041101,SAMSON RAINBOW LAKE,RAINBOW,A7AZ,SanLing Energy Ltd.,F17846    ,Abandoned,30-Jul-18,A7AZ,SanLing Energy Ltd.,C300,21-Feb-01,,,132,,,,,,,,,,,,,1-Jan-91,1-Apr-01
ABGP0001597,,Gas Plant Sweet,,00/04-01-028-18W4,51.360287,-112.41598,DRUMHELLER 4-1-28-18w4,WAYNE-ROSEDALE,0HE9,Canadian Natural Resources Limited,F3789     ,Amended,24-Jun-02,0HE9,Canadian Natural Resources Limited,B010,5-Mar-01,26-Aug-06,,340,333,0,0,0,0,29,0,0,0,,,,1-Jan-91,1-Jan-15
ABGP0001598,,Gas Plant Sweet,,00/05-35-049-06W5,53.270615,-114.778731,PEMBINA 5-35-49-6W5,PEMBINA,0Z0H,Harvest Operations Corp.,F11323    ,Amended,6-Oct-03,A8FY,Spoke Resources Ltd.,B040,29-Mar-01,26-Aug-06,,210,,,,,,,,0,,,,,1-Jan-91,1-Sep-03
ABGP0001599,,Gp Acid Gas Inj,,/08-36-086-19W4,56.497106,-112.856861,* PARAMOUNT SALESKI,SALESKI,0Z5F,Sequoia Resources Corp.,F17086    ,Amended,12-Jun-06,0Z5F,Sequoia Resources Corp.,C311,6-Mar-01,26-Aug-06,,474,,,,,,,,0.03,,,0,,,
ABGP0001600,,Gas Plant Sweet,,00/16-09-032-12W4,51.734769,-111.639273,GARDEN PLAINS 16-6-32-12W4,GARDEN PLAINS,0HE9,Canadian Natural Resources Limited,F4312     ,Abandoned,24-Jun-19,0HE9,Canadian Natural Resources Limited,B010,5-Dec-00,24-Oct-07,,240,225,0,0,0,0,3,5,0,,,,,1-Jan-91,1-May-14
ABGP0001601,,Gas Plant Sweet,,/01-01-001-01W4,,,* AMOCO ELSPETH TERMINAL,UNDEFINED,A62D,BP Canada Energy Group ULC,,,,,,,,,,,,,,,,,,,,,,,,
ABGP0001602,,Gas Plant Sweet,,/07-29-057-21W4,,,* IMPERIAL REDWATER,REDWATER,0007,Imperial Oil Resources Limited,,,,,,,,,,,,,,,,,,,,,,,,
ABGP0001603,,Gas Plant Sweet,,/01-32-047-10W5,53.09162,-115.41952,NCE PEMBINA,PEMBINA,0BP8,Obsidian Energy Ltd.,F10429    ,Issued,6-Mar-01,0BP8,Obsidian Energy Ltd.,B010,6-Mar-01,,,8,,,,,,,,,,,,,1-Jan-91,1-Oct-06
ABGP0001604,,Gas Plant Sweet,,/11-22-054-21W5,53.680816,-117.013559,VIRIDIAN SUNDANCE,SUNDANCE,0039,Repsol Oil & Gas Canada Inc.,F12494    ,Abandoned,17-May-03,0YA2,Peyto Exploration & Development Corp.,B010,6-Mar-01,,,100,,,,,,,,,,,,,,
ABGP0001605,,Gas Plant Sweet,,/03-29-054-19W5,,,HUSKY EDSON 3-29,EDSON,A5D4,Cenovus Energy Inc.,,,,,,,,,,,,,,,,,,,,,,,,
ABGP0001606,,Gas Plant Sweet,,/12-06-011-20W4,49.882803,-112.73075,SIGNALTA IRON SPRINGS,IRON SPRINGS,A74H,Houston Oil & Gas Ltd.,F727      ,Abandoned,21-Apr-23,A74H,Houston Oil & Gas Ltd.,B010,23-Feb-01,26-Aug-06,,56.6,55,,,,,0.3,,,,,,,1-Jan-91,1-Mar-22
ABGP0001607,,Gp Sulphur Rcvry,,02/09-09-052-21W5,53.476649,-117.023331,CHEVRON MEDICINE LODGE,MEDICINE LODGE,0045,Chevron Canada Limited,F12194    ,Amended,21-Jun-07,A97N,Sinopec Canada Energy Ltd.,E600,1-Mar-01,21-Jun-07,,510,423,,,,,,0.3,57.63,55.87,,1.73,,,
ABGP0001608,,Gas Plant Sweet,,00/14-18-036-20W4,52.097779,-112.852356,SUN CENTURY FENN WEST 14-18 GP,FENN WEST,0RZ4,Sun Century Petroleum Corporation,F5597     ,Amended,20-Jun-05,0RZ4,Sun Century Petroleum Corporation,B010,16-Apr-01,26-Aug-06,None,150,148.7,,,,,3,,0,,,,,1-Jan-91,1-Jul-25
ABGP0001609,,Gas Plant Sweet,,00/06-22-075-11W6,55.509891,-119.618373,VALHALLA 6-22-75-11W6,VALHALLA,0HE9,Canadian Natural Resources Limited,F15763    ,Amended,7-Apr-03,0HE9,Canadian Natural Resources Limited,B040,15-Feb-01,26-Aug-06,,32,,,,,,,,0,,,,,1-Jan-91,1-Aug-02
ABGP0001610,,Gas Plant Sweet,,00/08-34-029-22W4,51.523314,-113.008826,LYNX CARBON,WAYNE-ROSEDALE,A7AG,Lynx Energy ULC,F4001     ,Issued,5-Mar-01,A7AG,Lynx Energy ULC,B010,5-Mar-01,,None,560,,,,,,,,,,,,,1-Jan-91,1-Jul-25
ABGP0001611,,Gas Plant Sweet,,/01-10-094-21W4,57.135278,-113.282871,PARAMOUNT LIEGE N,LIEGE,A28L,Athabasca Oil Corporation,F17586    ,Amended,20-Feb-07,A28L,Athabasca Oil Corporation,C311,6-Mar-01,20-Feb-07,,130,,,,,,,,0.02,,,0,,1-Jan-91,1-Dec-04
ABGP0001612,,Gas Plant Sweet,,/01-12-075-09W6,55.478674,-119.243109,HUSKY VALHALLA PLANT 1-12,VALHALLA,A74Y,Tidewater Midstream and Infrastructure Ltd.,F15667    ,Amended,21-Jun-07,A74Y,Tidewater Midstream and Infrastructure Ltd.,B010,2-Mar-01,21-Jun-07,,200,179,0,0,0,0,87.4,0,0,,,,,1-Jan-91,1-Feb-09
ABGP0001613,,Gas Plant Sweet,,/11-10-047-12W4,53.039943,-111.67826,ARCHER VIKING,VIKING-KINSELLA,0Z5F,Sequoia Resources Corp.,F10119    ,Amended,11-May-04,0Z5F,Sequoia Resources Corp.,B010,1-Mar-01,26-Aug-06,,70.8,67.3,0,0,0,0,1.5,1.5,0,0,,,,1-Jan-91,1-Mar-18
ABGP0001614,,Gas Plant Sweet,,00/01-32-035-26W4,52.042997,-113.6743,MAGIN THREE HILLS CREEK,THREE HILLS CREEK,A7PA,Vantage Point Resources Inc.,F5116     ,Amended,4-Sep-09,A7PA,Vantage Point Resources Inc.,B010,2-Mar-01,4-Sep-09,,337,337,36,0,20,3,27,1.6,0,,,,,1-Jan-91,1-Jul-25
ABGP0001615,,Gp Acid Gas Inj,,00/10-24-081-25W4,56.037064,-113.773246,AEC HOOLE,HOOLE,0026,Ovintiv Canada ULC,F16668    ,Amended,11-Sep-02,A74Y,Tidewater Midstream and Infrastructure Ltd.,B040,28-Feb-01,26-Aug-06,,212,,,,,,,,0,,,,,1-Jan-91,1-Dec-00
ABGP0001616,,Gp Sulphur Rcvry,,00/11-22-081-11W6,56.03985,-119.63251,BURLINGTON BONANZA,BONANZA,A5G3,ConocoPhillips Canada Resources Corp.,F16741    ,Abandoned,7-Apr-22,A5Y4,Shoreline Energy Corp.,D440,19-Mar-01,,,89,,,,,,,,,,,,,1-Jan-91,1-Jul-00
ABGP0001617,,Gas Plant Sweet,,00/01-04-042-03W5,52.583248,-114.36455,GILBY 01-04-042-03W5 GAS PLANT,GILBY,A2PH,Journey Energy Inc.,F9053     ,Amended,7-Nov-11,A2PH,Journey Energy Inc.,B010,1-May-01,7-Nov-11,,"2,113.00",1983.8,0,0,0,0,485.9,30,0,,,,,1-Jan-91,1-Jul-25
ABGP0001618,,Gp Acid Gas Inj,,00/06-24-009-10W4,49.748345,-111.238627,* ANADARKO BURDETT,BURDETT,0039,Repsol Oil & Gas Canada Inc.,F29211    ,RecExempt,10-May-21,0YA2,Peyto Exploration & Development Corp.,C300,22-May-03,26-Aug-06,"Regenerative, Acid Gas Flaring",198.2,194.6,,,,,,,0.2,,,0.2,,,
,,,,,,,,,,,,,,,,,,,,,,,,,,,,,,,,,,
ABGP0001619,,Gas Plant Sweet,,00/10-18-038-26W4,52.268635,-113.703116,JOFFRE 10-18-38-26W4,JOFFRE,0HE9,Canadian Natural Resources Limited,F6655     ,Issued,1-Mar-01,0HE9,Canadian Natural Resources Limited,B010,1-Mar-01,,,19,,,,,,,,,,,,,,
ABGP0001620,,Gp Acid Gas Flaring,,/13-19-016-17W4,50.36634,-112.33744,PANCDN BADGER,BADGER,A9CC,Texcal Energy Canada Inc.,F1984     ,Amended,28-Aug-09,A9CC,Texcal Energy Canada Inc.,C300,9-Jan-01,28-Aug-09,"Both, Acid Gas Flaring",64.4,41,,,,,16,0,0.31,,,0.31,,1-Jan-91,1-Jul-25
ABGP0001621,,Gas Plant Sweet,,/12-35-045-27W4,52.925382,-113.822373,BURLINGTON FERRYBANK,FERRYBANK,A8HW,Gran Tierra Canada Ltd.,F9698     ,RecCertified,5-May-24,A8HW,Gran Tierra Canada Ltd.,B010,1-Mar-01,,,451,,,,,,,,0,,,,,,
ABGP0001622,,Gp Acid Gas Flaring,,/02-03-061-11W5,54.241429,-115.560732,CELSIUS WHITECOURT,WHITECOURT,A2PH,Journey Energy Inc.,F13728    ,Abandoned,28-Nov-23,A2PH,Journey Energy Inc.,C300,1-Mar-01,,,211,,,,,,,,,,,,,1-Jan-91,1-Oct-23
ABGP0001623,,Gas Plant Sweet,,00/06-08-062-03W6,54.347222,-118.416389,JAYAR 6-8-62-3 W6,KAKWA,0G30,ARC Resources Ltd.,F13896    ,Amended,14-Apr-25,A8FG,Strathcona Resources Ltd.,C300,2-Mar-01,14-Apr-25,"Regenerative, Acid Gas Flaring","3,534.00",3402,0,0,0,0,0,2450,0.99,,,0.99,,1-Jan-91,1-Jul-25
ABGP0001624,,Gas Plant Sweet,,02/07-27-051-19W5,53.429225,-116.711139,HUSKY ANSELL 7-27,ANSELL,A5D4,Cenovus Energy Inc.,F11997    ,Amended,19-Nov-18,A5D4,Cenovus Energy Inc.,B010,29-Mar-01,19-Nov-18,,"1,510.00",1471,0,0,190,72,0,281,0,,,,,1-Jan-91,1-Dec-19
ABGP0001625,,Gp Sulphur Rcvry,,00/06-28-049-11W5,53.255856,-115.555034,KEYERA CYNTHIA 6-28 GAS PLANT,PEMBINA,A0C0,Keyera Energy Ltd.,F11473    ,Amended,8-Apr-19,A0C0,Keyera Energy Ltd.,D400,2-Mar-01,8-Apr-19,"Regenerative, Acid Gas Injection","2,200.00",1900,0,1750,0,0,0,0,7.23,,,0,89.7,1-Jan-91,1-Jul-25
ABGP0001626,,Gas Plant Sweet,,00/09-16-049-08W5,53.230674,-115.101741,PEMBINA 9-16-49-8w5,PEMBINA,0HE9,Canadian Natural Resources Limited,F11363    ,Issued,2-Mar-01,0HE9,Canadian Natural Resources Limited,B010,2-Mar-01,,,240,,,,,,,,,,,,,1-Jan-91,1-Apr-18
ABGP0001627,,Gas Plant Sweet,,/16-02-027-14W4,51.283283,-111.858883,COASTAL CESSFORD,CESSFORD,A50K,Success Resources Ltd.,F3688     ,Amended,17-May-07,A50K,Success Resources Ltd.,B010,1-Mar-01,17-May-07,,169.1,165,0,0,0,0,4,0,0,,,,,1-Jan-91,1-Aug-11
ABGP0001628,,Gp Sulphur Rcvry,,00/05-02-053-26W4,53.546609,-113.735167,ACHESON 05-02-052-26W4 Gas Plant,ACHESON,A74Y,Tidewater Midstream and Infrastructure Ltd.,F23470    ,Amended,11-Jun-13,A74Y,Tidewater Midstream and Infrastructure Ltd.,D400,1-May-01,11-Jun-13,"Regenerative, Acid Gas Injection",950,779,0,602,0,0,0,0,7.3,,,0,89.7,1-Jan-91,1-Jan-24
ABGP0001629,,Gp Sulphur Rcvry,,03/07-22-078-09W6,55.77085,-119.29963,Ksituan 7-22-78-9w6,PROGRESS,0HE9,Canadian Natural Resources Limited,F16240    ,Issued,6-Mar-01,0HE9,Canadian Natural Resources Limited,E600,6-Mar-01,,"Regenerative, Acid Gas Sulphur Recovery, Lo-Cat Process","1,200.00",,,,,,,,2.51,,,,69.7,1-Jan-91,1-Jul-25
ABGP0001630,,Gas Plant Sweet,,00/07-26-055-14W5,53.779394,-115.967659,MCLEOD VALLEY 7-26-55-14W5,MCLEOD,A5D4,Cenovus Energy Inc.,F12824    ,Issued,1-Mar-01,A5D4,Cenovus Energy Inc.,B010,1-Mar-01,,,290,,,,,,,,,,,,,1-Jan-91,1-Oct-12
ABGP0001631,,Gas Plant Sweet,,03/14-28-087-07W6,56.578707,-119.053138,WORSLEY 14-28-87-7W6,WORSLEY,0HE9,Canadian Natural Resources Limited,F31669    ,Issued,17-May-04,0HE9,Canadian Natural Resources Limited,B010,17-May-04,26-Aug-06,,283,280,,,,,,4,0,,,,,1-Jan-91,1-Jul-25
ABGP0001632,,Gp Acid Gas Flaring,,00/11-10-036-05W4,52.079824,-110.639233,APACHE PROVOST,PROVOST,A7BT,Karve Energy Inc.,F5326     ,Abandoned,25-Sep-16,A7WF,Battle River Energy Ltd.,C300,29-Mar-01,,,111,,,,,,,,0.95,,,,,1-Jan-91,1-May-06
ABGP0001633,,Gas Plant Sweet,,00/15-36-012-27W4,50.046555,-113.558485,CLARESHOLM 15-36-12-27w4,EASTMONT,0HE9,Canadian Natural Resources Limited,F969      ,Issued,1-Mar-01,0HE9,Canadian Natural Resources Limited,B010,1-Mar-01,,Regenerative,425,,,,,,,,,,,,,1-Jan-91,1-Sep-16
ABGP0001634,,Gas Plant Sweet,,/03-03-081-13W6,55.985143,-119.944951,GIBSON POUCE COUPE,POUCE COUPE,A0TK,AltaGas Ltd.,F16760    ,Amended,11-Jan-10,A0TK,AltaGas Ltd.,D400,2-Mar-01,4-Feb-10,"Regenerative, Acid Gas Injection",707,689.9,0,0,0,0,0,14.1,17.25,,,0,95.9,1-Jan-91,1-Sep-11
ABGP0001635,,Gas Plant Sweet,,00/14-30-052-06W5,53.524998,-114.876817,ADANAC TOMAHAWK,TOMAHAWK,0FC1,Adanac Oil & Gas Limited,F12122    ,Issued,21-Mar-01,0FC1,Adanac Oil & Gas Limited,B010,21-Mar-01,,,440,,,,,,,,,,,,,1-Jan-91,1-Jul-25
ABGP0001636,,Gas Plant Sweet,,02/11-03-076-08W6,55.557285,-119.152592,* CRESTAR VALHALLA,VALHALLA,0HE9,Canadian Natural Resources Limited,F15836    ,Abandoned,7-Sep-11,0HE9,Canadian Natural Resources Limited,D400,28-Feb-01,,,100,,,,,,,,,,,,,,
ABGP0001637,,Gas Plant Sweet,,/05-23-049-21W4,53.2415,-112.9745,CABRE JOARCAM,JOARCAM,A5RD,Enerplus Corporation,F11105    ,Amended,14-Aug-07,A5RD,Enerplus Corporation,B010,12-Mar-01,14-Aug-07,,280,278.2,0,0,0,0,8.3,0,0,,,,,1-Jan-91,1-Jul-10
ABGP0001638,,Gp Sulphur Rcvry,,00/06-01-055-25W4,53.721863,-113.586177,ATCO CAMPBELL-NAMAO,MORINVILLE,0Z2W,ATCO Next Energy Ltd.,F12739    ,Abandoned,28-Jun-17,0Z2W,ATCO Next Energy Ltd.,E600,1-Mar-01,24-Nov-07,"Regenerative, Acid Gas Sulphur Recovery, Lo-Cat Process","1,583.40",1511,0,0,0,0,0,4.6,1.15,1.15,,,69.7,1-Jan-91,1-Jun-15
ABGP0001639,,Gas Plant Sweet,,/03-32-087-03W6,56.581346,-118.439684,BONAVISTA WORSLEY,WORSLEY,A573,Tourmaline Oil Corp.,F17235    ,Amended,26-Jul-07,A7LX,Direct Oil & Gas Inc.,B020,1-Mar-01,26-Jul-07,,112,,,,,,,,0,,,,,,
ABGP0001640,,Gp Acid Gas Flaring,,00/01-05-018-20W4,50.497178,-112.718183,* CABRE MCGREGOR,MCGREGOR,0BP7,Cabre Exploration Ltd.,F35386    ,Abandoned,13-Dec-05,A868,Ipc Canada Ltd.,E600,13-Dec-05,26-Aug-06,"Regenerative, Acid Gas Sulphur Recovery, Acid Gas Flaring, Claus Process","1,043.00",1043,,0,45.3,0,45.3,46.5,3.48,3.33,,0.5,87,,
ABGP0001641,,Gp Acid Gas Flaring,,00/16-36-079-03W6,55.895574,-118.313855,BELLOY 16-36-79-3w6,DUNVEGAN,0HE9,Canadian Natural Resources Limited,F16391    ,Amended,13-Mar-25,0HE9,Canadian Natural Resources Limited,C311,28-Feb-01,13-Mar-25,"None, Acid Gas Flaring",566.3,,,,,,,,0.02,,,0,,1-Jan-91,1-Jul-25
ABGP0001642,,Gas Plant Sweet,,/07-14-049-01W5,53.227013,-114.034689,CYPRESS THORSBY,THORSBY,A632,Petrus Resources Corp.,F11198    ,Issued,16-Apr-01,A632,Petrus Resources Corp.,B010,16-Apr-01,,,570,,,,,,,,,,,,,1-Jan-91,1-Jul-25
ABGP0001643,,Gp Sulphur Rcvry,,/01-05-034-06W5,51.884203,-114.807888,* SHELL CAROLINE,CAROLINE,0T03,Shell Canada Limited,F4799     ,RecCertified,25-Oct-22,0T03,Shell Canada Limited,E600,6-Mar-01,,None,,,,,,,,,268.5,,,,,,
ABGP0001644,,Gp Acid Gas Flaring,,04/16-07-078-11W6,55.748561,-119.681135,NEWPORT POUCE COUPE,POUCE COUPE SOUTH,A6D7,Kelt Exploration Ltd.,F16270    ,Amended,27-Oct-06,A6D7,Kelt Exploration Ltd.,C300,1-Mar-01,27-Oct-06,,50,39.5,0,0,0,0,5.4,0,0.98,,,0.98,,1-Jan-91,1-Apr-12
ABGP0001645,,Gas Plant Sweet,,00/13-16-078-01W6,55.765085,-118.100814,BELLOY 13-16-78-1w6,BELLOY,0HE9,Canadian Natural Resources Limited,F16197    ,Amended,20-Jun-07,0HE9,Canadian Natural Resources Limited,B010,28-Feb-01,20-Jun-07,,846,835,0,0,0,0,25,37,0,,,,,1-Jan-91,1-Aug-13
ABGP0001646,,Gas Plant Sweet,,00/15-22-048-02W5,53.161409,-114.204269,PEMBINA-SUNNYBROOK 15-22-48-2W5,PEMBINA,A632,Petrus Resources Corp.,F10658    ,Issued,15-Mar-01,A632,Petrus Resources Corp.,B010,15-Mar-01,,,283,,,,,,,,,,,,,1-Jan-91,1-Jul-25
ABGP0001647,,Gp Acid Gas Flaring,,/08-12-044-21W4,52.776014,-112.909811,RIFE FERINTOSH,FERINTOSH,0DZ7,Rife Resources Ltd.,F9461     ,Abandoned,11-Mar-20,0DZ7,Rife Resources Ltd.,B010,6-Mar-01,20-Dec-16,,453,412.7,0,0,0,0,15.8,0.1,0,,,,,1-Jan-91,1-Oct-15
ABGP0001648,,Gas Plant Sweet,,/06-04-038-24W4,,,* BLUE RANGE JOFFRE,JOFFRE,0JE6,Blue Range Resource Corporation,,,,,,,,,,,,,,,,,,,,,,,,
ABGP0001649,,Gp Acid Gas Flaring,,03/08-15-084-08W6,56.281916,-119.161529,CECIL 08-15-084-08W6,CECIL,0HE9,Canadian Natural Resources Limited,F31548    ,Issued,22-Apr-04,0HE9,Canadian Natural Resources Limited,C300,22-Apr-04,26-Aug-06,"Regenerative, Acid Gas Flaring",260.6,241,,,,,73.8,,0.78,,,0.78,,1-Jan-91,1-Jul-25
ABGP0001650,,Gp Acid Gas Flaring,,/16-02-065-25W4,,,HUSKY BOLLOQUE 16-2,BOLLOQUE,A5D4,Cenovus Energy Inc.,,,,,,,,,,,,,,,,,,,,,,,,
ABGP0001651,,Gas Plant Sweet,,00/10-09-045-08W5,52.86782,-115.099078,ALDER 10-9-45-8W5,WILLESDEN GREEN,A5D4,Cenovus Energy Inc.,F9777     ,Amended,26-Jun-14,A5D4,Cenovus Energy Inc.,B010,6-Mar-01,26-Jun-14,,"2,350.00",2272,0,0,0,0,412,201,0,,,,,1-Jan-91,1-Jul-25
ABGP0001652,,Gas Plant Sweet,,/04-17-057-05W5,,,* DEMINEX CHERHILL,CHERHILL,0DH3,2349507 Canada Inc.,,,,,,,,,,,,,,,,,,,,,,,,
ABGP0001653,,Gp Acid Gas Flaring,,/06-11-049-28W4,53.21059,-113.99247,CYPRESS THORSBY,THORSBY,A2TG,TAQA North Ltd.,F11186    ,Abandoned,25-Apr-07,A632,Petrus Resources Corp.,C300,1-Mar-01,,,281.7,,,,,,,,0.9,,,,,1-Jan-91,1-Sep-00
ABGP0001654,,Gp Sulphur Rcvry,,/10-15-029-24W4,51.483784,-113.298142,KEYWEST SWALWELL 10-15,SWALWELL,A2TG,TAQA North Ltd.,F4016     ,Amended,2-Nov-06,A2TG,TAQA North Ltd.,D400,2-Mar-01,24-Nov-07,"Regenerative, Acid Gas Injection",185,169.6,,,,,,,4.6,,,0,69.7,1-Jan-91,1-Aug-06
ABGP0001655,,Gp Acid Gas Inj,,00/16-36-080-25W4,55.980607,-113.765179,AEC HOOLE,HOOLE,A74Y,Tidewater Midstream and Infrastructure Ltd.,F16504    ,Amended,25-Jan-07,A74Y,Tidewater Midstream and Infrastructure Ltd.,C300,28-Feb-01,25-Jan-07,,400,369,,,,,,,0.2,,,0.2,,1-Jan-91,1-Nov-11
ABGP0001656,,Gas Plant Sweet,,/09-30-054-27W4,53.69486,-113.96444,ATCO RIVIERE,ATIM,0Z2W,ATCO Next Energy Ltd.,F12435    ,Abandoned,14-Nov-24,A5D4,Cenovus Energy Inc.,B010,1-Mar-01,,,140.9,,,,,,,,,,,,,1-Jan-91,1-Mar-03
ABGP0001657,,Gp Acid Gas Inj,,/14-22-049-23W4,53.25028,-113.28148,ALTAGAS KNELLER,KNELLER,A0TK,AltaGas Ltd.,F11117    ,RecCertified,19-May-21,A0TK,AltaGas Ltd.,C300,28-Feb-01,,,43,,,,,,,,0.06,,,,,1-Jan-91,1-May-00
ABGP0001658,,Gp Sulphur Rcvry,,/12-24-110-08W6,58.565182,-119.195747,GIBSON RAINBOW LAKE,RAINBOW,A0TK,AltaGas Ltd.,F18025    ,Abandoned,28-Jan-21,A0TK,AltaGas Ltd.,C300,1-May-01,13-Mar-12,"Regenerative, Acid Gas Flaring","1,132.00",1027,0,0,0,0,63.2,40,0.95,,,0.95,,1-Jan-91,1-Aug-12
ABGP0001659,,Gp Acid Gas Flaring,,00/07-32-039-08W5,52.397632,-115.113894,* TALISMAN FERRIER,FERRIER,0039,Repsol Oil & Gas Canada Inc.,F7429     ,Abandoned,29-Jun-05,A2PH,Journey Energy Inc.,C300,2-Mar-01,,,141,,,,,,,,,,,,,,
ABGP0001660,,Gp Acid Gas Flaring,,/13-12-056-21W5,,,REGCO OLDMAN,SUNDANCE,0FE8,Regco Petroleums Ltd.,,,,,,,,,,,,,,,,,,,,,,,1-Jan-92,1-Feb-02
ABGP0001661,,Gas Plant Sweet,,00/11-14-097-11W6,57.420637,-119.667435,HAMBURG NORTH 11-14-97-11w6,HAMBURG,0HE9,Canadian Natural Resources Limited,F17719    ,Amended,8-Apr-19,0HE9,Canadian Natural Resources Limited,B010,1-May-01,8-Apr-19,,915,860,0,0,0,0,110,210,0,,,,,1-Jan-92,1-Jul-25
ABGP0001662,,Gp Sulphur Rcvry,,02/12-35-034-06W5,51.9652,-114.7536,SHELL CAROLINE,CAROLINE,A5C4,Cavvy Production Ltd.,F4805     ,Amended,6-Mar-18,0T03,Shell Canada Limited,E600,6-Mar-01,6-Mar-18,"Regenerative, Acid Gas Sulphur Recovery, Acid Gas Flaring, Claus Process, SCOT Process","10,850.00",4500,,5460,,,,4235,5445,5422.5,,22.5,99.5,1-Jan-92,1-Jul-25
,,,,,,,,,,,,,,,,,,,,,,,,,,,,,,,,,,
ABGP0001663,,Gas Plant Sweet,,00/08-21-021-15W4,50.795895,-112.016337,ROSEMARY 8-21-21-15w4,COUNTESS,0HE9,Canadian Natural Resources Limited,F3006     ,Amended,6-May-03,A7NW,Torxen Energy Ltd.,B010,6-Mar-01,26-Aug-06,,"1,670.00",1659,,,,,47,,0,,,,,1-Jan-92,1-Jul-25
ABGP0001664,,Gas Plant Sweet,,00/11-22-087-07W6,56.559352,-119.0256,KEYSPAN WORSLEY,WORSLEY,A7LX,Direct Oil & Gas Inc.,F17263    ,Amended,9-Sep-11,A7LX,Direct Oil & Gas Inc.,C300,21-Mar-01,9-Sep-11,"Regenerative, Acid Gas Flaring",736,700,,,,,5,,0.5,,,0.5,,1-Jan-92,1-Mar-20
ABGP0001665,,Gp Sulphur Rcvry,,/08-25-014-23W4,50.199003,-113.010563,* CRESTAR LONG COULEE,LONG COULEE,0YK4,Surge Energy Inc.,F1572     ,Abandoned,19-Mar-98,0YK4,Surge Energy Inc.,C300,6-Mar-01,,,113,,,,,,,,,,,,,,
ABGP0001666,,Gas Plant Sweet,,00/14-36-057-23W5,53.976545,-117.28496,CECILIA 14-36-57-23w5,SUNDANCE,0HE9,Canadian Natural Resources Limited,F13318    ,Amended,20-Nov-23,0HE9,Canadian Natural Resources Limited,B010,1-May-01,20-Nov-23,,"4,562.00",4530,0,0,0,0,341,0,0,,,,,1-Jan-93,1-Jul-25
ABGP0001667,,Gas Plant Sweet,,/07-18-078-02W6,55.758314,-118.297633,SHANE GAS PLANT,SHANE,0039,Repsol Oil & Gas Canada Inc.,F16207    ,Amended,16-Nov-05,A2BX,Hanna Oil & Gas Company - Canada ULC,B010,19-Mar-01,26-Aug-06,,720,715,0,0,0,0,27,32,0,,,,,1-Jan-93,1-Jan-01
ABGP0001668,,Gp Acid Gas Flaring%,,00/11-26-079-09W6,55.877968,-119.295638,SPECTRA GORDONDALE EAST GAS PLANT,GORDONDALE,A1KN,NorthRiver Midstream Inc.,F21169    ,Amended,30-May-23,A1KN,NorthRiver Midstream Inc.,D400,1-May-01,30-May-23,"Regenerative, Acid Gas Injection","2,826.40",2672.5,0,0,0,0,250,61,191.15,,,0,98.2,1-Jan-93,1-Jul-25
ABGP0001669,,Gas Plant Sweet,,00/05-01-051-15W5,53.373528,-116.084278,WOLF SOUTH 5-1-51-15W5,WHITEHORSE,A5D4,Cenovus Energy Inc.,F11990    ,Amended,25-Aug-06,A5D4,Cenovus Energy Inc.,B010,6-Mar-01,26-Aug-06,,"1,865.00",1673.7,0,0,0,0,502,74,0,,,,,1-Jan-93,1-Jul-25
ABGP0001670,,Gp Acid Gas Flaring,,/16-13-030-01W4,51.57454,-110.007271,ALTAGAS ANTELOPE,ANTELOPE,A81C,Campus Energy Partners Operations Inc.,F4059     ,RecExempt,31-Jul-24,A0TK,AltaGas Ltd.,C300,28-Feb-01,,"Regenerative, Acid Gas Flaring",240,,,,,,,,,,,,,1-Jan-93,1-Dec-20
ABGP0001671,,Gas Plant Sweet,,00/09-07-081-07W6,56.008742,-119.07246,KERECO BILAWCHUK,MULLIGAN,A6D7,Kelt Exploration Ltd.,F16719    ,Issued,21-Mar-01,A6D7,Kelt Exploration Ltd.,B010,21-Mar-01,,,390,,,,,,,,,,,,,1-Jan-93,1-Jul-09
ABGP0001672,,Gp Acid Gas Flaring%,,00/08-18-048-26W4,53.140065,-113.785773,CENTRAL WATELET GP 08-18,WIZARD LAKE,A8PH,Tenaz Energy Corp.,F10619    ,Amended,30-Oct-06,A8PH,Tenaz Energy Corp.,D400,1-Mar-01,23-Feb-08,"Regenerative, Acid Gas Injection",567,530,0,0,0,0,31,26,3.3,,,0,69.7,1-Jan-93,1-Jul-25
ABGP0001673,,Gas Plant Sweet,,00/04-22-019-21W4,50.616206,-112.842899,QUEENSTOWN 4-22-19-21w4,QUEENSTOWN,0HE9,Canadian Natural Resources Limited,F2569     ,Amended,30-May-07,0HE9,Canadian Natural Resources Limited,B010,5-Mar-01,30-May-07,,509.71,492.72,0,0,0,0,68.8,14,0,,,,,1-Jan-93,1-Jul-25
ABGP0001674,,Gas Plant Sweet,,00/01-15-019-25W4,50.6032,-113.377927,JOURNEY HERRONTON,HERRONTON,A2PH,Journey Energy Inc.,F2582     ,Amended,20-Mar-14,A2PH,Journey Energy Inc.,B010,5-Mar-01,20-Mar-14,,300,276,777,0,40,1,40,0,0,,,,,1-Jan-93,1-Jul-25
ABGP0001675,,Gas Plant Sweet,,/01-23-032-28W4,51.7525,-113.8575,HUSKY STEWART LAKE 1-23,STEWART,A1H9,Ember Resources Inc.,F4387     ,Amended,30-Oct-08,A1H9,Ember Resources Inc.,B010,19-Mar-01,30-Oct-08,,375,366,0,0,0,0,34,0,0,,,,,1-Jan-93,1-Oct-19
ABGP0001676,,Gp Acid Gas Flaring%,,00/07-23-049-27W4,53.241388,-113.839084,MIDWEST LEDUC-WOODBEND,LEDUC-WOODBEND,A74X,Aspenleaf Energy Limited,F22597    ,Amended,28-Aug-06,A74X,Aspenleaf Energy Limited,D400,15-Mar-01,28-Aug-06,"Regenerative, Acid Gas Injection","1,133.00",816,0,0,0,0,0,18.2,15.5,,,0,95.9,1-Jan-93,1-Jul-25
ABGP0001677,,Gas Plant Sweet,,/11-27-023-13W4,50.989142,-111.739949,BONAVISTA CESSFORD,CESSFORD,A2PH,Journey Energy Inc.,F3284     ,Amended,9-Aug-05,A2PH,Journey Energy Inc.,B010,1-Mar-01,26-Aug-06,None,170,170,,0.5,,,,,0,,,,,1-Jan-93,1-Apr-17
ABGP0001678,,Gas Plant Sweet,,02/14-12-075-03W6,55.4904,-118.3236,KAKUT 14-12-75-3W6,KAKUT,A517,Long Run Exploration Ltd.,F15549    ,Amended,12-Feb-10,A517,Long Run Exploration Ltd.,C300,6-Mar-01,12-Feb-10,"Regenerative, Acid Gas Flaring",793,742.06,0,0,0,0,15,0,0.99,,,0.99,,1-Jan-93,1-Jul-25
ABGP0001679,,Gp Acid Gas Flaring,,/02-25-056-06W5,53.860554,-114.75205,BONAVISTA CHERHILL,CHERHILL,A517,Long Run Exploration Ltd.,F13085    ,Amended,16-Dec-20,A517,Long Run Exploration Ltd.,C300,1-Mar-01,16-Dec-20,"Regenerative, Acid Gas Flaring",250,245,,,,,32.2,12,0.62,,,0.62,,1-Jan-93,1-Jul-25
ABGP0001680,,Gas Plant Sweet,,00/08-14-093-01W6,57.06643,-118.028351,SURGE HOTCHKISS,HOTCHKISS,0YK4,Surge Energy Inc.,F17577    ,Amended,5-Jan-05,0YK4,Surge Energy Inc.,B010,1-Mar-01,26-Aug-06,,400,398,0,0,0,0,0,300,0,0,,,,1-Jan-93,1-Aug-18
ABGP0001681,,Gas Plant Sweet,,/05-04-039-11W5,52.324836,-115.533328,NORTHROCK DEANNE 5-4,DEANNE,A2TG,TAQA North Ltd.,F7441     ,Amended,31-Jul-03,A2TG,TAQA North Ltd.,B010,6-Mar-01,26-Aug-06,,175,170.8,,,,,10,,0,,,,,1-Jan-93,1-Jul-25
ABGP0001682,,Gp Acid Gas Inj,,00/05-08-088-18W4,56.613286,-112.850667,SALESKI 5-8,SALESKI,0Z5F,Sequoia Resources Corp.,F17318    ,Amended,3-Mar-09,0Z5F,Sequoia Resources Corp.,C300,20-Mar-01,3-Mar-09,"Regenerative, Acid Gas Flaring",250,210,,,,,,,0.13,,,0.06,,1-Jan-93,1-Mar-18
ABGP0001683,,Gas Plant Sweet,,/16-02-079-24W5,55.823119,-117.631038,DEVON CULP,CULP,0HE9,Canadian Natural Resources Limited,F16370    ,Amended,16-Jan-08,0HE9,Canadian Natural Resources Limited,C311,28-Feb-01,16-Jan-08,None,60,,,,,,,,0.01,,,0,,1-Jan-93,1-Feb-08
ABGP0001684,,Gp Acid Gas Inj,,00/02-10-039-10W4,52.334279,-111.357529,APACHE PROVOST,PROVOST,A7WF,Battle River Energy Ltd.,F7087     ,Amended,22-Apr-04,A7WF,Battle River Energy Ltd.,C300,23-Mar-01,26-Aug-06,"Regenerative, Acid Gas Flaring",226,222.3,0,0,0,0,0,0,0.95,0,,0.95,,1-Jan-93,1-Jul-21
ABGP0001685,,Gp Acid Gas Inj,,/10-34-086-18W5,56.50261,-116.751988,HUSKY CADOTTE 10-34,CADOTTE,0BP8,Obsidian Energy Ltd.,F17114    ,Abandoned,8-Dec-22,0BP8,Obsidian Energy Ltd.,C300,1-May-01,26-Aug-06,"Regenerative, Acid Gas Flaring",339.8,322.2,0,0,0,0,0,0,0.03,0,,0.03,,1-Jan-93,1-Aug-09
ABGP0001686,,Gas Plant Sweet,,00/11-14-063-22W5,54.452296,-117.217544,WASKAHIGAN WEST  11-14-63-22W5,WASKAHIGAN,0G30,ARC Resources Ltd.,F14046    ,Abandoned,24-Aug-22,0G30,ARC Resources Ltd.,B010,12-Mar-01,,,296,,,,,,,,,,,,,1-Jan-93,1-Feb-09
ABGP0001687,,Gp Acid Gas Flaring,,00/01-28-043-23W4,52.727642,-113.270662,D Energy Woodriver 1-28-43-23W4,WOOD RIVER,A1H9,Ember Resources Inc.,F9277     ,Amended,7-Sep-22,A1H9,Ember Resources Inc.,B010,6-Mar-01,7-Sep-22,,180,150,0,0,0,0,8,1,0,,,,,1-Jan-93,1-Jul-25
ABGP0001688,,Gas Plant Sweet,,00/08-24-038-19W4,52.279899,-112.579954,STETTLER 8-24-38-19w4,GADSBY,0HE9,Canadian Natural Resources Limited,F6556     ,Issued,17-Jan-01,0HE9,Canadian Natural Resources Limited,B010,17-Jan-01,26-Aug-06,,566,563,,,,,23,,,,,,,1-Jan-93,1-Jul-25
ABGP0001689,,Gas Plant Sweet,,00/04-22-090-23W5,56.81552,-117.588025,KEYSPAN NORTHSTAR,NORTH STAR,A573,Tourmaline Oil Corp.,F17458    ,Abandoned,8-Sep-15,A543,Sydco Energy Inc.,B020,21-Mar-01,6-Apr-09,,184,,,,,,,,0,,,,,1-Jan-93,1-Nov-09
ABGP0001690,,Gp Sulphur Rcvry,,/01-14-041-15W4,52.523087,-112.047313,HUSKY GALAHAD 1-14,GALAHAD,A7H2,AlphaBow Energy Ltd.,F8669     ,Amended,25-Aug-21,A7H2,AlphaBow Energy Ltd.,D400,19-Mar-01,25-Aug-21,"Regenerative, Acid Gas Injection",160,100,,,,,50,1.2,4.99,,,0,69.7,1-Jan-94,1-Jul-25
ABGP0001691,,Gp Sulphur Rcvry,,/16-31-008-17W4,,,HUSKY TABER SOUTH,TABER SOUTH,A5D4,Cenovus Energy Inc.,,,,,,,,,,,,,,,,,,,,,,,,
ABGP0001692,,Gas Plant Sweet,,/05-01-064-17W5,54.50608,-116.44269,PARAMOUNT KAYBOB,TWO CREEK,0AW4,Paramount Resources Ltd.,F14172    ,Issued,6-Mar-01,0AW4,Paramount Resources Ltd.,B010,6-Mar-01,,,"1,164.00",,,,,,,,,,,,,1-Jan-94,1-Mar-04
ABGP0001693,,Gas Plant Sweet,,/16-12-056-14W5,53.830129,-115.936157,PENGROWTH MCLEOD,MCLEOD,A1GR,Pine Cliff Energy Ltd.,F13105    ,Issued,6-Mar-01,A1GR,Pine Cliff Energy Ltd.,B010,6-Mar-01,,,623,,,,,,,,,,,,,1-Jan-94,1-Jul-25
ABGP0001694,,Gas Plant Sweet,,/06-11-033-18W4,51.814441,-112.451993,SUMMIT CRAIGMYLE,CRAIGMYLE,A7HE,Tallahassee Exploration Inc.,F4484     ,Amended,20-Sep-06,A7HE,Tallahassee Exploration Inc.,B010,21-Mar-01,20-Sep-06,,650,631,0,0,0,0,0,3.5,0,,,,,1-Jan-94,1-Sep-24
ABGP0001695,,Gp Sulphur Rcvry,,/13-30-040-10W4,52.476404,-111.440384,PANCDN PROVOST,PROVOST,A5D4,Cenovus Energy Inc.,F7896     ,Issued,6-Mar-01,A7H2,AlphaBow Energy Ltd.,D400,6-Mar-01,24-Nov-07,"Regenerative, Acid Gas Injection",550,460,0,0,0,0,98,0,12,0,,,95.9,1-Jan-94,1-Mar-17
ABGP0001696,,Gp Acid Gas Flaring,,00/01-18-084-12W6,56.275541,-119.872773,BEAR CANYON 1-18-84-12w6,BOUNDARY LAKE SOUTH,0HE9,Canadian Natural Resources Limited,F17020    ,Abandoned,27-Jan-25,0HE9,Canadian Natural Resources Limited,C300,6-Mar-01,7-Sep-06,,"1,234.00",1232,,,,,,37,0.5,,,0,,1-Jan-94,1-Jul-11
ABGP0001697,,Gas Plant Sweet,,00/10-12-056-17W5,53.826418,-116.388962,SHINNING BANK GAS PLANT,PINE CREEK,0LN5,Ish Energy Ltd.,F13113    ,Amended,8-Sep-05,0LN5,Ish Energy Ltd.,B010,2-Mar-01,26-Aug-06,,680,673,,,,,63,12.8,0,,,,,1-Jan-94,1-Jul-25
ABGP0001698,,Gp Sulphur Rcvry,,/08-14-040-03W4,52.43966,-110.320922,MIDCOAST PROVOST,PROVOST,0YK4,Surge Energy Inc.,F7679     ,Amended,29-Oct-04,0YK4,Surge Energy Inc.,D400,15-Mar-01,24-Nov-07,"Regenerative, Acid Gas Injection",424,405,0,0,0,0,100,7,6.9,0,,,89.7,1-Jan-94,1-Jul-25
ABGP0001699,,Gas Plant Sweet,,00/05-14-036-20W4,52.090613,-112.763344,western facility managmentFENN-BIG VALLEY,FENN-BIG VALLEY,A0C0,Keyera Energy Ltd.,F5594     ,Issued,1-Mar-01,A0C0,Keyera Energy Ltd.,B040,1-Mar-01,26-Aug-06,None,596,,,,,,,,0,,,,,1-Jan-94,1-Jun-01
ABGP0001700,,Gas Plant Frac,,00/13-24-048-07W5,53.161418,-114.900476,Buck Creek Frac Plant,PEMBINA,A31G,Plains Midstream Canada ULC,F10862    ,Amended,14-May-15,A31G,Plains Midstream Canada ULC,B011,13-Feb-01,14-May-15,,0.1,0.1,0,0,2710,0,0,503,0,,,,,1-Jan-91,1-Jul-25
ABGP0001701,,Gas Plant Frac,,00/02-14-055-22W4,53.746778,-113.160459,KEYERA FORT SASK FRAC PLANT,FORT SASKATCHEWAN,A0C0,Keyera Energy Ltd.,F12695    ,Amended,8-Aug-25,A0C0,Keyera Energy Ltd.,D401,1-Mar-01,8-Aug-25,"Regenerative, Acid Gas Flaring",0.01,0.01,4690,15360,11969,8949,,22150,4.4,,,0.99,,1-Jan-91,1-Jul-25
ABGP0001702,,Gas Plant Frac,,/11-20-042-09W4,52.632998,-111.268095,GIBSON HARDISTY,KILLAM,0195,Gibson Energy Inc.,F8917     ,Amended,16-May-24,0195,Gibson Energy Inc.,B011,2-Mar-01,16-May-24,,0,1.08,16.8,1080,334.9,400.6,735.6,327.6,0,,,,,1-Jan-91,1-Jul-25
ABGP0001703,,Gas Plant Frac,,00/02-23-055-22W4,53.759579,-113.155355,Plains Fort Sask Frac Plant,FORT SASKATCHEWAN,A31G,Plains Midstream Canada ULC,F12699    ,Amended,19-Oct-23,A31G,Plains Midstream Canada ULC,D401,1-Mar-01,19-Oct-23,"Both, Acid Gas Flaring",0.01,0.01,0,0,5448,3432,5974,3309,3.27,,,0.98,,1-Jan-92,1-Jul-25
ABGP0001704,,Gas Plant Frac,,/01-04-099-22W5,57.557448,-117.532803,STITTCO KEMP,UNDEFINED,0RM4,Stittco Energy Limited,F17736    ,Abandoned,1-Oct-14,A6RN,Nottingham Midstream Limited,B011,6-Mar-01,,,330,,,,,,,,,,,,,1-Jan-91,1-Apr-13
ABGP0001705,,Gas Plant Frac,,02/03-26-033-06W5,51.85611,-114.75056,TRISOL CAROLINE,CAROLINE,A0TK,AltaGas Ltd.,F4557     ,Amended,4-Nov-08,A2TG,TAQA North Ltd.,B010,7-Dec-00,4-Nov-08,"Regenerative, Acid Gas Flaring","1,352.00",1315,0,0,0,0,145.5,121.5,0,,,,,,
ABGP0001706,,Gas Plant Frac,,/01-13-055-22W4,,,DOW FORT SASKATCHEWAN,FORT SASKATCHEWAN,0F05,Dow Chemical Canada ULC,,,,,,,,,,,,,,,,,,,,,,,1-Jan-93,1-Jul-25
,,,,,,,,,,,,,,,,,,,,,,,,,,,,,,,,,,
ABGP0001707,,Gas Plant Frac,,00/09-01-056-22W4,53.813504,-113.130882,Pembina Infra. & Logistics LP Frac 1,REDWATER,A68Y,Pembina NGL Corporation,F13004    ,Amended,18-Oct-24,A68Y,Pembina NGL Corporation,D401,1-May-01,18-Oct-24,"Both, Acid Gas Flaring",0.01,0.01,8472,,21666,13658,,8908,15.23,,,0.99,,1-Jan-99,1-Jul-25
ABGP0001713,,Gas Plant Sweet,,00/13-31-048-12W4,53.190474,-111.760029,VIKING-KINSELLA 13-31-48-12W4,VIKING-KINSELLA,A1GR,Pine Cliff Energy Ltd.,F23122    ,Amended,3-Jun-15,A1GR,Pine Cliff Energy Ltd.,B010,1-May-01,3-Jun-15,,"1,993.47",1887.56,0,0,0,0,0,7.3,0,,,,,1-Jan-02,1-Jul-25
ABGP0001714,,Gas Plant Sweet,,00/12-05-054-20W5,53.637246,-116.921506,HUSKY GALLOWAY GP SUNDANCE 12-05,ANSELL,A5D4,Cenovus Energy Inc.,F12490    ,Amended,8-Nov-02,A5D4,Cenovus Energy Inc.,B010,31-Jan-01,26-Aug-06,,564,545.7,,,,,29.1,67.7,0,,,,,1-Mar-03,1-Nov-20
ABGP0001715,,Gas Plant Sweet,,00/13-09-058-02W6,54.004444,-118.242444,husky deny kiskiu smoky river 14-09,SMOKY,A2PH,Journey Energy Inc.,F26348    ,Amended,24-Mar-11,A2PH,Journey Energy Inc.,B010,23-Oct-01,24-Mar-11,,713.8,712.9,0,0,0,0,0,0,0,,,,,1-Jan-02,1-Jul-25
ABGP0001716,,Gas Plant Sweet,,00/06-20-076-02W6,55.597354,-118.274374,ENCANA PEORIA AND SHANE 06-20,PEORIA,A5KX,Verity Energy Ltd.,F15823    ,Abandoned,2-Feb-22,A772,Topanga Resources Ltd.,C300,1-May-01,26-Aug-06,"Nonregenerative, Acid Gas CO2 Venting",555,547,0,0,0,0,1.6,0,0.02,0,,,,1-Jan-02,1-Jun-08
ABGP0001717,,Gas Plant Sweet,,00/05-36-061-18W5,54.31682,-116.570893,00/05-36-061-18W5 Fox Creek,FOX CREEK,A97N,Sinopec Canada Energy Ltd.,F22634    ,Amended,30-Jul-13,A97N,Sinopec Canada Energy Ltd.,C300,16-Apr-01,30-Jul-13,"Regenerative, Acid Gas Flaring",340,339,0,0,0.1,0.2,0,4.5,0.9,,,0.9,,1-Jan-02,1-Jul-13
ABGP0001718,,Gas Plant Sweet,,02/14-23-058-26W5,54.033401,-117.75693,BERLAND RIVER WEST 14-23-58-26w5,LELAND,0HE9,Canadian Natural Resources Limited,F27305    ,Amended,7-Apr-03,0HE9,Canadian Natural Resources Limited,B010,9-Jul-02,26-Aug-06,,"3,115.00",3060,,,,,,355,0,,,,,1-Jan-02,1-Jul-25
ABGP0001719,,Gas Plant Sweet,,00/16-07-021-13W4,50.77402,-111.784997,ENCANA VERGER 16-07,VERGER,0HE9,Canadian Natural Resources Limited,F2981     ,Amended,17-Sep-02,A7NW,Torxen Energy Ltd.,B010,6-Mar-01,26-Aug-06,None,113.3,112.3,0,0,0,0,4.6,0,0,0,,,,1-Oct-02,1-Nov-14
ABGP0001720,,Gas Plant Sweet,,00/08-30-046-01W5,52.992498,-114.124846,TALISMAN BENSON PEMBINA 08-30,PEMBINA,A6JK,InPlay Oil Corp.,F9892     ,Amended,16-May-02,A6JK,InPlay Oil Corp.,B010,1-May-01,26-Aug-06,,40,36,0,16.1,0,0,0,0,0,0,,,,1-Sep-02,1-Jul-21
ABGP0001727,,Gas Plant Sweet,,/01-13-032-19W4,51.737123,-112.557529,HUSKY DELIA 1-13,DELIA,A663,Trident Exploration (Alberta) Corp.,F4330     ,Amended,9-Jan-06,A7HE,Tallahassee Exploration Inc.,B010,19-Mar-01,26-Aug-06,,624,623.6,0,0,0,0,5.7,0,0,,,,,1-Jan-98,1-Apr-19
ABGP0001728,,Gas Plant Sweet,,00/04-28-048-10W4,53.164369,-111.414967,PERCY LAKE 4-28-48-10W4,VIKING-KINSELLA,A1GR,Pine Cliff Energy Ltd.,F10588    ,Amended,7-May-09,A1GR,Pine Cliff Energy Ltd.,B020,1-Mar-01,7-May-09,,340,,,,,,,,0,,,,,1-Jan-98,1-May-09
ABGP0001729,,Gas Plant Sweet,,00/13-33-110-04W6,58.598997,-118.610448,CALVALLEY RAINBOW,RAINBOW,A0NF,Links Northern Resources Ltd.,F21622    ,Abandoned,27-Jul-20,0A85,Winter Petroleum Ltd.,B010,1-Mar-01,,,181,,,,,,,,,,,,,,
ABGP0001730,,Gas Plant Sweet,,00/15-28-053-02W5,53.612165,-114.232097,CARVEL 15-28 GAS PLANT,CARVEL,A74X,Aspenleaf Energy Limited,F12294    ,Issued,23-Mar-01,A74X,Aspenleaf Energy Limited,B010,23-Mar-01,,,339,,,,,,,,,,,,,1-Jan-98,1-Oct-19
ABGP0001731,,Gas Plant Sweet,,/04-30-029-19W4,51.505597,-112.672999,BEARSPAW EAST DRUMHELLER 4-30,WAYNE-ROSEDALE,0NL1,Bearspaw Petroleum Ltd.,F3955     ,Issued,2-Jan-01,0NL1,Bearspaw Petroleum Ltd.,B010,2-Jan-01,26-Aug-06,,170,159,0,0,0,0,44.3,0.8,,0,,,,1-Jan-98,1-Jul-25
ABGP0001732,,Gas Plant Sweet,,00/12-11-041-24W4,52.514487,-113.358278,BONAVISTA TEES,CHIGWELL,A1H9,Ember Resources Inc.,F8737     ,Amended,22-Nov-12,A1H9,Ember Resources Inc.,B020,28-Feb-01,22-Nov-12,,910,,,,,,,,0,,,,,1-Jan-98,1-Jul-25
ABGP0001733,,Gas Plant Sweet,,00/06-36-031-01W4,51.698099,-110.017414,PENN WEST ESTHER 6-36,ESTHER,0BP8,Obsidian Energy Ltd.,F4163     ,Abandoned,28-Feb-25,0BP8,Obsidian Energy Ltd.,C310,6-Mar-01,11-Sep-06,,5,,,,,,,,0.01,,,0,,1-Jan-98,1-Feb-01
ABGP0001734,,Gp Sulphur Rcvry,,00/16-07-017-18W4,50.424707,-112.458961,EYREMORE 16-7-17-18w4,EYREMORE,A7AZ,SanLing Energy Ltd.,F2224     ,Abandoned,29-Apr-25,A7AZ,SanLing Energy Ltd.,C300,2-Mar-01,,None,180,,,,,,,,0.1,,,,,1-Jan-98,1-Mar-21
ABGP0001735,,Gas Plant Sweet,,00/06-32-082-05W6,56.150319,-118.746824,GEORGE 6-32-82-5W6,GEORGE,0HE9,Canadian Natural Resources Limited,F16857    ,Issued,27-Feb-01,0HE9,Canadian Natural Resources Limited,B010,27-Feb-01,26-Aug-06,,566.2,566.3,,,,,64,,,,,,,1-Jan-99,1-Sep-09
ABGP0001736,,Gas Plant Sweet,,00/04-23-087-05W6,56.553085,-118.687544,WORSLEY 4-23-87-5W6,WORSLEY,0HE9,Canadian Natural Resources Limited,F17245    ,Abandoned,5-Sep-13,0HE9,Canadian Natural Resources Limited,B010,27-Feb-01,26-Aug-06,,283.2,273.7,0,0,0,0,0,42.1,,0,,,,1-Jan-99,1-Jan-00
ABGP0001737,,Gas Plant Sweet,,00/06-24-039-23W4,52.365203,-113.188442,APACHE NEVIS 6-24,NEVIS,A1H9,Ember Resources Inc.,F7216     ,Amended,7-May-15,A1H9,Ember Resources Inc.,B020,28-Feb-01,7-May-15,,420,,,,,,,,0,,,,,1-Jan-99,1-Jul-25
ABGP0001738,,Gas Plant Sweet,,/09-17-122-20W5,59.599736,-117.397725,GULF STEEN RIVER 9-17,DIZZY,A7HE,Tallahassee Exploration Inc.,F18650    ,Amended,28-Oct-13,A7HE,Tallahassee Exploration Inc.,D400,2-Mar-01,28-Oct-13,"Regenerative, Acid Gas Injection","1,272.00",1225,,,,,0,45,34.4,,,0,95.9,1-Jan-99,1-Aug-14
ABGP0001739,,Gas Plant Sweet,,00/01-08-020-13W4,50.675685,-111.760756,BANTRY-2 1-8-20-13w4,BANTRY,0HE9,Canadian Natural Resources Limited,F2750     ,Amended,26-Apr-07,A7NW,Torxen Energy Ltd.,C300,1-May-01,26-Apr-07,Nonregenerative,925,918.7,0,0,0,0,0,15,0.92,,,0,,1-Jan-99,1-Jul-25
ABGP0001740,,Gas Plant Sweet,,00/04-25-062-06W6,54.387435,-118.771013,MUSREAU 4-25-62-6W6,KAKWA,A938,Pembina Gas Infrastructure Inc.,F13910    ,Amended,12-Feb-16,A5A3,Pembina Gas Services Ltd.,B010,1-May-01,12-Feb-16,,"8,384.60",7170.8,0,2300,0,0,927.5,609.8,0,,,,,1-Jan-99,1-Jul-25
ABGP0001741,,Gas Plant Sweet,,/06-33-060-09W5,54.228393,-115.290926,SHIININGBANK BLUERIDGE 6-33,GREENCOURT,A2TG,TAQA North Ltd.,F13620    ,Amended,14-Dec-04,A2TG,TAQA North Ltd.,C340,2-Mar-01,26-Aug-06,None,100,418.4,,,,,37.6,,0.27,,,,,1-Jan-99,1-Aug-04
ABGP0001742,,Gp Acid Gas Inj,,00/11-17-049-04W5,53.231253,-114.554115,ANG ET AL PEMBINA 11-17,PEMBINA,0XZ4,Bonterra Energy Corp.,F11250    ,Amended,21-Jul-22,0XZ4,Bonterra Energy Corp.,B010,1-May-01,21-Jul-22,"Regenerative, Acid Gas Flaring",254.9,242.9,0,0,0,0,43.8,0,0,,,,,1-Jan-99,1-Sep-15
ABGP0001743,,Gas Plant Sweet,,00/02-31-031-11W4,51.694687,-111.5504,HUSKY PROVOST 2-31,RICHDALE,A5D4,Cenovus Energy Inc.,F27487    ,Abandoned,20-Jun-05,A0TK,AltaGas Ltd.,B040,23-Sep-02,26-Aug-06,,57,,,,,,,,0,,,,,1-Jan-99,1-Sep-00
ABGP0001744,,Gas Plant Sweet,,/12-13-083-05W6,56.197614,-118.655656,COPAREX CLAYHURST GAS PLANT,CLAYHURST,A74Y,Tidewater Midstream and Infrastructure Ltd.,F16937    ,Abandoned,4-Oct-23,A74Y,Tidewater Midstream and Infrastructure Ltd.,C300,1-Mar-01,,,283,,,,,,,,0.62,,,,,1-Jan-99,1-Aug-18
ABGP0001745,,Gas Plant Sweet,,00/11-02-056-02W5,53.812218,-114.19097,00/11-02-056-02W5 Cardiff GP,CARDIFF,A97N,Sinopec Canada Energy Ltd.,F13046    ,Abandoned,27-Feb-23,A97N,Sinopec Canada Energy Ltd.,B010,1-May-01,26-Aug-06,,141.6,167,,,,,13.2,,0,,,,,1-Jan-99,1-Aug-20
ABGP0001746,,Gp Acid Gas Flaring%,,02/05-23-080-13W6,55.947032,-119.92864,SPECTRA POUCE COUPE 5-23 GAS PLANT,POUCE COUPE,A1KN,NorthRiver Midstream Inc.,F16614    ,Amended,30-Jan-24,A1KN,NorthRiver Midstream Inc.,D400,1-May-01,30-Jan-24,"Regenerative, Acid Gas Injection","1,708.00",1612.8,0,0,0,0,110,23.2,26.18,,,0,95.9,1-Jan-99,1-Jul-25
ABGP0001747,,Gas Plant Sweet,,02/05-11-034-12W4,51.902353,-111.608339,Pengrowth BRENT 5-11 Gas Plant,GARDEN PLAINS,A7H2,AlphaBow Energy Ltd.,F4686     ,Issued,1-Mar-01,A7H2,AlphaBow Energy Ltd.,B010,1-Mar-01,26-Aug-06,,450,421.5,,,,,,13.5,,,,,,1-Jan-99,1-Jul-25
ABGP0001748,,Gas Plant Sweet,,00/06-05-063-22W5,54.419594,-117.293127,CROOKED LAKE 6-5-63-22W5,WASKAHIGAN,0HE9,Canadian Natural Resources Limited,F14043    ,Issued,27-Feb-01,0HE9,Canadian Natural Resources Limited,B010,27-Feb-01,26-Aug-06,,570,278.9,0,,0,0,32.4,0,,0,,,,1-Jan-99,1-Oct-20
ABGP0001749,,Gas Plant Sweet,,02/12-28-076-22W5,55.614794,-117.362217,NORTHROCK GIROUXVILLE 12-28,GIROUXVILLE EAST,A2TG,TAQA North Ltd.,F15819    ,Amended,1-Apr-09,A517,Long Run Exploration Ltd.,B030,6-Mar-01,1-Apr-09,,2.5,,,,,,,,0,,,,,1-Jan-99,1-Sep-02
ABGP0001750,,Gas Plant Frac,,00/03-17-047-27W4,53.046899,-113.917115,* IMPERIAL INJECTION,BONNIE GLEN,0007,Imperial Oil Resources Limited,F10153    ,Amended,24-Oct-06,0007,Imperial Oil Resources Limited,D400,2-Mar-01,24-Nov-07,"Regenerative, Acid Gas Injection","7,323.00",6368,3062,0,1970,1135,0,1120,10,,,0,89.7,,
ABGP0001751,,Gas Plant Sweet,,02/03-06-039-11W5,52.321135,-115.575622,Deanne 03-06-039-11W5,DEANNE,A6FW,Vermilion Energy Inc.,F7443     ,Amended,18-Jul-24,A6FW,Vermilion Energy Inc.,B010,5-Mar-01,18-Jul-24,,566,561,0,0,0,0,24,0,0,,,,,1-Jan-99,1-Jul-25
ABGP0001752,,Gas Plant Sweet,,00/04-21-078-23W5,55.767463,-117.517984,FALHER 4-21-78-23W5,CULP,A517,Long Run Exploration Ltd.,F16165    ,Amended,28-Jun-07,A517,Long Run Exploration Ltd.,B010,28-Feb-01,28-Jun-07,,150,141,0,0,0,0,0,3,0,,,,,1-Jan-99,1-Jan-14
ABGP0001753,,Gas Plant Sweet,,/04-26-064-26W4,54.56045,-113.83425,HUSKY STEELE BOLLOQUE 4-26,BOLLOQUE,0Z5F,Sequoia Resources Corp.,F14122    ,Abandoned,20-Apr-22,0Z5F,Sequoia Resources Corp.,B010,19-Mar-01,,,158,,,,,,,,,,,,,1-Jan-99,1-Mar-18
ABGP0001754,,Gas Plant Sweet,,/09-05-010-11W4,49.794726,-111.452892,TERRAQUEST TWOG BOW ISLAND 9-5,BOW ISLAND,A7XK,Blue Sky Resources Ltd.,F399      ,RecCertified,5-Apr-19,A1RY,Novus Energy Inc.,C300,6-Mar-01,,None,283,,,,,,,,0.96,,,,,1-Jan-99,1-Sep-02
ABGP0001755,,Gas Plant Sweet,,00/08-36-082-26W5,56.152241,-117.91854,DEVON BERWYN GAS PLANT,BERWYN,A517,Long Run Exploration Ltd.,F16853    ,Amended,7-Feb-07,A517,Long Run Exploration Ltd.,B020,28-Feb-01,7-Feb-07,,300,,,,,,,,0,,,,,,
ABGP0001756,,Gas Plant Sweet,,00/11-18-074-12W6,55.412354,-119.835183,AEC WEST HYTHE 14-18,SINCLAIR,0,Encana Western Resources Ltd.,F21911    ,Amended,9-Jan-24,A734,Veresen Midstream General Partner Inc.,E600,28-Feb-01,9-Jan-24,"Regenerative, Acid Gas Sulphur Recovery, Acid Gas Flaring, Claus Process, Superclaus Process, MCRC Process","10,249.00",9450,0,0,0,0,1041.8,387,427.8,420.8,,6.84,98.4,1-Jan-99,1-Sep-02
ABGP0001757,,Gas Plant Sweet,,00/12-05-054-20W5,53.637246,-116.921506,HUSKY GALLOWAY 12-5,ANSELL,A5D4,Cenovus Energy Inc.,F12490    ,Amended,8-Nov-02,A5D4,Cenovus Energy Inc.,B010,31-Jan-01,26-Aug-06,,564,545.7,,,,,29.1,67.7,0,,,,,,
ABGP0001758,,Gp Acid Gas Flaring,,00/08-21-087-09W6,56.555573,-119.358202,WORSLEY GAS PLANT 8-21,WORSLEY,A73W,Enercapita Energy Ltd.,F17302    ,Amended,30-Jul-09,A73W,Enercapita Energy Ltd.,C300,1-May-01,30-Jul-09,"Regenerative, Acid Gas Flaring",380,343,0,0,0,0,30,0,0.99,,,0.99,,1-Jan-99,1-Jul-25
ABGP0001759,,Gas Plant Sweet,,00/07-27-051-19W5,53.428709,-116.713015,ANSELL 7-27-51-19W5,ANSELL,0HE9,Canadian Natural Resources Limited,F11995    ,Amended,24-Feb-09,0HE9,Canadian Natural Resources Limited,B010,14-Feb-01,24-Feb-09,,700,669.4,0,0,0,0,115,70,0,,,,,1-Jan-00,1-Jul-25
ABGP0001760,,Gas Plant Sweet,,00/08-03-007-01W4,49.529463,-110.053959,AEC EAST CYPRESS 8-3,CYPRESS,0026,Ovintiv Canada ULC,F166      ,Abandoned,11-Oct-23,A8HR,Spartan Delta Corp.,B020,15-Feb-01,,None,254,,,,,,,,,,,,,,
ABGP0001761,,Gas Plant Sweet,,00/03-18-045-25W4,52.87297,-113.62857,LOUIS BULL 03-18-045-25W4 GAS PLANT,NELSON,A71K,Axiom Oil and Gas Inc.,F9686     ,Issued,28-Feb-01,A71K,Axiom Oil and Gas Inc.,B010,28-Feb-01,,,508,,,,,,,,,,,,,1-Jan-00,1-Sep-23
,,,,,,,,,,,,,,,,,,,,,,,,,,,,,,,,,,
ABGP0001764,,Gas Plant Sweet,,00/07-16-026-05W5,51.217959,-114.638441,OLYMPIA WILDCAT HILLS,JUMPING POUND,A5M4,Manitok Energy Inc.,F3655     ,Issued,30-Apr-01,A84G,Persist Oil And Gas Inc.,B040,30-Apr-01,26-Aug-06,,"1,400.00",,,,,,,,,,,,,,
ABGP0001765,,Gas Plant Sweet,,/01-28-122-22W5,59.621666,-117.713888,BEARSPAW MARLOWE 1-28,MARLOWE,A7HE,Tallahassee Exploration Inc.,F18657    ,Amended,25-Mar-11,A7HE,Tallahassee Exploration Inc.,D400,2-Jan-01,25-Mar-11,"Regenerative, Acid Gas Injection","1,133.00",1094,0,0,0,0,10.8,33.1,20.9,,,0,95.9,1-Jan-00,1-Jan-14
ABGP0001766,,Gas Plant Sweet,,00/11-17-055-21W5,53.753652,-117.088484,PEYTO OLDMAN 11-17,SUNDANCE,0YA2,Peyto Exploration & Development Corp.,F12844    ,Amended,9-Nov-23,0YA2,Peyto Exploration & Development Corp.,B010,1-May-01,9-Nov-23,,"3,681.00",3407,0,0,0,0,529,316,0,,,,,1-Jan-00,1-Jul-25
ABGP0001767,,Gas Plant Sweet,,/06-27-090-20W4,56.833664,-113.106117,PARAMOUNT SOUTH LIEGE GAS PLANT,LIEGE,A28L,Athabasca Oil Corporation,F17427    ,Issued,6-Mar-01,A28L,Athabasca Oil Corporation,B010,6-Mar-01,26-Aug-06,,566.3,543,0,0,0,0,0,0,,0,,,,1-Jan-00,1-Dec-10
ABGP0001768,,Gas Plant Sweet,,/13-07-069-24W5,54.965193,-117.656319,NAL STURGEON LAKE GAS PLANT,STURGEON LAKE SOUTH,A5BE,Whitecap Resources Inc.,F14927    ,Amended,21-Aug-06,A5BE,Whitecap Resources Inc.,C300,1-May-01,26-Aug-06,,652,635.6,,,,,65.2,,0.04,,,0,,1-Jan-00,1-Jul-25
ABGP0001769,,Gas Plant Sweet,,02/14-07-010-21W4,49.812758,-112.838033,ENCOUNTER KEHO GAS PLANT,KEHO,A04N,Tamarack Valley Energy Ltd.,F517      ,Amended,23-Mar-09,A9AX,Sharptail Energy Inc,B020,8-Dec-00,23-Mar-09,,160,,,,,,,,0,,,,,1-Jan-00,1-Feb-07
ABGP0001770,,Gas Plant Sweet,,/05-30-032-10W4,51.771474,-111.420087,ALTAGAS KIRKPATRICK LAKE GAS PLANT,PROVOST,A0TK,AltaGas Ltd.,F4308     ,Abandoned,13-Oct-22,A0TK,AltaGas Ltd.,B010,28-Feb-01,26-Aug-06,,315,312,0,0,0,0,8.8,0,0,0,,,,1-Jan-00,1-Sep-22
ABGP0001771,,Gas Plant Sweet,,00/11-05-076-22W5,55.557506,-117.379919,MCLEAN CREEK 11-5-76-22W5 PLANT,GIROUXVILLE EAST,A517,Long Run Exploration Ltd.,F15813    ,Issued,27-Feb-01,A517,Long Run Exploration Ltd.,B010,27-Feb-01,,,150,,,,,,,,,,,,,1-Jan-00,1-Nov-11
ABGP0001772,,Gas Plant Sweet,,/16-06-081-08W6,,,VICTORIA MULLIGAN 16-6 GAS PLANT,MULLIGAN,0PY3,Victoria Gas Ltd.,,,,,,,,,,,,,,,,,,,,,,,,
ABGP0001773,,Gas Plant Sweet,,/04-08-079-08W5,55.827098,-115.222892,PENGROWTH NIPISI 4-8,NIPISI,A2LN,Anterra Energy Inc.,F20453    ,Amended,19-Nov-01,A7XK,Blue Sky Resources Ltd.,B010,1-May-01,26-Aug-06,,68,51,,,34.7,,36.2,,,,,,,1-Jan-00,1-Aug-15
ABGP0001774,,Gas Plant Sweet,,/06-29-049-21W4,53.25725,-113.04,CABRE JOARCAM 6-29,JOARCAM,A5RD,Enerplus Corporation,F11108    ,Amended,4-Jul-07,A5RD,Enerplus Corporation,B010,12-Mar-01,4-Jul-07,,535,507,0,0,0,0,496,0,0,,,,,1-Jan-00,1-Oct-24
ABGP0001775,,Gp Acid Gas Flaring%,,00/05-34-078-25W5,55.798983,-117.798119,West Culp 5-34-78-25w5,EAGLESHAM NORTH,0HE9,Canadian Natural Resources Limited,F16187    ,Amended,3-Oct-06,0HE9,Canadian Natural Resources Limited,D400,28-Feb-01,24-Nov-07,"Regenerative, Acid Gas Injection",679.6,644.2,0,0,0,0,84.3,0,17.2,,,0,95.9,1-Jan-00,1-Jul-25
ABGP0001776,,Gp Acid Gas Flaring,,00/06-22-070-20W5,55.075881,-116.963053,DEFIANT ENERGY SUNSET PLANT 6-22,SUNSET,A73W,Enercapita Energy Ltd.,F22621    ,Amended,1-Apr-10,A73W,Enercapita Energy Ltd.,C300,19-Mar-01,1-Apr-10,"Regenerative, Acid Gas Flaring",125,119,0,0,0,0,10,0,0.09,,,0.09,,1-Jan-00,1-Jul-25
ABGP0001777,,Gas Plant Sweet,,00/01-36-060-03W6,54.225007,-118.300023,BURLINGTON RESTHAVEN 1-36,RESTHAVEN,0G30,ARC Resources Ltd.,F13530    ,Amended,5-Dec-22,A8FG,Strathcona Resources Ltd.,B010,4-Apr-01,5-Dec-22,None,800,775,0,0,0,0,0,146,0,,,,,1-Jan-00,1-Jul-25
ABGP0001778,,Gas Plant Sweet,,00/06-08-073-07W5,55.307142,-115.042361,ATCO WIDEWATER GAS PLANT 6-8,WIDEWATER,A868,Ipc Canada Ltd.,F15279    ,Amended,18-Aug-06,A868,Ipc Canada Ltd.,B010,2-Mar-01,26-Aug-06,,337.8,336.4,0,0,0,0,0,7.3,0,,,,,1-Jan-00,1-Oct-16
ABGP0001779,,Gas Plant Sweet,,02/04-14-031-02W4,51.649659,-110.193256,CAMPUS ESTHER,ESTHER,A81C,Campus Energy Partners Operations Inc.,F20204    ,Amended,1-May-18,A81C,Campus Energy Partners Operations Inc.,B010,1-May-01,1-May-18,"Regenerative, Acid Gas Flaring",850,840,0,0,0,0,0,10,0,,,,,1-Jan-01,1-Jul-21
ABGP0001780,,Gas Plant Sweet,,00/11-25-059-09W6,54.131718,-119.214687,KELT COPTON GP 11-25,GRANDE CACHE,A6D7,Kelt Exploration Ltd.,F25069    ,Amended,6-Sep-01,A6D7,Kelt Exploration Ltd.,B010,3-Nov-00,26-Aug-06,,"2,310.00",2270,,,,,471,,0,,,,,1-Jan-01,1-Feb-17
ABGP0001781,,Gas Plant Sweet,,00/03-31-091-01W6,56.931529,-118.15036,CONCO SUTTON 03-31,STOWE,A573,Tourmaline Oil Corp.,F25247    ,Abandoned,29-Apr-25,A543,Sydco Energy Inc.,B040,11-Dec-00,26-Aug-06,,280,,,,,,,,0,,,,,1-Jan-01,1-Apr-03
ABGP0001782,,Gas Plant Sweet,,02/04-12-018-17W4,50.501099,-112.224036,SCANDIA 4-12-18-17w4,COUNTESS,0HE9,Canadian Natural Resources Limited,F2399     ,Amended,8-Nov-11,A7NW,Torxen Energy Ltd.,B010,8-Feb-01,8-Nov-11,,622,621.3,0,0,0,0,14,3.8,0,,,,,1-Jan-01,1-Jul-25
ABGP0001783,,Gas Plant Sweet,,/10-01-048-15W4,53.114439,-112.060269,DOMINION EAST BRUCE 10-01,BRUCE,0MK1,1333002 Alberta Ltd.,F10594    ,Abandoned,27-Jan-06,0Z5F,Sequoia Resources Corp.,B010,19-Apr-01,26-Aug-06,,206.72,225.9,0,0,0,0,0,0.6,0,0,,,,1-Jan-01,1-Oct-02
ABGP0001784,,Gp Acid Gas Inj,,00/07-26-039-16W4,52.225226,-112.115024,MONOLITH RED WILLOW 7-26,RED WILLOW,0BP8,Obsidian Energy Ltd.,F25353    ,Amended,4-Nov-05,0BP8,Obsidian Energy Ltd.,C300,16-Jan-01,26-Aug-06,"Regenerative, Acid Gas Flaring",282,270,,,,,,,0.99,,,0.99,,1-Jan-01,1-Feb-14
ABGP0001785,,Gp Acid Gas Inj,,00/10-02-077-05W5,55.644884,-114.657841,AEC OIL & GAS MARTAIN HILLS,MARTEN,A71K,Axiom Oil and Gas Inc.,F15974    ,Amended,20-Dec-22,A04N,Tamarack Valley Energy Ltd.,B010,28-Feb-01,20-Dec-22,"Regenerative, Acid Gas Flaring","1,359.00",1359,0,0,0,0,0,78.9,0,,,,,1-Jan-01,1-Nov-11
ABGP0001786,,Gas Plant Sweet,,/02-24-012-02W5,50.007601,-114.146948,BP CANADA CALLUM CREEK 2-24,PORCUPINE HILLS,0CW8,Lexin Resources Ltd.,F25302    ,Amended,24-Jul-14,0CW8,Lexin Resources Ltd.,B010,28-Dec-00,24-Jul-14,,850,825,0,0,0,0,120,0,0,,,,,1-Jan-01,1-May-16
ABGP0001787,,Gas Plant Sweet,,00/10-14-048-03W5,53.144454,-114.329414,NCE PEMBINA 10-14,PEMBINA,A573,Tourmaline Oil Corp.,F10672    ,Amended,18-Dec-07,A573,Tourmaline Oil Corp.,C300,2-Mar-01,18-Dec-07,"Regenerative, Acid Gas Flaring",84,77,0,0,0,0,0,10,0.77,,,0.77,,1-Jan-01,1-Jun-08
ABGP0001788,,Gas Plant Sweet,,00/02-04-031-15W4,51.62187,-112.070033,WATTS EAST 2-4-31-15W4,WATTS,0HE9,Canadian Natural Resources Limited,F25797    ,Issued,18-Apr-01,0HE9,Canadian Natural Resources Limited,B010,18-Apr-01,26-Aug-06,,307,299.1,0,0,0,0,32.4,0,0,0,,,,1-Jan-01,1-Jul-25
ABGP0001789,,Gas Plant Sweet,,00/07-14-052-04W5,53.48703,-114.47598,HADRIAN HIGHVALE 7-14,HIGHVALE,A74X,Aspenleaf Energy Limited,F12113    ,Amended,6-Sep-01,A74X,Aspenleaf Energy Limited,B010,1-May-01,26-Aug-06,,255,252,0,0,0.2,0.8,0,2.9,0,0,,,,1-Jan-01,1-Jul-19
ABGP0001790,,Gas Plant Sweet,,/13-17-102-02W6,57.858174,-118.297839,AEC HARO 13-17,HARO,A517,Long Run Exploration Ltd.,F23462    ,Issued,1-May-01,A517,Long Run Exploration Ltd.,B010,1-May-01,,,140,,,,,,,,,,,,,1-Jan-01,1-Jun-08
ABGP0001791,,Gas Plant Sweet,,03/09-34-060-18W5,54.23402,-116.60348,TRILOGY CLOVER 9-34 PLANT #2,KAYBOB SOUTH,0AW4,Paramount Resources Ltd.,F25678    ,Amended,12-Dec-07,0AW4,Paramount Resources Ltd.,B010,22-Aug-01,12-Dec-07,,500,498.3,0,0,0,0,0,54.2,0,,,,,1-Jan-01,1-Jul-25
ABGP0001792,,Gas Plant Sweet,,02/06-20-076-02W6,55.597354,-118.273474,VERMILION PEORIA 6-20,PEORIA,0TD9,Advantage Energy Ltd.,F26225    ,Abandoned,20-Oct-14,A5TC,Questfire Energy Corp.,B010,17-Sep-01,26-Aug-06,,"1,000.00",1000,,,,,200,,0,,,,,1-Jan-01,1-Mar-13
ABGP0001793,,Gp Acid Gas Inj,,00/07-02-077-04W6,55.641366,-118.501606,BIRCHCLIFF RYCROFT 07-02,RYCROFT,A12R,Birchcliff Energy Ltd.,F26071    ,Abandoned,17-Nov-21,A12R,Birchcliff Energy Ltd.,D400,31-Jul-01,8-Nov-10,"Regenerative, Acid Gas Injection",155,150.3,0,0,0,0,0,32.5,21,,,0,95.9,1-Jan-01,1-Nov-11
ABGP0001794,,Gas Plant Sweet,,04/04-36-086-11W5,56.495384,-115.60281,Evi 1 -04-36-086-11 W5M,EVI,A8FY,Spoke Resources Ltd.,F27509    ,Issued,2-Oct-02,A8FY,Spoke Resources Ltd.,B010,2-Oct-02,26-Aug-06,,56.3,45,,,,,25,,0,,,,,1-Jan-01,1-Jul-25
ABGP0001795,,Gas Plant Sweet,,00/16-31-052-21W5,53.539185,-117.074512,00/16-31-052-21W5 Med Lodge GP,MEDICINE LODGE,A97N,Sinopec Canada Energy Ltd.,F26082    ,Amended,28-Mar-02,A97N,Sinopec Canada Energy Ltd.,B010,28-Mar-02,26-Aug-06,,424,421,,,,,,20,0,,,,,1-Jan-01,1-Feb-23
ABGP0001796,,Gas Plant Sweet,,00/07-09-083-18W4,56.178968,-112.779675,aec pelican granor nezz 07-09,GRANOR,A5D4,Cenovus Energy Inc.,F16889    ,Amended,18-Oct-12,0HE9,Canadian Natural Resources Limited,C340,15-Feb-01,18-Oct-12,Nonregenerative,453,,,,,,,,0.61,,,0,,1-Jan-02,1-Aug-07
ABGP0001797,,Gas Plant Sweet,,00/15-22-035-20W4,52.024571,-112.775986,SHAMAN FENN BIG VALLEY GAS PLANT 15-22,FENN-BIG VALLEY,A8BP,Bornite Energy Ltd.,F22071    ,Amended,25-Mar-21,A8BP,Bornite Energy Ltd.,B010,1-May-01,25-Mar-21,,141.3,140.3,0,0,0,0,0,5.6,0,,,,,1-Jan-02,1-Jul-25
ABGP0001798,,Gas Plant Sweet,,00/10-08-062-10W6,54.350262,-119.461442,NARRAWAY 10-08-062-10W6,PALLISER,0HE9,Canadian Natural Resources Limited,F26188    ,Amended,8-Nov-18,0HE9,Canadian Natural Resources Limited,B010,5-Sep-01,8-Nov-18,,"4,250.00",4060,0,0,0,0,0,10,0,,,,,1-Jan-02,1-Jul-25
ABGP0001799,,Gas Plant Sweet,,00/11-32-072-03W5,55.279406,-114.427132,husky overchem mitsue 11-32,MITSUE,A5D4,Cenovus Energy Inc.,F15111    ,Abandoned,16-Nov-20,A5D4,Cenovus Energy Inc.,B020,1-May-01,27-Jan-11,,282,,,,,,,,0,,,,,1-Jan-02,1-Mar-19
ABGP0001800,,Gas Plant Sweet,,00/16-15-020-08W4,50.701307,-111.023221,aec suffeild a2 solution gas plant facility 16-15,SUFFIELD,A868,Ipc Canada Ltd.,F23331    ,Amended,16-Oct-06,A868,Ipc Canada Ltd.,C300,1-May-01,16-Oct-06,,565,508,,,,,,10,0.92,,,0.92,,1-Jan-02,1-Jul-25
ABGP0001801,,Gas Plant Sweet,,/04-08-069-08W6,54.953519,-119.189981,DEVON ELMWORTH 4-8,ELMWORTH,0HE9,Canadian Natural Resources Limited,F14948    ,Amended,28-Feb-01,0HE9,Canadian Natural Resources Limited,B010,28-Feb-01,26-Aug-06,,"12,010.00",10999,2829,,,,,,,,,,,1-Jan-91,1-Jan-06
ABGP0001802,,Gas Plant Sweet,,03/01-08-070-11W6,55.040695,-119.647447,ELMWORTH 4-8-70-11W6,ELMWORTH,A5D4,Cenovus Energy Inc.,F15023    ,Cancelled,10-Jul-07,A5G3,ConocoPhillips Canada Resources Corp.,B200,12-Feb-01,3-Jul-07,,"7,748.00",,,,,,,,,,,,,1-Jan-91,1-Dec-05
ABGP0001803,,Gas Plant Sweet,,00/15-25-064-11W5,54.570458,-115.523072,Judy Creek GP 15-25-64-11W5,JUDY CREEK,A8CW,Conifer Energy Inc.,F14146    ,Amended,6-Apr-17,A8CW,Conifer Energy Inc.,D400,6-Mar-01,6-Apr-17,"Regenerative, Acid Gas Injection","4,875.00",3752,2605,0,0,0,2164,0,3.75,,,0,69.7,1-Jan-91,1-Dec-00
ABGP0001804,,Gas Plant Sweet,,00/02-20-004-30W4,49.307438,-113.999528,* SHELL WATERTON,WATERTON,0T03,Shell Canada Limited,F65       ,Amended,1-Dec-16,0T03,Shell Canada Limited,E600,6-Mar-01,1-Dec-16,"Regenerative, Acid Gas Sulphur Recovery, Acid Gas Flaring, Superclaus Process","8,050.00",7275,939,0,450,297,0,630,1450,1431,,18.85,98.5,,
ABGP0001805,,Gas Plant Sweet,,/06-19-073-08W6,55.335407,-119.220209,CRESTAR WEMBLEY EXPANDER,WEMBLEY,A5D4,Cenovus Energy Inc.,F15351    ,Cancelled,23-Sep-08,A5G3,ConocoPhillips Canada Resources Corp.,B010,28-Feb-01,,,"2,500.00",,,,,,,,,,,,,1-Jan-91,1-Dec-04
ABGP0001806,,Gas Plant Sweet,,00/03-15-059-18W5,54.095859,-116.617204,CHEVRON KAYBOB,KAYBOB SOUTH,A62D,BP Canada Energy Group ULC,F13512    ,Amended,13-Sep-17,A84Z,PGI Processing ULC,E600,1-Mar-01,11-Apr-16,"Regenerative, Acid Gas Sulphur Recovery, Acid Gas Flaring, Claus Process, Superclaus Process","19,003.00",16564,,2442,,,2769,5350,1999,1969.01,,29.99,98.5,1-Jan-91,1-Dec-04
ABGP0001807,,Gas Plant Sweet,,/12-01-049-16W5,53.203283,-116.220075,* CONOCO PECO,PECO,A5D4,Cenovus Energy Inc.,F11496    ,Amended,29-Jun-10,A5D4,Cenovus Energy Inc.,B010,1-Mar-01,29-Jun-10,,"1,960.00",1770.5,5.9,0,219.2,148.2,431.1,217.5,0,,,,,,
,,,,,,,,,,,,,,,,,,,,,,,,,,,,,,,,,,
ABGP0001808,,Gas Plant Sweet,,00/16-35-048-12W5,53.190514,-115.638157,* CHEVRON BRAZEAU RIVER,BRAZEAU RIVER,A0C0,Keyera Energy Ltd.,F20805    ,Amended,3-May-13,A0C0,Keyera Energy Ltd.,B010,1-Mar-01,3-May-13,,"1,400.00",1302,0,0,0,0,0,99,0,,,,,,
ABGP0001809,,Gas Plant Sweet,,00/04-04-052-24W4,53.45644,-113.48542,* AMOCO ELLERSLIE,ELLERSLIE,A0TK,AltaGas Ltd.,F12039    ,Issued,1-Mar-01,A0TK,AltaGas Ltd.,B200,1-Mar-01,,,"11,000.00",,,,,,,,,,,,,,
ABGP0001810,,Gas Plant Sweet,,02/05-02-053-26W4,53.546902,-113.734365,* CHEVRON ACHESON,ACHESON,0045,Chevron Canada Limited,F23411    ,Abandoned,4-Oct-04,A74Y,Tidewater Midstream and Infrastructure Ltd.,C300,1-May-01,,,226,,,,,,,,,,,,,,
ABGP0001811,,Gas Plant Sweet,,00/09-27-031-04W5,51.685831,-114.474279,SOLEX HARMATTAN-ELKTON,HARMATTAN-ELKTON,0C5F,Taylor Processing Inc.,F4285     ,Amended,7-Sep-22,A0TK,AltaGas Ltd.,D400,1-May-01,7-Sep-22,"Regenerative, Acid Gas Injection, Acid Gas Flaring","13,897.60",11224,3922.2,0,2475.9,1376.7,1907.8,1751,49.99,,,0.04,95.9,1-Jan-99,1-Dec-04
ABGP0001831,,Gas Plant Sweet,,00/01-17-105-01W6,58.109533,-118.112632,husky boyer haig river steen 01-17,BOYER,A5D4,Cenovus Energy Inc.,F25340    ,Amended,23-Apr-19,A5D4,Cenovus Energy Inc.,B010,11-Jan-01,26-Aug-06,,706,678,0,0,0,0,0,2,0,0,,,,1-Jan-02,1-Feb-19
ABGP0001832,,Gas Plant Sweet,,00/08-26-079-16W5,55.875297,-116.37699,DAWSON 8-26-79-16W5,DAWSON,0HE9,Canadian Natural Resources Limited,F16333    ,Abandoned,25-Jul-23,0HE9,Canadian Natural Resources Limited,B010,1-May-01,26-Aug-06,,90,64,0,0,0,0,50,0,0,,,,,1-Jan-02,1-Aug-17
ABGP0001833,,Gas Plant Sweet,,00/13-29-022-24W4,50.903586,-113.301862,altagas balckfoot 13-29,BLACKFOOT,A0TK,AltaGas Ltd.,F3227     ,Abandoned,3-Feb-23,A0TK,AltaGas Ltd.,B010,1-May-01,26-Aug-06,,623,580,,8,,,,,0,,,,,,
ABGP0001834,,Gas Plant Sweet,,00/08-04-029-05W4,51.450651,-110.64088,spire oyen 08-04,OYEN,A68P,Canlin Resources Partnership,F3881     ,Amended,22-May-09,A7M1,Canlin Energy Corporation,B040,1-May-01,22-May-09,,50,,,,,,,,0,,,,,1-Jan-02,1-Jun-07
ABGP0001836,,Gas Plant Sweet,,00/10-18-029-03W4,51.483801,-110.412844,D Energy Benton 10-18-29-3W4,OYEN,A68P,Canlin Resources Partnership,F3877     ,Amended,9-Apr-01,A7M1,Canlin Energy Corporation,B010,9-Apr-01,26-Aug-06,,340,310,,,,,1,,,,,,,1-Jan-02,1-Aug-21
ABGP0001837,,Gas Plant Sweet,,00/13-29-022-24W4,50.903586,-113.301862,altagas namaka blackfoot #2 13-29,BLACKFOOT,A0TK,AltaGas Ltd.,F3227     ,Abandoned,3-Feb-23,A0TK,AltaGas Ltd.,B010,1-May-01,26-Aug-06,,623,580,,8,,,,,0,,,,,1-Jan-02,1-Dec-08
ABGP0001838,,Gp Acid Gas Inj,,00/02-23-088-08W5,56.641017,-115.153705,MBOG RED EARTH 2-23-88-8W5 GAS PLANT,RED EARTH,0YK4,Surge Energy Inc.,F26475    ,Amended,22-Aug-12,0YK4,Surge Energy Inc.,C300,27-Nov-01,22-Aug-12,"Regenerative, Acid Gas Flaring",281.1,205,,,,,249,,0.95,,,0.95,,1-Jan-02,1-Aug-17
ABGP0001839,,Gas Plant Sweet,,00/16-20-021-14W4,50.803095,-111.900414,pancanadian verger 16-20,BANTRY,0HE9,Canadian Natural Resources Limited,F23283    ,Amended,26-Oct-01,A7NW,Torxen Energy Ltd.,B010,1-May-01,26-Aug-06,,557,554.5,0,0,0,0,0,2.2,0,0,,,,1-Jan-02,1-Mar-12
ABGP0001840,,Gas Plant Sweet,,00/15-10-096-01W6,57.320546,-118.064821,penn west vista creek 15-10,HOTCHKISS,A7LX,Direct Oil & Gas Inc.,F26563    ,Amended,15-Jan-02,A7LX,Direct Oil & Gas Inc.,B010,17-Dec-01,26-Aug-06,,396.4,394,,,,,,2.4,0,,,,,1-Jan-02,1-Nov-19
ABGP0001841,,Gas Plant Sweet,,00/14-15-059-24W5,54.10678,-117.516845,BERLAND SWEET PLANT  14-15-59-24W5,BERLAND RIVER WEST,A573,Tourmaline Oil Corp.,F26841    ,Amended,20-Sep-18,A573,Tourmaline Oil Corp.,B010,20-Feb-02,20-Sep-18,,"4,648.70",4559,0,0,0,0,94.1,260,0,,,,,1-Jan-02,1-Jul-25
ABGP0001842,,Gas Plant Sweet,,00/01-01-092-09W4,,,WILLIAMS EXTRACTION PLANT 1-1-92-9W4,UNDEFINED,A7FH,Inter Pipeline Offgas Ltd.,,,,,,,,,,,,,,,,,,,,,,,1-Oct-02,1-Oct-02
ABGP0001843,,Gas Plant Sweet,,00/15-29-001-11W4,49.070349,-111.438339,DENISON KNAPPEN 15-29,KNAPPEN,A2PH,Journey Energy Inc.,F26609    ,Abandoned,9-Nov-15,A6AG,Crimson Oil & Gas Ltd.,C300,15-Mar-02,26-Aug-06,"Regenerative, Acid Gas Flaring",56.6,53.7,,,,,,,0.2,,,0.2,,1-Jan-02,1-Apr-05
ABGP0001844,,Gas Plant Sweet,,00/16-29-001-11W4,,,KNAPPEN16-29,KNAPPEN,A2PH,Journey Energy Inc.,,,,,,,,,,,,,,,,,,,,,,,1-Jan-02,1-Jul-02
ABGP0001845,,Gas Plant Sweet,,00/01-16-075-01W6,55.493735,-118.083615,00/01-16-075-01W6 Kakut GP Sweet,KAKUT,A97N,Sinopec Canada Energy Ltd.,F26434    ,Amended,5-Oct-07,A97N,Sinopec Canada Energy Ltd.,B010,14-Feb-02,5-Oct-07,,400,375,0,0,0,0,0,50,0,,,,,1-Jan-02,1-Sep-21
ABGP0001846,,Gas Plant Sweet,,00/09-13-021-07W4,50.785263,-110.839049,Conoco atlee-buffalo 09-13,ATLEE-BUFFALO,A7H7,West Lake Energy Corp.,F2924     ,Issued,28-Feb-01,A7H7,West Lake Energy Corp.,B010,28-Feb-01,26-Aug-06,,269,269,,,,,,0.2,,,,,,1-Jan-02,1-Feb-11
ABGP0001847,,Gas Plant Sweet,,02/10-01-077-25W5,55.64486,-117.734585,VERMILLION EAGLESHAM 102/10-01,EAGLESHAM,A6FW,Vermilion Energy Inc.,F15993    ,Abandoned,14-Mar-17,A6FW,Vermilion Energy Inc.,C300,1-May-01,26-Aug-06,"Nonregenerative, Acid Gas CO2 Venting",42.5,40.4,,,,,1.2,,0.01,,,,,,
ABGP0001848,,Gas Plant Sweet,,00/14-03-110-03W6,58.526664,-118.408309,HUSKY RAINBOW 14-03,RAINBOW,0A85,Winter Petroleum Ltd.,F26747    ,Abandoned,1-Dec-05,0A85,Winter Petroleum Ltd.,B040,1-Feb-02,2-Oct-06,,550,520,,,,,,3,0,,,,,1-Apr-06,1-Jul-06
ABGP0001849,,Gas Plant Sweet,,00/11-09-062-24W4,54.348426,-113.540224,Perryvale 11-09-062-24W4 GP,ROCHESTER,A04N,Tamarack Valley Energy Ltd.,F13819    ,Amended,13-Apr-24,A04N,Tamarack Valley Energy Ltd.,B010,2-Apr-01,13-Apr-24,,143,143,0,0,0,0,0,2,0,,,,,1-Jan-02,1-Jul-25
ABGP0001850,,Gas Plant Sweet,,00/04-23-020-09W4,50.705766,-111.156689,ATLEE-BUFFALO 4-23-20-9w4,JENNER,0HE9,Canadian Natural Resources Limited,F22372    ,Amended,5-Apr-01,0HE9,Canadian Natural Resources Limited,B010,5-Apr-01,26-Aug-06,,283.2,283.2,,,,,,0.1,,,,,,1-Jan-02,1-Jan-16
ABGP0001851,,Gas Plant Sweet,,00/12-19-011-25W4,49.925664,-113.410319,GRANUM 12-19-11-25W4,GRANUM,0HE9,Canadian Natural Resources Limited,F732      ,Amended,8-Sep-06,0HE9,Canadian Natural Resources Limited,B040,1-Mar-01,8-Sep-06,,85,,,,,,,,0,,,,,1-Jan-94,1-May-07
ABGP0001852,,Gas Plant Sweet,,/10-20-073-01W6,,,BERKLEY PUSKWASKAU,PUSKWASKAU,0HE9,Canadian Natural Resources Limited,,,,,,,,,,,,,,,,,,,,,,,,
ABGP0001853,,Gas Plant Sweet,,02/14-28-059-22W5,54.135881,-117.24023,BIGSTONE PLANT 100/14-28-059-22W5 GP,KAYBOB SOUTH,0YA2,Peyto Exploration & Development Corp.,F13524    ,Amended,20-Sep-06,0YA2,Peyto Exploration & Development Corp.,B010,1-Feb-01,20-Sep-06,,"2,407.00",2262.9,0,0,0,0,382.3,0,0,,,,,1-Jan-94,1-Jul-25
ABGP0001854,,Gas Plant Sweet,,02/07-04-063-16W5,54.41898,-116.35158,TRILOGY TWO CREEK,TWO CREEK,0AW4,Paramount Resources Ltd.,F14005    ,Amended,23-Jan-01,0AW4,Paramount Resources Ltd.,B010,23-Jan-01,26-Aug-06,,"1,047.00",1018.8,,,,,64,,,,,,,1-Jan-94,1-Jul-25
ABGP0001855,,Gp Acid Gas Flaring,,00/09-15-084-14W5,56.282673,-116.111559,OBE SEAL 09-15-084-14W5 GP,SLAVE,0BP8,Obsidian Energy Ltd.,F16981    ,Amended,29-Aug-25,0BP8,Obsidian Energy Ltd.,C300,1-May-01,29-Aug-25,"Regenerative, Acid Gas Flaring",700,653,0,0,0,0,22.3,0,0.64,,,0.64,,1-Jan-94,1-Jul-25
ABGP0001856,,Gp Acid Gas Flaring%,,/08-09-040-03W4,52.425004,-110.368039,* PANCDN PROVOST-DAVID,PROVOST,A5D4,Cenovus Energy Inc.,F7643     ,Issued,6-Mar-01,A7H7,West Lake Energy Corp.,C300,6-Mar-01,,,124,,,,,,,,,,,,,,
ABGP0001857,,Gas Plant Sweet,,/16-35-006-22W4,49.521301,-112.855627,RENAISSANCE BLOOD NORTH 16-35,BLOOD,A9AX,Sharptail Energy Inc,F20978    ,Issued,1-Mar-01,A9AX,Sharptail Energy Inc,B010,1-Mar-01,,,369.16,,,,,,,,,,,,,1-Jan-94,1-Jul-25
ABGP0001858,,Gas Plant Sweet,,00/10-20-056-23W5,53.856703,-117.380986,WILDRIVER 10-20-56-23W5 GP,WILD RIVER,0YA2,Peyto Exploration & Development Corp.,F13131    ,Amended,4-Jul-24,0YA2,Peyto Exploration & Development Corp.,B010,1-May-01,4-Jul-24,,"2,483.00",2472.1,0,0,0,0,55.8,145.7,0,,,,,1-Jan-94,1-Jul-25
ABGP0001859,,Gas Plant Sweet,,00/13-04-037-25W4,52.156791,-113.523271,HILLSDOWN 13-4-37-25w4,THREE HILLS CREEK,0HE9,Canadian Natural Resources Limited,F6099     ,Amended,17-Oct-07,0HE9,Canadian Natural Resources Limited,B010,5-Dec-00,17-Oct-07,,620,583,0,0,0,0,51,0,0,,,,,1-Jan-94,1-Jul-25
ABGP0001860,,Gas Plant Sweet,,/12-22-087-09W6,56.560201,-119.353871,ENCAL WORSLEY,WORSLEY,A7XK,Blue Sky Resources Ltd.,F17305    ,Abandoned,22-Jun-07,A7XK,Blue Sky Resources Ltd.,B010,1-Mar-01,,,396,,,,,,,,,,,,,1-Jan-94,1-Oct-02
ABGP0001861,,Gp Acid Gas Flaring,,/02-23-064-06W5,54.54606,-114.7903,NEW CACHE DORIS,DORIS,A74Y,Tidewater Midstream and Infrastructure Ltd.,F14128    ,Abandoned,31-Oct-23,A74Y,Tidewater Midstream and Infrastructure Ltd.,C300,28-Feb-01,5-Oct-07,"Regenerative, Acid Gas Flaring",509,471.7,0,0,0,0,15.1,11.6,0.9,,,0.9,,1-Jan-94,1-Jun-14
ABGP0001862,,Gas Plant Sweet,,/01-18-071-03W6,55.141421,-118.436167,PETRO-CAN BEZANSON,BEZANSON,A12R,Birchcliff Energy Ltd.,F15077    ,Amended,4-May-06,A12R,Birchcliff Energy Ltd.,B010,6-Mar-01,26-Aug-06,,566,552,0,0,0,0,0,44,0,,,,,1-Jan-94,1-May-19
ABGP0001863,,Gas Plant Sweet,,00/01-03-077-07W6,55.63777,-118.984992,VALHALLA 1-3-77-7w6,VALHALLA,0HE9,Canadian Natural Resources Limited,F16047    ,Issued,28-Feb-01,0HE9,Canadian Natural Resources Limited,B010,28-Feb-01,,,360,,,,,,,,,,,,,1-Jan-94,1-Mar-15
ABGP0001864,,Gas Plant Sweet,,/16-32-023-23W4,51.00688,-113.170801,PANCDN CAVALIER,CAVALIER,A7AG,Lynx Energy ULC,F3368     ,Amended,6-Sep-01,A7AG,Lynx Energy ULC,B010,1-May-01,26-Aug-06,,"1,250.00",1211.6,0,0,0,0,25.2,0,0,0,,,,1-Jan-95,1-Jul-25
ABGP0001865,,Gas Plant Sweet,,00/16-09-075-04W6,55.488548,-118.546562,ANDERSON WOKING,WOKING,0HE9,Canadian Natural Resources Limited,F15552    ,Cancelled,27-Oct-06,0K29,Devon Canada Corporation,B010,28-Feb-01,,,135,,,,,,,,,,,,,,
ABGP0001866,,Gp Acid Gas Inj,,00/15-19-081-01W5,56.039528,-114.140728,GODIN 15-19-81-1W5,GODIN,0HE9,Canadian Natural Resources Limited,F16670    ,Abandoned,30-Sep-21,0HE9,Canadian Natural Resources Limited,B040,1-Mar-01,26-Aug-06,,155,,,,,,,,0,,,,,1-Jan-94,1-Apr-07
ABGP0001867,,Gas Plant Sweet,,/07-27-095-04W6,,,* SERENPET CRANBERRY,CRANBERRY,0HE9,Canadian Natural Resources Limited,,,,,,,,,,,,,,,,,,,,,,,,
ABGP0001868,,Gas Plant Sweet,,/11-03-060-25W5,54.161032,-117.666323,KAISER NEGUS,LELAND,A8NW,Kiwetinohk Energy Corp.,F13679    ,Amended,6-Sep-01,A8NW,Kiwetinohk Energy Corp.,B010,1-May-01,26-Aug-06,,425,415,,,,,31.5,,0,,,,,1-Jan-95,1-Jul-25
ABGP0001869,,Gas Plant Sweet,,/16-31-082-07W6,56.157921,-119.074026,KEYSPAN BLUEBERRY,BLUEBERRY,A0C0,Keyera Energy Ltd.,F16863    ,RecCertified,9-Feb-20,A0C0,Keyera Energy Ltd.,B010,21-Mar-01,,,656,,,,,,,,,,,,,,
ABGP0001870,,Gp Acid Gas Flaring%,,/04-14-031-02W4,51.649659,-110.193256,PENN WEST ESTHER,ESTHER,A81C,Campus Energy Partners Operations Inc.,F20204    ,Amended,1-May-18,A81C,Campus Energy Partners Operations Inc.,B010,1-May-01,1-May-18,"Regenerative, Acid Gas Flaring",850,840,0,0,0,0,0,10,0,,,,,,
ABGP0001871,,Gas Plant Sweet,,/11-14-072-08W6,55.237366,-119.117151,PANCANADIAN WEMBLEY,WEMBLEY,0026,Ovintiv Canada ULC,F15206    ,Abandoned,30-Apr-07,0HE9,Canadian Natural Resources Limited,B010,6-Mar-01,,,276,,,,,,,,,,,,,1-Jan-95,1-Jan-00
,,,,,,,,,,,,,,,,,,,,,,,,,,,,,,,,,,
ABGP0001872,,Gp Acid Gas Inj,,/16-12-040-04W4,52.432182,-110.440094,NCE PETROFUND PROVOST,PROVOST,0BP8,Obsidian Energy Ltd.,F7737     ,Issued,2-Mar-01,A7H7,West Lake Energy Corp.,C300,2-Mar-01,,,169,,,,,,,,,,,,,1-Jan-95,1-Sep-03
ABGP0001873,,Gp Acid Gas Inj,,00/12-11-039-08W4,52.341054,-111.05964,APACHE PROVOST,PROVOST,A7BT,Karve Energy Inc.,F7022     ,Abandoned,29-Nov-12,A7WF,Battle River Energy Ltd.,B020,29-Mar-01,25-May-07,,113,,,,,,,,0,,,,,,
ABGP0001874,,Gas Plant Sweet,,00/11-33-096-08W6,57.374887,-119.234351,CHINCHAGA 11-33-96-8w6,CHINCHAGA,0HE9,Canadian Natural Resources Limited,F23447    ,Amended,25-Apr-23,0HE9,Canadian Natural Resources Limited,B020,1-May-01,25-Apr-23,,770,,,,,,,,0,,,,,1-Jan-95,1-Jul-25
ABGP0001875,,Gp Acid Gas Flaring,,02/06-12-063-15W5,54.434209,-116.134216,SAKWATAMAU 06-12 Gas Plant,SAKWATAMAU,A73W,Enercapita Energy Ltd.,F14004    ,Amended,30-Oct-17,A73W,Enercapita Energy Ltd.,C300,1-Mar-01,30-Oct-17,"Regenerative, Acid Gas Flaring",145,139,0,0,0,0,21,0,0.99,,,0.99,,1-Jan-95,1-Mar-23
ABGP0001876,,Gas Plant Sweet,,02/10-30-051-08W5,53.43685,-115.16835,SIGNALTA BIGORAY,BIGORAY,0BP8,Obsidian Energy Ltd.,F11942    ,Abandoned,2-Nov-11,0BP8,Obsidian Energy Ltd.,B010,2-Feb-01,,,31,,,,,,,,,,,,,1-Jan-95,1-Jul-07
ABGP0001877,,Gas Plant Sweet,,/15-05-095-15W5,57.21918,-116.395761,INVASION BISON LAKE,BISON LAKE,0T82,Prairie Provident Resources Canada Ltd.,F17633    ,Abandoned,9-Mar-19,0T82,Prairie Provident Resources Canada Ltd.,B010,2-Mar-01,,,140,,,,,,,,,,,,,1-Jan-95,1-Jul-14
ABGP0001878,,Gp Acid Gas Flaring%,,/13-12-116-06W6,59.06312,-118.875733,APACHE ZAMA,ZAMA,0026,Ovintiv Canada ULC,F18370    ,Abandoned,28-Jun-22,0026,Ovintiv Canada ULC,D400,7-Feb-01,25-Jul-18,"Regenerative, Acid Gas Injection",424,311,0,0,0,18.9,21.9,3.1,9.6,,,0,89.7,1-Jan-95,1-Sep-19
ABGP0001879,,Gp Acid Gas Inj,,/07-20-082-13W5,56.121216,-115.992807,MARATHON SEAL 7-20 PLANT,SEAL,A7XK,Blue Sky Resources Ltd.,F16834    ,Amended,1-Nov-06,A7XK,Blue Sky Resources Ltd.,C311,5-Mar-01,1-Nov-06,,171,,,,,,,,0.05,,,0,,1-Jan-95,1-Jul-01
ABGP0001880,,Gp Sulphur Rcvry,,00/16-11-088-13W6,56.623597,-119.948245,CLEAR HILLS BNDYLKS 16-11-88-13W6,BOUNDARY LAKE SOUTH,0HE9,Canadian Natural Resources Limited,F17375    ,Amended,22-Feb-11,0HE9,Canadian Natural Resources Limited,D400,1-Mar-01,22-Feb-11,"Regenerative, Acid Gas Injection","2,832.10",2775,,,,,126,28.1,38.04,,,0,95.9,1-Jan-95,1-Jan-25
ABGP0001881,,Gas Plant Sweet,,/11-27-028-20W4,51.425476,-112.737965,HUSKY WAYNE-ROSEDALE 11-27,WAYNE-ROSEDALE,0HE9,Canadian Natural Resources Limited,F3805     ,Issued,26-Mar-01,A7NW,Torxen Energy Ltd.,B010,26-Mar-01,,,282,,,,,,,,,,,,,1-Jan-95,1-Sep-20
ABGP0001882,,Gp Acid Gas Flaring%,,/07-29-008-10W4,,,* ENCAL GRANLEA,FORTY MILE,A2TG,TAQA North Ltd.,,,,,,,,,,,,,,,,,,,,,,,,
ABGP0001883,,Gas Plant Sweet,,00/07-13-094-03W6,57.153462,-118.33103,CONOCO HOTCHKISS,HOTCHKISS,A5G3,ConocoPhillips Canada Resources Corp.,F17610    ,Issued,1-Mar-01,A7LX,Direct Oil & Gas Inc.,B010,1-Mar-01,,,623,,,,,,,,,,,,,1-Jan-95,1-Nov-00
ABGP0001884,,Gas Plant Sweet,,02/06-25-020-21W4,50.72158,-112.787711,LIGHTSTREAM JUMPBUSH,JUMPBUSH,A83E,Saturn Oil & Gas Inc.,F2830     ,Abandoned,22-Nov-22,A83E,Saturn Oil & Gas Inc.,B010,1-Mar-01,26-Aug-06,,708,702,,,,,,3.3,0,,,,,1-Jan-95,1-Oct-14
ABGP0001885,,Gas Plant Sweet,,00/13-31-011-26W4,49.959742,-113.544677,GRANUM 13-31-11-26W4,EASTMONT,0HE9,Canadian Natural Resources Limited,F734      ,Amended,21-Mar-14,0HE9,Canadian Natural Resources Limited,B010,1-Mar-01,21-Mar-14,None,"1,125.00",1104,0,0,0,0,0,46.3,0,,,,,1-Jan-95,1-Jul-25
ABGP0001886,,Gp Acid Gas Inj,,/11-25-081-11W6,56.051945,-119.581155,BONANZA 11-25 GAS PLANT,BONANZA,0039,Repsol Oil & Gas Canada Inc.,F16747    ,Abandoned,3-Oct-06,0HE9,Canadian Natural Resources Limited,C300,26-Mar-01,,,110,,,,,,,,,,,,,1-Jan-95,1-Jan-06
ABGP0001887,,Gas Plant Sweet,,00/02-26-068-25W5,54.910328,-117.69635,STURGEON LK GAS PLANT,ANTE CREEK NORTH,A0TK,AltaGas Ltd.,F14790    ,Amended,26-Oct-18,0G30,ARC Resources Ltd.,C300,23-Nov-00,26-Oct-18,"Regenerative, Acid Gas Flaring","1,648.30",1579,0,0,0,0,137.1,0,0.93,,,0.92,,1-Jan-95,1-Feb-12
ABGP0001888,,Gp Sulphur Rcvry,,00/01-20-028-21W4,51.403311,-112.914657,PERSIST WAYNE-ROSEDALE GP,WAYNE-ROSEDALE,A84G,Persist Oil And Gas Inc.,F3817     ,Amended,6-Sep-24,A84G,Persist Oil And Gas Inc.,C300,6-Mar-01,6-Sep-24,Nonregenerative,210,210,,,,,46,,0.09,,,0,,1-Jan-95,1-Sep-24
ABGP0001889,,Gp Acid Gas Flaring%,,/12-15-040-08W4,52.443807,-111.081001,CRESTAR PROVOST,PROVOST,0Z0H,Harvest Operations Corp.,F23023    ,Abandoned,1-Dec-21,0Z0H,Harvest Operations Corp.,D400,16-Apr-01,1-Nov-06,,54.4,,,,,,,,2.6,,,,,,
ABGP0001890,,Gas Plant Sweet,,/10-25-050-06W5,53.347042,-114.742314,ENERGY PROCESSORS PEMBINA,PEMBINA,A71K,Axiom Oil and Gas Inc.,F11679    ,Issued,28-Feb-01,A71K,Axiom Oil and Gas Inc.,B010,28-Feb-01,,,250,,,,,,,,,,,,,1-Jan-95,1-Oct-23
ABGP0001891,,Gp Acid Gas Flaring,,/16-13-012-22W4,50.002468,-112.873945,ROZSA KEHO,KEHO,A74H,Houston Oil & Gas Ltd.,F957      ,Abandoned,14-Aug-24,A74H,Houston Oil & Gas Ltd.,C300,6-Mar-01,,None,227,,,,,,,,0.05,,,,,1-Jan-95,1-Apr-11
ABGP0001892,,Gp Sulphur Rcvry,,00/04-08-075-07W6,55.477876,-119.055745,AEC SADDLE HILLS,LA GLACE,0026,Ovintiv Canada ULC,F22254    ,Amended,9-Oct-13,0026,Ovintiv Canada ULC,E600,28-Feb-01,9-Oct-13,"Regenerative, Acid Gas Sulphur Recovery, Acid Gas Flaring, Superclaus Process","7,326.00",6561.3,0,0,0,0,590.8,1659.1,483.1,477,,6.26,98.4,1-Jan-95,1-Jul-25
ABGP0001893,,Gp Sulphur Rcvry,,/04-20-079-07W6,55.855467,-119.064831,SUMMIT MIRAGE,MIRAGE,A573,Tourmaline Oil Corp.,F16413    ,Abandoned,17-May-03,A573,Tourmaline Oil Corp.,C300,19-Mar-01,,,0,,,,,,,,,,,,,,
ABGP0001894,,Gp Acid Gas Flaring,,/16-32-032-06W4,51.794435,-110.809316,NCE PETROFUND  PROVOST,PROVOST,0BP8,Obsidian Energy Ltd.,F4303     ,Abandoned,1-Nov-23,0BP8,Obsidian Energy Ltd.,C300,2-Mar-01,5-Oct-06,,150,90,,,,,10,,0.24,,,0.24,,1-Jan-95,1-Oct-21
ABGP0001895,,Gp Acid Gas Flaring%,,00/16-11-082-09W6,56.097912,-119.279469,FOURTH CREEK GAS PLANT,MULLIGAN,A1KN,NorthRiver Midstream Inc.,F16866    ,Amended,22-Mar-10,A1KN,NorthRiver Midstream Inc.,D400,1-Mar-01,9-May-11,"Regenerative, Acid Gas Injection","2,718.40",2661.7,0,0,0,0,70,40,12.6,,,0,95.9,1-Jan-95,1-Jul-25
ABGP0001896,,Gas Plant Sweet,,00/09-09-052-21W5,53.477412,-117.026093,CHEVRON MEDICINE LODGE,MEDICINE LODGE,A6FW,Vermilion Energy Inc.,F21579    ,Abandoned,15-Jan-04,A6FW,Vermilion Energy Inc.,B010,21-Feb-01,,,124,,,,,,,,,,,,,1-Jan-96,1-Apr-01
ABGP0001897,,Gp Acid Gas Inj,,00/03-32-091-08W5,56.930777,-115.252142,GOODFISH 3-32-91-8w5,GOODFISH,0HE9,Canadian Natural Resources Limited,F17498    ,Amended,10-Oct-06,0HE9,Canadian Natural Resources Limited,C300,12-Feb-01,10-Oct-06,,"1,755.00",1697,,,,,,,0.48,,,0.48,,1-Jan-96,1-Jul-25
ABGP0001898,,Gp Acid Gas Flaring,,/02-33-083-25W4,56.233605,-113.887646,HUSKY GOODLOW 2-33,GOODLOW,A5D4,Cenovus Energy Inc.,F16913    ,Amended,22-Apr-04,A5D4,Cenovus Energy Inc.,C300,8-Feb-01,26-Aug-06,"Regenerative, Acid Gas Flaring",897,845,,,,,,,0.49,,,0.49,,1-Jan-96,1-May-17
ABGP0001899,,Gp Acid Gas Inj,,00/03-05-017-17W4,50.399167,-112.310007,TARRAGON HECTOR,HECTOR,A5D4,Cenovus Energy Inc.,F2223     ,Abandoned,25-Jun-18,0HE9,Canadian Natural Resources Limited,C300,5-Mar-01,7-Nov-06,,281,279.5,0,0,0,0,,,0.57,,,0.57,,1-Jan-96,1-May-15
ABGP0001901,,Gp Mainline Strdle,,00/10-11-020-01W4,50.682887,-110.036851,EMPRESS 6 Gas and Frac Plant,MEDICINE HAT,A31G,Plains Midstream Canada ULC,F2616     ,Amended,8-Sep-06,A31G,Plains Midstream Canada ULC,B200,1-Mar-01,8-Sep-06,,"67,960.00",64600,5100,0,2700,1000,0,450,0,,,,,1-Jan-91,1-Jul-25
ABGP0001902,,Gp Mainline Strdle,,00/04-12-020-01W4,50.676469,-110.026317,Empress 1-5 Gas Plant,MEDICINE HAT,A31G,Plains Midstream Canada ULC,F2618     ,Issued,13-Feb-01,A31G,Plains Midstream Canada ULC,B200,13-Feb-01,26-Aug-06,None,"176,750.00",170170,,14675.2,,,9519.2,,,,,,,1-Jan-91,1-Jul-25
ABGP0001903,,Gp Mainline Strdle,,00/16-16-026-04W5,51.22504,-114.492012,COCHRANE EXTRACTION PLANT,UNDEFINED,A10L,Inter Pipeline Extraction Ltd.,F20329    ,Amended,2-Apr-20,A6LA,Inter Pipeline Ltd.,B200,1-May-01,2-Apr-20,,"70,450.00",70450,12701,0,0,0,6350,0,0,,,,,1-Jan-91,1-Jul-25
ABGP0001906,,Gp Mainline Strdle,,/04-04-052-24W4,53.45644,-113.48542,AMOCO ELLERSLIE,ELLERSLIE,A0TK,AltaGas Ltd.,F12039    ,Issued,1-Mar-01,A0TK,AltaGas Ltd.,B200,1-Mar-01,,,"11,000.00",,,,,,,,,,,,,1-Jan-91,1-Jul-25
ABGP0001907,,Gp Mainline Strdle,,/01-10-020-01W4,50.67587,-110.055478,ATCO MIDSTREAM EMPRESS (3),MEDICINE HAT,0Z2W,ATCO Next Energy Ltd.,F2615     ,Abandoned,1-Dec-17,0Z2W,ATCO Next Energy Ltd.,B200,6-Mar-01,,,"31,000.00",,,,,,,,,,,,,1-Jan-91,1-Nov-17
ABGP0001908,,Gp Mainline Strdle,,00/02-03-055-22W4,53.71793,-113.177403,ATCO FORT SASKATCHEWAN,FORT SASKATCHEWAN,A74Y,Tidewater Midstream and Infrastructure Ltd.,F12691    ,Issued,1-Mar-01,A74Y,Tidewater Midstream and Infrastructure Ltd.,B200,1-Mar-01,23-Jan-08,,"1,051.00",,,,,,,,,,,,,1-Jan-91,1-Sep-14
ABGP0001909,,Gp Mainline Strdle,,/16-02-020-01W4,50.673123,-110.02831,PANCDN EMPRESS,MEDICINE HAT,A68Y,Pembina NGL Corporation,F2612     ,Amended,23-Mar-21,A8M9,2354890 Alberta Ltd.,B200,1-May-01,23-Mar-21,None,"33,809.00",32480,4500,0,4000,2796,7217,732,0,,,,,1-Jan-96,1-Jul-25
ABGP0001910,,Gas Plant Sweet,,00/08-05-054-26W4,53.63506,-113.78845,VEEP 08-05-054-26W4 GAS PLANT,ATIM,A74Y,Tidewater Midstream and Infrastructure Ltd.,F12418    ,Issued,1-Mar-01,A74Y,Tidewater Midstream and Infrastructure Ltd.,B200,1-Mar-01,,,"1,133.00",,,,,,,,,,,,,1-Jan-97,1-Jul-25
ABGP0001935,,Gas Plant Sweet,,00/08-17-060-15W5,54.186291,-116.205587,HUSKY WINDFALL,WINDFALL,A5D4,Cenovus Energy Inc.,F13639    ,Amended,13-Aug-12,A84Z,PGI Processing ULC,D400,7-Nov-00,13-Aug-12,Regenerative,"2,000.00",1500,0,0,0,0,200,250,75,,,0.99,0,1-Jan-94,1-Sep-10
ABGP0001936,,,,/01-01-092-09W4,,,* SUNCOR (NOW 1991),UNDEFINED,0054,Suncor Energy Inc.,,,,,,,,,,,,,,,,,,,,,,,,
ABGP0001937,,,,/01-01-001-01W4,,,* PROCOR LYNTON SULPHUR FORMING,UNDEFINED,0R70,Procor LPG Storage Inc.,,,,,,,,,,,,,,,,,,,,,,,,
ABGP0001938,,,,/01-01-001-01W4,,,* SULMAR REDWATER,UNDEFINED,0X27,Unknown Operator/Address - Used by Field Surveillance,,,,,,,,,,,,,,,,,,,,,,,,
ABGP0001939,,,,/01-01-001-01W4,,,* BURZA LYNTON,UNDEFINED,0X27,Unknown Operator/Address - Used by Field Surveillance,,,,,,,,,,,,,,,,,,,,,,,,
ABGP0001940,,,,/01-01-001-01W4,,,* SYNCRUDE,UNDEFINED,0362,Syncrude Canada Ltd.,,,,,,,,,,,,,,,,,,,,,,,,
ABGP0001941,,Gas Plant Sweet,,/02-14-055-22W4,,,* CHEVRON FT SASK,FORT SASKATCHEWAN,0045,Chevron Canada Limited,,,,,,,,,,,,,,,,,,,,,,,,
ABGP0001942,,Gas Plant Sweet,,/01-01-055-22W4,,,GIBSON FORT SASK,FORT SASKATCHEWAN,0195,Gibson Energy Inc.,,,,,,,,,,,,,,,,,,,,,,,1-Jan-91,1-Sep-02
,,,,,,,,,,,,,,,,,,,,,,,,,,,,,,,,,,
ABGP0001943,,Gas Plant Sweet,,/01-01-001-01W4,,,MOBIL PROCOR GX,UNDEFINED,0JT1,ExxonMobil Canada Energy,,,,,,,,,,,,,,,,,,,,,,,,
ABGP0001944,,Gas Plant Sweet,,/01-01-001-01W4,,,IMPERIAL EAST EDMONTON LPG,UNDEFINED,0007,Imperial Oil Resources Limited,,,,,,,,,,,,,,,,,,,,,,,1-Jan-91,1-Jun-10
ABGP0001945,,Gas Plant Sweet,,/13-24-048-07W5,,,AMOCO PEMBINA,PEMBINA,A62D,BP Canada Energy Group ULC,,,,,,,,,,,,,,,,,,,,,,,,
ABGP0001946,,Gas Plant Sweet,,00/01-24-096-05W6,57.338921,-118.653037,AMOCO CRANBERRY(KEMP RIVER),CRANBERRY,0HE9,Canadian Natural Resources Limited,F17682    ,Issued,1-Feb-01,0HE9,Canadian Natural Resources Limited,C300,1-Feb-01,,,"2,500.00",,,,,,,,0.06,,,,,1-Jan-91,1-Jun-13
ABGP0001947,,Gas Plant Sweet,,/01-01-001-01W4,,,* VOYAGER BRUCE,UNDEFINED,A5G3,ConocoPhillips Canada Resources Corp.,,,,,,,,,,,,,,,,,,,,,,,,
ABGP0001950,,Gas Plant Sweet,,/11-20-042-09W4,,,* GIBSON HARDISTY,KILLAM,0195,Gibson Energy Inc.,,,,,,,,,,,,,,,,,,,,,,,,
ABGP0001951,,Gas Plant Frac,,00/15-25-064-11W5,54.570458,-115.523072,IMPERIAL DEVON 1&2,JUDY CREEK,0007,Imperial Oil Resources Limited,F14146    ,Amended,6-Apr-17,A8CW,Conifer Energy Inc.,D400,6-Mar-01,6-Apr-17,"Regenerative, Acid Gas Injection","4,875.00",3752,2605,0,0,0,2164,0,3.75,,,0,69.7,1-Jan-91,1-Jul-07
ABGP0001960,,Gp Acid Gas Flaring,,00/13-21-076-09W6,55.604938,-119.341772,Kanata Valhalla 13-21 Sour Gas Plant,VALHALLA,A6WG,CSV Midstream Solutions Corp.,F15862    ,Amended,14-Apr-22,A6WG,CSV Midstream Solutions Corp.,D400,2-Mar-01,14-Apr-22,"Regenerative, Acid Gas Injection, Acid Gas Flaring","1,553.87",1500,0,0,0,0,160,50,16.5,,,0.02,95.9,1-Jan-96,1-Jul-25
ABGP0001961,,Gas Plant Sweet,,/08-19-087-05W6,,,CELSIUS WORSLEY,WORSLEY,A5RD,Enerplus Corporation,,,,,,,,,,,,,,,,,,,,,,,,
ABGP0001962,,Gas Plant Sweet,,/01-07-075-07W6,55.477901,-119.063806,AEC SADDLE HILLS,LA GLACE,0026,Ovintiv Canada ULC,F22230    ,Amended,6-Mar-09,0026,Ovintiv Canada ULC,D411,28-Feb-01,6-Mar-09,None,350,,,,,,,,52.13,,,0,,1-Jan-96,1-Dec-08
ABGP0001963,,Gas Plant Sweet,,00/13-06-021-18W4,50.759886,-112.494752,NEWPORT LATHOM,COUNTESS,0Z0H,Harvest Operations Corp.,F3025     ,Issued,2-Mar-01,0Z0H,Harvest Operations Corp.,B010,2-Mar-01,,,500,,,,,,,,,,,,,1-Jan-96,1-Feb-09
ABGP0001964,,Gp Acid Gas Flaring%,,02/03-26-074-01W6,55.432947,-118.039552,PUSKWASKAU 3-26-74-1w6,PUSKWASKAU,A7NA,Prairie Thunder Resources Ltd.,F15441    ,Amended,18-Jan-22,A517,Long Run Exploration Ltd.,C300,27-Feb-01,18-Jan-22,"Regenerative, Acid Gas Flaring",73,71,0,0,0,0,0,4.5,0.99,,,0.99,,1-Jan-96,1-Dec-21
ABGP0001965,,Gas Plant Sweet,,00/04-28-022-16W4,50.894734,-112.172246,VERGER A 4-28-22-16w4,COUNTESS,0HE9,Canadian Natural Resources Limited,F3178     ,Amended,27-Oct-03,A7NW,Torxen Energy Ltd.,B010,6-Mar-01,26-Aug-06,None,750,747,0,0,0,0,15.1,0,0,0,,,,1-Jan-97,1-Jul-25
ABGP0001966,,Gas Plant Sweet,,00/05-22-036-22W4,52.104792,-113.07347,MIKWAN 05-22-036-22W4 GAS PLANT,MIKWAN,A71K,Axiom Oil and Gas Inc.,F5632     ,Amended,2-Aug-07,A71K,Axiom Oil and Gas Inc.,B010,28-Feb-01,2-Aug-07,,283,277,0,0,0,0,26.5,1,0,,,,,1-Jan-96,1-Jul-25
ABGP0001967,,Gas Plant Sweet,,/16-33-030-01W5,,,CDN 88 CROSSFIELD EAST,CROSSFIELD EAST,A5BE,Whitecap Resources Inc.,,,,,,,,,,,,,,,,,,,,,,,,
ABGP0001968,,Gas Plant Sweet,,00/13-01-101-13W6,57.74219,-119.995079,CDN HUNTER PEDIGREE,PEDIGREE,0HE9,Canadian Natural Resources Limited,F17751    ,Amended,7-Nov-11,0HE9,Canadian Natural Resources Limited,B040,1-Mar-01,7-Nov-11,,380,,,,,,,,0,,,,,1-Jan-96,1-Jan-00
ABGP0001969,,Gas Plant Sweet,,00/11-33-045-08W5,52.925805,-115.105265,ALDER FLATS 11-33 GAS PLANT,PEMBINA,A6FW,Vermilion Energy Inc.,F9781     ,Amended,9-Dec-24,A6FW,Vermilion Energy Inc.,B010,28-Feb-01,9-Dec-24,,750,740,0,0,0,0,80,100,0,,,,,1-Jan-96,1-Jul-25
ABGP0001970,,Gp Acid Gas Flaring,,00/06-25-045-10W5,52.907024,-115.322406,BURLINGTON SAND CREEK,PEMBINA,A5D4,Cenovus Energy Inc.,F9791     ,Amended,5-Mar-24,A5D4,Cenovus Energy Inc.,D400,1-Mar-01,10-Aug-23,"Regenerative, Acid Gas Injection, Acid Gas Flaring","2,895.00",2210,,,,,550,588.6,8.74,,,0.11,89.7,1-Jan-97,1-Jul-25
ABGP0001971,,Gas Plant Sweet,,00/08-27-059-05W5,54.128529,-114.655153,NORTHROCK BARRHEAD,BARRHEAD,A7XK,Blue Sky Resources Ltd.,F13462    ,Amended,6-Nov-01,A7XK,Blue Sky Resources Ltd.,B010,29-Nov-00,26-Aug-06,,215,210,0,0,0,0,0,4.2,,0,,,,1-Jan-97,1-Oct-11
ABGP0001972,,Gp Acid Gas Flaring,,02/05-27-065-04W5,54.652535,-114.528032,CONOCO AKUINU,DEEP,0AW4,Paramount Resources Ltd.,F14353    ,Abandoned,30-Nov-16,0AW4,Paramount Resources Ltd.,C300,1-Mar-01,,,564,,,,,,,,,,,,,1-Jan-97,1-Aug-16
ABGP0001973,,Gp Acid Gas Inj,,/06-10-087-01W5,56.526436,-114.068539,DEVON MUSKWA (TEEPEE CK),MUSKWA,0Z5F,Sequoia Resources Corp.,F17150    ,Amended,8-Dec-11,0Z5F,Sequoia Resources Corp.,C300,12-Feb-01,8-Dec-11,"Nonregenerative, Acid Gas Flaring",150,126,,,,,,,0.24,,,0.24,,1-Jan-97,1-Jul-15
ABGP0001974,,Gp Acid Gas Inj,,00/02-28-102-11W6,57.876679,-119.731376,PEDIGREE,FONTAS,A0A7,NuVista Energy Ltd.,F17769    ,Abandoned,25-Feb-21,A0A7,NuVista Energy Ltd.,C300,15-Feb-01,26-Aug-06,"Regenerative, Acid Gas Flaring","1,048.00",950,0,0,0,0,0,1.1,0.3,,,0.3,,1-Jan-97,1-Mar-13
ABGP0001975,,Gp Sulphur Rcvry,,/06-32-122-02W6,59.63916,-118.306,PARAMOUNT BISTCHO LAKE,BISTCHO,A7HE,Tallahassee Exploration Inc.,F18660    ,Amended,27-Apr-17,A7HE,Tallahassee Exploration Inc.,D400,1-May-01,2-Aug-16,"Regenerative, Acid Gas Injection",475,450,0,0,0,0,0,20,9.9,,,0,95.9,1-Jan-97,1-Oct-14
ABGP0001976,,Gas Plant Sweet,,00/01-15-062-15W5,54.35919,-116.15324,WINDFALL 01-15-062-15W5 GAS PLANT,WINDFALL,A71K,Axiom Oil and Gas Inc.,F13845    ,Amended,29-Sep-04,A71K,Axiom Oil and Gas Inc.,B010,28-Feb-01,26-Aug-06,,986,956,,,,,30,,0,,,,,1-Jan-97,1-Dec-23
ABGP0001977,,Gas Plant Sweet,,00/07-05-015-26W4,50.228253,-113.53757,ALTAGAS MOSQUITO CREEK,PARKLAND NORTHEAST,A8C5,Pivotal Energy Partners Inc.,F1805     ,Issued,28-Feb-01,A8C5,Pivotal Energy Partners Inc.,B010,28-Feb-01,,,"1,200.00",,,,,,,,,,,,,1-Jan-97,1-Aug-14
ABGP0001978,,Gp Sulphur Rcvry,,00/13-12-116-06W6,59.06312,-118.875733,NCL ZAMA,ZAMA,0TA4,Novagas Canada Ltd.,F18370    ,Abandoned,28-Jun-22,0026,Ovintiv Canada ULC,D400,7-Feb-01,25-Jul-18,"Regenerative, Acid Gas Injection",424,311,0,0,0,18.9,21.9,3.1,9.6,,,0,89.7,,
ABGP0001979,,Gas Plant Sweet,,/07-06-029-21W4,51.450797,-112.943504,KEYWEST WAYNE-ROSEDALE 7-6,WAYNE-ROSEDALE,0Z0H,Harvest Operations Corp.,F3982     ,Issued,2-Mar-01,0Z0H,Harvest Operations Corp.,B010,2-Mar-01,,None,100,,,,,,,,,,,,,1-Jan-97,1-Oct-16
ABGP0001980,,Gas Plant Sweet,,/05-21-080-06W6,55.946387,-118.883504,NEWPORT HAMELIN CREEK,HAMELIN CREEK,A8FY,Spoke Resources Ltd.,F16588    ,Issued,2-Mar-01,A8FY,Spoke Resources Ltd.,B010,2-Mar-01,,,70,,,,,,,,,,,,,1-Jan-97,1-Mar-05
ABGP0001981,,Gp Acid Gas Flaring,,/01-27-063-06W5,54.47417,-114.81035,NEW CACHE DORIS,DORIS,A74Y,Tidewater Midstream and Infrastructure Ltd.,F13957    ,Amended,19-Oct-07,A74Y,Tidewater Midstream and Infrastructure Ltd.,C300,28-Feb-01,19-Oct-07,"Regenerative, Acid Gas Flaring",510,479,0,0,0,0,13.3,9.5,0.9,,,0.9,,1-Jan-97,1-Sep-15
ABGP0001982,,Gas Plant Sweet,,00/01-30-034-23W4,51.942214,-113.243322,CORSE HUXLEY,ELNORA,A6NW,Corse Energy Corp.,F4709     ,Amended,2-Feb-21,A6NW,Corse Energy Corp.,B010,2-Apr-01,2-Feb-21,,126.8,120,0,0,0,0,15,0,0,,,,,1-Jan-97,1-Jul-25
ABGP0001983,,Gas Plant Sweet,,/15-30-060-05W5,54.2225,-114.73788,CDN CONQUEST THUNDER LAKE WEST,THUNDER,A2TG,TAQA North Ltd.,F13613    ,Abandoned,18-Oct-22,A7H7,West Lake Energy Corp.,B010,1-Mar-01,,,229.4,,,,,,,,,,,,,1-Jan-97,1-May-08
ABGP0001984,,Gas Plant Sweet,,00/06-25-056-14W5,53.866521,-115.949147,MCLEOD 6-25-56-14W5,MCLEOD,A5D4,Cenovus Energy Inc.,F13107    ,Issued,1-Mar-01,A5D4,Cenovus Energy Inc.,B010,1-Mar-01,26-Aug-06,,330,488,,,,,40.2,8.6,,,,,,1-Jan-97,1-Oct-05
ABGP0001985,,Gas Plant Sweet,,00/04-18-057-12W5,53.921099,-115.7819,INTEGRA MANASKA 4-18,UNDEFINED,A72X,Outlier Resources Ltd.,F13291    ,Amended,18-Oct-02,A72X,Outlier Resources Ltd.,B010,1-Mar-01,26-Aug-06,,424.9,400.3,,,,,46.7,12,0,,,,,1-Jan-97,1-Apr-19
ABGP0001986,,Gas Plant Sweet,,00/08-26-087-04W6,56.571899,-118.508468,CELSIUS WORSLEY,WORSLEY,A5RD,Enerplus Corporation,F17242    ,Abandoned,9-Oct-07,A2PH,Journey Energy Inc.,B010,1-Mar-01,26-Aug-06,,140.9,137,,,,,4.8,,,,,,,,
ABGP0001987,,Gas Plant Sweet,,00/13-35-047-10W5,53.103191,-115.363667,PEMBINA 13-35-47-10W5,PEMBINA,A8HW,Gran Tierra Canada Ltd.,F10434    ,Issued,1-Mar-01,A8HW,Gran Tierra Canada Ltd.,B010,1-Mar-01,26-Aug-06,,845,760.7,,,,,148.9,175.1,,,,,,1-Jan-97,1-Jul-25
ABGP0001988,,Gp Acid Gas Flaring,,00/11-11-026-15W4,51.207367,-111.996785,TARRAGON CONNORSVILLE,CESSFORD,0HE9,Canadian Natural Resources Limited,F3610     ,Abandoned,29-Jun-05,0HE9,Canadian Natural Resources Limited,B010,5-Mar-01,,,80,,,,,,,,,,,,,,
ABGP0001989,,Gas Plant Sweet,,00/01-05-096-07W6,57.295402,-119.086301,CHINCHAGA 1-5-96-7W6,CHINCHAGA,0HE9,Canadian Natural Resources Limited,F17684    ,Abandoned,1-Jan-03,0HE9,Canadian Natural Resources Limited,B010,1-Mar-01,,,250,,,,,,,,,,,,,1-Jan-97,1-Oct-02
ABGP0001990,,Gp Acid Gas Flaring%,,00/03-36-079-23W5,55.884864,-117.46183,NORMANDVILLE N 3-36-79-23w5,NORMANDVILLE,0HE9,Canadian Natural Resources Limited,F16365    ,Amended,27-Mar-02,0HE9,Canadian Natural Resources Limited,D400,1-May-01,24-Nov-07,"Regenerative, Acid Gas Injection",566.3,454.6,0,0,0,0,33.8,3.3,1.9,0,,,69.7,1-Jan-98,1-Jul-25
ABGP0001991,,,,/01-01-092-09W4,,,SUNCOR (GCOS),UNDEFINED,0054,Suncor Energy Inc.,,,,,,,,,,,,,,,,,,,,,,,,
ABGP0001992,,,,/01-01-093-10W4,,,SYNCRUDE,UNDEFINED,0362,Syncrude Canada Ltd.,,,,,,,,,,,,,,,,,,,,,,,,
ABGP0001993,,Gas Plant Sweet,,/01-26-048-03W5,,,* SHELL WARBURG,PEMBINA,0T03,Shell Canada Limited,,,,,,,,,,,,,,,,,,,,,,,,
ABGP0001994,,Gas Plant Sweet,,00/01-30-047-09W4,53.076185,-111.300389,VIKING-KINSELLA 1-30-47-9W4,VIKING-KINSELLA,A1GR,Pine Cliff Energy Ltd.,F10091    ,Amended,22-Sep-03,A1GR,Pine Cliff Energy Ltd.,B010,1-Mar-01,26-Aug-06,,396,394,0,0,0,0,11.1,0,0,0,,,,1-Jan-98,1-Jul-11
ABGP0001995,,Gp Acid Gas Inj,,/03-28-085-06W6,56.395755,-118.884661,DEVON MONTAG,MONTAG,A28R,XGEN Ventures Inc.,F17057    ,Abandoned,16-Jan-23,A28R,XGEN Ventures Inc.,B010,27-Feb-01,24-Apr-07,,425,423,0,0,0,0,5.4,0,0,,,,,1-Jan-98,1-Sep-11
ABGP0001996,,Gas Plant Sweet,,/08-20-085-06W6,,,COMPTON MONTAG,MONTAG,0CW8,Lexin Resources Ltd.,,,,,,,,,,,,,,,,,,,,,,,,
,,,,,,,,,,,,,,,,,,,,,,,,,,,,,,,,,,
ABGP0001997,,Gp Acid Gas Flaring,,00/16-04-085-08W6,56.347334,-119.190418,CECIL NORTH 16-4-85-8w6,CECIL,0HE9,Canadian Natural Resources Limited,F17060    ,Amended,4-Oct-06,0HE9,Canadian Natural Resources Limited,C300,28-Feb-01,4-Oct-06,,"1,603.20",1412,,,,,,49.2,0.7,,,0.7,,1-Jan-98,1-Jul-25
ABGP0001998,,Gas Plant Sweet,,02/12-31-111-04W6,58.682887,-118.664558,RAINBOW (SOUSA),RAINBOW,A0A7,NuVista Energy Ltd.,F18052    ,Amended,11-May-15,A0A7,NuVista Energy Ltd.,B010,6-Mar-01,11-May-15,,110,110,,,,,,0.2,,,,,,1-Jan-98,1-Jan-16
ABGP0001999,,,,/01-01-001-01W4,,,* INTERNAL USE ONLY,UNDEFINED,0X27,Unknown Operator/Address - Used by Field Surveillance,,,,,,,,,,,,,,,,,,,,,,,,
ABGP0075252,,Gas Plant Sweet,,00/12-21-018-13W4,50.537978,-111.743222,MARKWEST BANTRY 12-21-18-13 W4 PLANT,BANTRY,A6A7,Cardinal Energy Ltd.,F22371    ,Abandoned,5-Jan-22,A6A7,Cardinal Energy Ltd.,B010,1-May-01,26-Aug-06,,312,311,,,,,4,,0,,,,,1-Dec-03,1-May-18
ABGP0075650,,Gp Mainline Strdle,,00/03-29-038-25W4,52.290607,-113.543853,JOFFRE ETHANE EXTRACTION PLANT,JOFFRE,A0TK,AltaGas Ltd.,F26124    ,Issued,17-Aug-01,A0TK,AltaGas Ltd.,B200,17-Aug-01,26-Aug-06,,"7,066.00",6470.4,1466.2,,,,655.9,,,,,,,1-Dec-02,1-Jul-25
ABGP0075866,,Gas Plant Sweet,,00/03-17-043-14W5,52.699686,-115.9988,NRK BREWSTER 03-17-043-14W5,STOLBERG,A7XK,Blue Sky Resources Ltd.,F27491    ,Issued,24-Sep-02,A573,Tourmaline Oil Corp.,B010,24-Sep-02,26-Aug-06,,283.2,270.6,0,0,0,0,39.7,0,0,0,,,,1-Jan-03,1-Sep-15
ABGP0075995,,Gas Plant Sweet,,02/10-22-050-26W4,53.33103,-113.719515,PROBE LEDUC GAS PROCESSING FACILITY,LEDUC-WOODBEND,A74X,Aspenleaf Energy Limited,F27649    ,Amended,7-Nov-24,A74X,Aspenleaf Energy Limited,B010,15-Nov-02,7-Nov-24,,816,,,,,,,,0,,,,,1-Dec-02,1-Jul-25
ABGP0076045,,Gp Acid Gas Flaring,,/16-06-042-14W4,,,LES AND HERMAN FREADRICH,FORESTBURG,0A1D,"Freadrich, Les And Herman",,,,,,,,,,,,,,,,,,,,,,,,
ABGP0076120,,Gas Plant Sweet,,00/01-17-035-03W4,51.999222,-110.38815,Astara Energy 1-17 Monitor GP,PROVOST,A8TZ,Astara Energy Corp.,F27829    ,Amended,13-Dec-17,A8TZ,Astara Energy Corp.,B010,3-Jan-03,13-Dec-17,,424.8,423.05,0,0,0,0,3.6,0,0,,,,,1-Feb-03,1-Jul-25
ABGP0076575,,Gas Plant Sweet,,00/12-01-046-09W4,52.93821,-111.188215,IRMA 12-01-46-9W4,VIKING-KINSELLA,A1GR,Pine Cliff Energy Ltd.,F23124    ,Amended,12-Mar-07,A1GR,Pine Cliff Energy Ltd.,B020,30-Apr-01,12-Mar-07,,145,,,,,,,,0,,,,,1-Feb-03,1-Aug-06
ABGP0076666,,Gas Plant Sweet,,00/07-27-029-14W4,51.508182,-111.886979,WILDUNN CREEK 7-27-029-14W4,WILDUNN CREEK,0HE9,Canadian Natural Resources Limited,F3889     ,Amended,21-Jan-13,0HE9,Canadian Natural Resources Limited,B020,2-Mar-01,21-Jan-13,None,50,,,,,,,,0,,,,,1-Feb-03,1-Oct-09
ABGP0077070,,Gas Plant Sweet,,00/15-11-076-06W6,55.575589,-118.81152,RYCROFT 15-11-76-6W6 GAS PLANT,RYCROFT,A5D1,Whitecap Partnership,F28375    ,Amended,23-Sep-03,A5BE,Whitecap Resources Inc.,B010,10-Mar-03,26-Aug-06,,481,479,,,,,,15,0,,,,,1-Apr-03,1-Jul-25
ABGP0077266,,Gas Plant Sweet,,02/13-21-015-11W4,50.279445,-111.46715,ALDERSON 13-21-015-11W4 GAS PLANT,ALDERSON,0HE9,Canadian Natural Resources Limited,F28987    ,Cancelled,29-Jun-11,0026,Ovintiv Canada ULC,B010,7-May-03,26-Aug-06,,918.3,915,0,0,0,0,0,4.6,0,0,,,,1-Jul-03,1-Nov-15
ABGP0077288,,Gas Plant Sweet,,00/07-09-047-10W4,53.03597,-111.40373,VERNON LAKE 7-9-47-10W4,VIKING-KINSELLA,A1GR,Pine Cliff Energy Ltd.,F28198    ,Amended,2-Oct-17,A1GR,Pine Cliff Energy Ltd.,B020,28-Feb-03,2-Oct-17,,170,,,,,,,,0,,,,,1-May-03,1-Aug-18
ABGP0077308,,Gas Plant Sweet,,00/01-28-102-03W6,57.87695,-118.41325,DRYDEN CREEK GAS PLANT,HARO,0BP8,Obsidian Energy Ltd.,F28640    ,Abandoned,1-Mar-23,0BP8,Obsidian Energy Ltd.,B010,21-Mar-03,26-Aug-06,,240.2,238,0,0,0,0,0,14.3,0,0,,,,1-May-03,1-Oct-21
ABGP0077324,,Gas Plant Sweet,,00/05-10-033-26W4,51.814734,-113.615301,BAYTEX WIMBORNE 5-10 GAS PLANT,WIMBORNE,A517,Long Run Exploration Ltd.,F21701    ,Amended,28-May-03,A517,Long Run Exploration Ltd.,B010,1-Mar-01,26-Aug-06,,207.5,175.5,,,,,56,,0,,,,,1-May-03,1-Jul-25
ABGP0077819,,Gas Plant Sweet,,00/10-20-096-07W6,57.345926,-119.093776,CHINCHAGA 10-20-96-7 GP,CHINCHAGA,A6D7,Kelt Exploration Ltd.,F29178    ,Issued,16-May-03,A6D7,Kelt Exploration Ltd.,B010,16-May-03,26-Aug-06,,227.1,223.9,0,0,0,0,22.5,0,0,0,,,,1-Jul-03,1-Oct-17
ABGP0078091,,Gas Plant Sweet,,00/10-11-075-07W6,55.48477,-118.966509,SADDLEHILLS 10-11-75-7 W6,SADDLE HILLS,0HE9,Canadian Natural Resources Limited,F29208    ,Amended,22-Aug-05,0HE9,Canadian Natural Resources Limited,C300,21-May-03,26-Aug-06,Nonregenerative,"1,100.00",1081,,,,,,,0.89,,,,,1-Jul-03,1-Jun-12
ABGP0078222,,Gas Plant Sweet,,00/16-15-059-24W5,54.10674,-117.504285,BERLAND RIVER W 16-15-59-24W5,BERLAND RIVER WEST,0HE9,Canadian Natural Resources Limited,F28496    ,Amended,4-Jun-03,0HE9,Canadian Natural Resources Limited,B010,13-Mar-03,26-Aug-06,,584,582,0,0,0,0,32.9,0,0,0,,,,1-Sep-03,1-Jun-20
ABGP0079061,,Gas Plant Sweet,,00/07-36-058-03W6,54.054781,-118.307605,SMOKY 7-36-58-3W6,SMOKY,0HE9,Canadian Natural Resources Limited,F25164    ,Amended,31-Jul-15,0HE9,Canadian Natural Resources Limited,B010,23-Nov-00,31-Jul-15,,"1,134.00",1105.2,0,0,0,0,150.9,131,0,,,,,1-Nov-03,1-Jul-25
ABGP0079080,,Gp Acid Gas Flaring,,00/06-02-002-20W4,49.090597,-112.578926,AltaGas  Del Bonita Gas Plant,BRANCH,A1BB,Gryphon Petroleum Corp.,F28085    ,Abandoned,28-Apr-25,A9BY,501 Energy Corp.,C300,20-Feb-03,24-Sep-08,"Regenerative, Acid Gas Flaring",56,50.3,0,0,0,0,0,0,0.35,,,0.35,,1-Oct-03,1-Apr-17
ABGP0079260,,Gas Plant Sweet,,00/06-04-027-21W4,51.27632,-112.902193,RED LAND SOUTH 6-4-27-21W4 GAS PLANT,HUSSAR,A7AG,Lynx Energy ULC,F3728     ,Amended,11-Jul-03,A7AG,Lynx Energy ULC,B010,9-Jan-01,26-Aug-06,,"1,075.00",1038,,,,,25.1,,0,,,,,1-Nov-03,1-Jul-25
ABGP0079548,,Gp Sulphur Rcvry,,00/07-15-110-21W5,58.547403,-117.412095,EVERGREEN SOUR GAS PLANT,HIGH LEVEL,0M7P,AQT Water Management Inc.,F27866    ,Abandoned,20-Nov-14,0M7P,AQT Water Management Inc.,C300,10-Jan-03,8-Feb-08,"Regenerative, Acid Gas Flaring",422.6,324,,,,,,,0.12,,,0.12,,1-Sep-03,1-Mar-10
ABGP0080025,,Gas Plant Sweet,,00/16-29-018-02W5,50.55558,-114.233995,LITTLE CHICAGO GAS PLANT,TURNER VALLEY,A900,Ranahan Resources Limited,F29910    ,Amended,15-Nov-10,A900,Ranahan Resources Limited,B010,22-Sep-03,15-Nov-10,,567,552,0,0,0,0,120,0,0,,,,,1-Jan-04,1-Nov-19
ABGP0080187,,Gas Plant Sweet,,00/02-11-060-04W6,54.168397,-118.483285,PEYTO KAKWA 02-11-60-04 W6 SWEET GAS,UNDEFINED,0YA2,Peyto Exploration & Development Corp.,F27772    ,Amended,25-Nov-04,0YA2,Peyto Exploration & Development Corp.,B010,17-Dec-02,26-Aug-06,,"1,130.00",1080,0,0,0,0,200,450,0,0,,,,1-Feb-04,1-Jul-25
ABGP0080688,,Gas Plant Sweet,,00/14-20-056-23W5,53.857405,-117.383302,WILD RIVER 14-20 GP,WILD RIVER,A573,Tourmaline Oil Corp.,F30742    ,Amended,23-Jun-17,A573,Tourmaline Oil Corp.,B010,28-Jan-04,23-Jun-17,,"7,080.00",6994,0,0,0,0,233,154,0,,,,,1-Apr-04,1-Jul-25
ABGP0080799,,Gas Plant Sweet,,00/16-35-107-04W6,58.338571,-118.536967,BASSET LAKE 16-35 GAS PLANT,RAINBOW,A5D1,Whitecap Partnership,F30856    ,Abandoned,27-Mar-25,A5BE,Whitecap Resources Inc.,B020,10-Feb-04,9-Oct-07,,198.2,,,,,,,,0,,,,,1-Mar-04,1-Jan-16
ABGP0080972,,Gas Plant Sweet,,00/10-36-065-25W5,54.670705,-117.641789,ANTE CREEK GAS PLANT 10-36-065-25W5M,ANTE CREEK NORTH,0G30,ARC Resources Ltd.,F31023    ,Amended,8-Aug-19,0G30,ARC Resources Ltd.,B010,24-Feb-04,8-Aug-19,,710,641,0,0,0,0,147,0,0,,,,,1-Jul-04,1-Jul-25
ABGP0081174,,Gas Plant Sweet,,00/08-17-029-22W4,51.47968,-113.055714,ATCO CARBON SOUTH,WAYNE-ROSEDALE,0Z2W,ATCO Next Energy Ltd.,F22299    ,Amended,5-Nov-03,0Z2W,ATCO Next Energy Ltd.,B010,1-Mar-01,26-Aug-06,,222,216,0,0,0,0,0,7.1,0,0,,,,1-Apr-04,1-Sep-22
ABGP0081379,,Gas Plant Frac,,00/01-35-019-28W4,50.646771,-113.770631,MAZEPPA SWEET GAS GATHERING,OKOTOKS,0CW8,Lexin Resources Ltd.,F2588     ,Abandoned,14-Aug-24,0CW8,Lexin Resources Ltd.,E600,1-Mar-01,26-Aug-06,"Regenerative, Acid Gas Sulphur Recovery, Acid Gas Flaring, Claus Process","3,822.30",3486.2,0,0,0,0,140.2,358.9,586.6,577.6,,9.4,98.4,,
ABGP0081382,,Gas Plant Sweet,,00/01-35-019-28W4,50.646771,-113.770631,MAZEPPA SWEET GAS PLANT,OKOTOKS,0CW8,Lexin Resources Ltd.,F2588     ,Abandoned,14-Aug-24,0CW8,Lexin Resources Ltd.,E600,1-Mar-01,26-Aug-06,"Regenerative, Acid Gas Sulphur Recovery, Acid Gas Flaring, Claus Process","3,822.30",3486.2,0,0,0,0,140.2,358.9,586.6,577.6,,9.4,98.4,,
ABGP0081833,,Gas Plant Sweet,,02/16-36-086-10W6,56.504458,-119.431208,WORSLEY 16-36 GAS PLANT,WORSLEY,A73W,Enercapita Energy Ltd.,F31781    ,Amended,2-Dec-05,A73W,Enercapita Energy Ltd.,C300,3-Jun-04,26-Aug-06,,423.6,402.4,,,,,,63.1,0.07,,,0,,1-Jul-04,1-Jul-25
ABGP0081848,,Gas Plant Sweet,,00/02-01-027-21W4,51.272524,-112.826944,ENCANA ROSEBUD 2-1-27-21W4 GAS PLANT,HUSSAR,0HE9,Canadian Natural Resources Limited,F3727     ,Amended,19-Mar-04,A7NW,Torxen Energy Ltd.,B010,29-Mar-01,26-Aug-06,,425,412,,,,,19.1,,0,,,,,1-Aug-04,1-Jul-20
ABGP0081971,,Gas Plant Sweet,,00/02-04-019-16W4,50.574229,-112.160699,Astara SF Lk GP 2-4-19-16W4M,COUNTESS,A8TZ,Astara Energy Corp.,F31753    ,Issued,31-May-04,A8TZ,Astara Energy Corp.,B010,31-May-04,26-Aug-06,,42.6,42,0,0,0,0,1.4,0,0,0,,,,1-Jul-04,1-Jul-25
ABGP0082137,,Gas Plant Sweet,,00/09-36-049-05W4,53.270599,-110.59063,FLOWING WILD 9-36 GP,WILDMERE,A2JR,Gear Energy Ltd.,F32107    ,Amended,15-Dec-06,A2JR,Gear Energy Ltd.,B020,6-Aug-04,15-Dec-06,,200,,,,,,,,0,,,,,1-Sep-04,1-Sep-06
ABGP0082273,,Gp Acid Gas Flaring,,02/16-28-064-06W6,54.572484,-118.833105,CYRIES BILBO 02/16-28-64-6W6,KAKWA,0Z0H,Harvest Operations Corp.,F31472    ,Abandoned,22-Sep-21,0Z0H,Harvest Operations Corp.,C300,12-Apr-04,26-Aug-06,"Regenerative, Acid Gas Flaring",70.8,70.2,0,0,0,0,0,4,0.49,0,,0.49,,1-Aug-04,1-Jun-13
ABGP0082296,,Gas Plant Sweet,,03/13-05-021-12W4,50.758028,-111.637853,PRINCESS 13-05 CHOKE PLANT,PRINCESS,A2TG,TAQA North Ltd.,F30024    ,Issued,7-Oct-03,A2TG,TAQA North Ltd.,B010,7-Oct-03,26-Aug-06,,155.7,155.4,,,,,,0.5,,,,,,1-Aug-04,1-Jan-08
ABGP0082304,,Gas Plant Sweet,,00/06-17-025-20W4,51.13103,-112.763254,6-17-25-20W4 WINTERING HILLS WEST,HUSSAR,0HE9,Canadian Natural Resources Limited,F26184    ,Amended,7-Nov-01,A7NW,Torxen Energy Ltd.,B010,7-Nov-01,26-Aug-06,,500,492,0,0,0,0,30.6,0,0,0,,,,1-Aug-04,1-Jul-21
ABGP0082962,,Gas Plant Sweet,,00/08-23-041-07W4,52.541409,-110.896594,ALBERS 8-23-41-7W4 GAS PLANT,PROVOST,A7AZ,SanLing Energy Ltd.,F31777    ,Abandoned,22-Apr-25,A7AZ,SanLing Energy Ltd.,B010,3-Jun-04,26-Aug-06,,281.7,275,0,0,0,0,0,1.3,0,0,,,,1-Oct-04,1-Feb-08
ABGP0083567,,Gas Plant Sweet,,00/06-17-040-27W4,52.438052,-113.857473,HIGHPINE JOFFRE GAS PLANT 6-17,JOFFRE,A97L,Parallax Energy Operating Inc.,F31879    ,Amended,27-Feb-19,A97L,Parallax Energy Operating Inc.,B010,22-Jun-04,27-Feb-19,,580,410,0,0,0,0,330,0,0,,,,,1-Jan-05,1-Jul-25
ABGP0083667,,Gas Plant Sweet,,00/15-10-062-06W5,54.353831,-114.811164,CORBET GAS PLANT 15-10-62-6 W5,CORBETT,A73N,N7 Energy Ltd.,F27718    ,Amended,17-Sep-04,A73N,N7 Energy Ltd.,B010,4-Dec-02,26-Aug-06,,678,645,0,0,0,0,0,40,0,0,,,,1-Jan-05,1-Nov-17
ABGP0083746,,Gas Plant Sweet,,00/01-20-019-11W4,50.616448,-111.482732,GENTRY PRINCESS 1-20 GAS PLANT,PRINCESS,A868,Ipc Canada Ltd.,F32635    ,Abandoned,17-Aug-17,A868,Ipc Canada Ltd.,B010,16-Nov-04,26-Aug-06,,283.2,283.2,0,0,0,0,1.9,0,0,,,,,1-Dec-04,1-Dec-10
ABGP0083873,,Gas Plant Sweet,,00/05-15-017-12W4,50.430544,-111.582206,BANTRY 05-15-017-12W4 GAS PLANT,BANTRY,A6A7,Cardinal Energy Ltd.,F26357    ,Abandoned,17-Dec-13,A6A7,Cardinal Energy Ltd.,B010,27-Mar-02,26-Aug-06,,623,622.9,0,0,0,0,4,0,0,0,,,,1-Jan-05,1-Mar-06
ABGP0084058,,Gas Plant Sweet,,00/10-24-062-22W5,54.379278,-117.160456,Tony Creek Gas Plant 10-24-62-22W5,WASKAHIGAN,A8HW,Gran Tierra Canada Ltd.,F32387    ,Amended,26-May-05,A8HW,Gran Tierra Canada Ltd.,B010,5-Oct-04,26-Aug-06,,565,551,0,0,0,0,91,42,0,0,,,,1-Mar-05,1-Jul-25
,,,,,,,,,,,,,,,,,,,,,,,,,,,,,,,,,,
ABGP0084179,,Gas Plant Sweet,,00/04-06-063-09W6,54.415909,-119.356888,PEYTO CUTBANK 04-06-063-09 W6 GP,NETOOK,0YA2,Peyto Exploration & Development Corp.,F32100    ,Amended,31-Jul-13,0YA2,Peyto Exploration & Development Corp.,B010,6-Aug-04,31-Jul-13,,85,79,0,0,0,0,4.8,3.7,0,,,,,1-Mar-05,1-Jul-24
ABGP0084226,,Gas Plant Sweet,,00/11-09-061-22W5,54.262828,-117.241555,BIGSTONE 11-9-61-22W5,BIGSTONE,0HE9,Canadian Natural Resources Limited,F13771    ,Amended,6-Sep-01,0HE9,Canadian Natural Resources Limited,B010,1-May-01,26-Aug-06,,566.4,546.4,0,0,0,0,47.7,0,0,0,,,,1-Mar-05,1-Jul-25
ABGP0084455,,Gas Plant Sweet,,00/06-05-109-12W6,58.431991,-119.969062,CVE ENERGY BIVOUAC 6-5-109-12W6,BLACK,A5D4,Cenovus Energy Inc.,F26711    ,Amended,18-Nov-04,A5D4,Cenovus Energy Inc.,B010,22-Jan-02,26-Aug-06,,845,793.5,0,54.3,0,0,,0,0,0,,,,1-Apr-05,1-Jul-25
ABGP0084636,,Gas Plant Sweet,,02/07-21-039-10W5,52.368758,-115.377596,PHOENIX 102/07-21-39-10W5,PHOENIX,0LN7,Yangarra Resources Corp.,F33220    ,Amended,15-Nov-21,0LN7,Yangarra Resources Corp.,B010,10-Feb-05,15-Nov-21,,127.5,119.8,0,37,0,0,0,0,0,,,,,1-Mar-05,1-Jul-25
ABGP0084773,,Gas Plant Sweet,,00/15-04-058-23W5,53.98984,-117.356286,DUVERNAY 15-4-58-23W5M GAS PLANT,SUNDANCE,A573,Tourmaline Oil Corp.,F33195    ,Amended,18-Jan-13,A573,Tourmaline Oil Corp.,B010,8-Feb-05,18-Jan-13,,"2,832.00",2812,0,0,0,0,0,187.8,0,,,,,1-Apr-05,1-Jul-25
ABGP0084966,,Gas Plant Sweet,,00/07-02-048-09W5,53.110032,-115.203395,RIDER PEMBINA 07-02-048-09W5 GAS PLA,PEMBINA,A854,Barrel Oil Corp.,F32829    ,Amended,21-Jun-19,A854,Barrel Oil Corp.,B010,16-Dec-04,21-Jun-19,,707.9,673.7,0,0,0,0,96,87.1,0,,,,,1-May-05,1-Oct-14
ABGP0084973,,Gas Plant Sweet,,04/07-07-087-14W5,56.527076,-116.215287,FET Golden 7-7-87-14W5 Gas Plant,GOLDEN,A2PH,Journey Energy Inc.,F34292    ,Amended,10-Jan-08,A8FY,Spoke Resources Ltd.,C300,19-Jul-05,10-Jan-08,None,7.1,5.7,0,0,0,0,6,0,0.02,,,0.02,,1-Apr-05,1-May-09
ABGP0085141,,Gas Plant Sweet,,00/01-02-018-22W4,50.485295,-112.914858,QUEENSTOWN 1-2-18-22W4 GAS PLANT,QUEENSTOWN,0CW8,Lexin Resources Ltd.,F33937    ,Amended,7-Dec-05,0CW8,Lexin Resources Ltd.,B010,13-May-05,26-Aug-06,,396,382,0,0,0,0,8,0,0,,,,,1-Aug-05,1-Aug-16
ABGP0085152,,Gas Plant Sweet,,00/07-18-040-09W5,52.441256,-115.281933,FERRIER WEST 7-18-40-9W5,FERRIER,0HE9,Canadian Natural Resources Limited,F33367    ,Amended,1-May-25,0HE9,Canadian Natural Resources Limited,B010,25-Feb-05,1-May-25,,810,739,0,0,0,0,92,0,0,,,,,1-Jun-05,1-Jul-25
ABGP0085275,,Gas Plant Sweet,,00/02-11-027-16W4,51.28862,-112.149284,CESSFORD 02-11-027-16W4,CESSFORD,0HE9,Canadian Natural Resources Limited,F31448    ,Amended,10-Jul-06,0HE9,Canadian Natural Resources Limited,B010,8-Apr-04,26-Aug-06,,339.8,312.1,0,0,0,0,27.7,0,0,,,,,1-May-05,1-Jul-25
ABGP0086281,,Gas Plant Sweet,,00/05-06-028-02W4,51.364337,-110.285609,NUVISTA SIBBALD 5-6 GP,SIBBALD,A0A7,NuVista Energy Ltd.,F3757     ,Amended,13-May-10,A0A7,NuVista Energy Ltd.,B020,1-May-01,13-May-10,,141.6,,,,,,,,0,,,,,1-Sep-05,1-Jun-08
ABGP0086283,,Gas Plant Sweet,,00/02-02-037-13W4,52.145139,-111.751044,ACCLAIM CASTOR GP 2-2,PROVOST,0BP8,Obsidian Energy Ltd.,F33987    ,Abandoned,25-Aug-21,0BP8,Obsidian Energy Ltd.,B010,20-May-05,26-Aug-06,,226,205,,,,,2.8,,0,,,,,1-Sep-05,1-Nov-18
ABGP0086359,,Gas Plant Sweet,,00/16-11-012-26W4,49.988213,-113.439096,ARGOSY CLARESHOLM GAS PLANT,EASTMONT,A6JF,Long Term Asset Management Inc.,F33921    ,Issued,10-May-05,A6JF,Long Term Asset Management Inc.,B010,10-May-05,26-Aug-06,,283,280.2,0,0,0,0,0,6.1,0,0,,,,1-Sep-05,1-Mar-17
ABGP0086379,,Gas Plant Sweet,,00/14-31-011-26W4,49.96092,-113.53872,ACL GRANUM GAS PLT 14-31-11-26 W4,EASTMONT,A6JF,Long Term Asset Management Inc.,F34080    ,Amended,5-Aug-14,A6JF,Long Term Asset Management Inc.,B010,7-Jun-05,4-Sep-07,,510,502,0,0,0,0,0,40.3,0,,,,,1-Sep-05,1-Jul-25
ABGP0086427,,Gas Plant Frac,,00/08-20-074-16W5,55.423702,-116.414677,High Prairie Frac Plant,HIGH PRAIRIE,A31G,Plains Midstream Canada ULC,F32682    ,Issued,24-Nov-04,A31G,Plains Midstream Canada ULC,B011,24-Nov-04,26-Aug-06,,0,0,,,232,285,,223,0,,,,,1-Sep-05,1-Jul-25
ABGP0086640,,Gas Plant Sweet,,00/07-19-054-19W5,53.677386,-116.786656,BIG EDDY GAS STORAGE PLANT,EDSON,0NPM,TransCanada Energy Ltd.,F32917    ,Issued,4-Jan-05,0NPM,TransCanada Energy Ltd.,B010,4-Jan-05,26-Aug-06,,"20,550.00",20480,,,,,,290,0,,,,,1-Jan-24,1-Jul-25
ABGP0086745,,Gas Plant Sweet,,00/07-07-032-27W4,51.727506,-113.817112,STEWART 07-07-032-27W4 PLANT,LONE PINE CREEK,A1H9,Ember Resources Inc.,F33664    ,Issued,1-Apr-05,A1H9,Ember Resources Inc.,B010,1-Apr-05,26-Aug-06,,500,470,,,,,6,,0,,,,,1-Oct-05,1-Jul-25
ABGP0086768,,Gp Acid Gas Flaring,,00/15-14-083-05W4,56.199095,-110.676344,KETTLE RIVER 15-14-083-05W4,NEWBY,0HE9,Canadian Natural Resources Limited,F16879    ,Issued,15-Aug-22,0HE9,Canadian Natural Resources Limited,C300,14-Feb-01,28-Aug-06,,650,620,,,,,,,0.44,,,0.44,,1-Oct-05,1-Sep-21
ABGP0086769,,Gp Acid Gas Flaring,,00/11-19-080-04W4,55.949639,-110.623494,Cowpar 11-19-80-4w4,GRAHAM,0HE9,Canadian Natural Resources Limited,F23781    ,Abandoned,24-Aug-23,0HE9,Canadian Natural Resources Limited,B020,1-May-01,29-Jan-16,"Regenerative, Acid Gas Flaring",622.48,,,,,,,,0,,,,,1-Oct-05,1-Mar-17
ABGP0086771,,Gp Acid Gas Flaring,,00/07-02-085-06W4,56.339637,-110.831516,NEWBY 10-2-85-6W4,NEWBY,0HE9,Canadian Natural Resources Limited,F23787    ,Abandoned,25-Jul-23,0HE9,Canadian Natural Resources Limited,B020,1-May-01,15-Dec-17,,20,,,,,,,,0,,,,,1-Oct-05,1-Feb-22
ABGP0086803,,Gas Plant Sweet,,03/08-35-062-27W4,54.404208,-113.926844,HUSKY JARVIE 08-35 GAS PLANT,JARVIE,0Z5F,Sequoia Resources Corp.,F34661    ,Abandoned,20-Apr-22,0Z5F,Sequoia Resources Corp.,B010,1-Sep-05,26-Aug-06,,283,282,0,0,0,0,0.4,0,0,0,,,,1-Nov-05,1-Aug-17
ABGP0086883,,Gas Plant Sweet,,00/11-17-063-06W5,54.452956,-114.874192,981405 DORIS 11-17-63-6W5,DORIS,A663,Trident Exploration (Alberta) Corp.,F33985    ,Abandoned,12-Apr-22,A663,Trident Exploration (Alberta) Corp.,B010,20-May-05,26-Aug-06,,"1,700.00",1700,0,0,0,0,20,0,0,,,,,1-Oct-05,1-Mar-18
ABGP0087651,,Gas Plant Sweet,,00/08-28-032-26W4,51.771771,-113.622987,ACL NGL LPT 8-28 REFRIDGE PLANT,WIMBORNE,A1H9,Ember Resources Inc.,F34777    ,Amended,3-Jun-14,A1H9,Ember Resources Inc.,B020,20-Sep-05,3-Jun-14,,"1,135.00",,,,,,,,0,,,,,1-Dec-05,1-Jul-25
ABGP0087677,,Gas Plant Sweet,,00/04-08-047-09W5,53.034115,-115.290592,BARREL PEM BLUE RAPID 04-08-047-09W5,PEMBINA,A854,Barrel Oil Corp.,F34328    ,Amended,3-Jul-12,A854,Barrel Oil Corp.,B010,25-Jul-05,3-Jul-12,,857.6,800.9,0,0,0,0,171.6,97.1,0,,,,,1-Dec-05,1-Jul-25
ABGP0087898,,Gas Plant Sweet,,00/12-34-056-22W5,53.8843,-117.19375,Peyto Cecilia 12-34 Plant,SUNDANCE,0YA2,Peyto Exploration & Development Corp.,F33606    ,Amended,31-Oct-24,0YA2,Peyto Exploration & Development Corp.,B010,24-Mar-05,31-Oct-24,,"1,800.00",1771,0,0,0,0,42.5,47.2,0,,,,,1-Dec-05,1-Jul-25
ABGP0088035,,Gas Plant Sweet,,00/05-22-020-04W4,50.707012,-110.485011,DIRECT ENERGY ATLEE BUFFALO,ATLEE-BUFFALO,A78E,Scollard Energy Ltd.,F2637     ,Abandoned,19-Jan-23,A79G,Area 2 Energy Ltd.,B020,11-Dec-00,26-Aug-06,,250,,,,,,,,0,,,,,1-Dec-05,1-Apr-07
ABGP0088160,,Gp Acid Gas Flaring,,03/16-14-020-12W4,50.70125,-111.55313,ALTAGAS PRINCESS,PRINCESS,A8C5,Pivotal Energy Partners Inc.,F34290    ,Amended,29-Mar-12,A8C5,Pivotal Energy Partners Inc.,C300,19-Jul-05,29-Mar-12,"Regenerative, Acid Gas Injection, Acid Gas Flaring",566.3,539.4,0,0,0,0,27.6,0,0.98,,,0.02,,1-Feb-06,1-Mar-17
ABGP0088446,,Gp Acid Gas Flaring%,,04/14-23-058-26W5,54.033672,-117.754705,Leland Sweetening 14-23-58-26w5,LELAND,0HE9,Canadian Natural Resources Limited,F32898    ,Amended,3-Aug-06,0HE9,Canadian Natural Resources Limited,D400,23-Dec-04,26-Aug-06,"Regenerative, ACID GAS TO KAYBOB OR","2,550.00",2450,0,0,0,0,0,27,72,,,0,,1-Jan-06,1-Dec-15
ABGP0088508,,Gas Plant Sweet,,00/07-33-090-12W6,56.846944,-119.846111,CLEAR PRAIRIE,CLEAR PRAIRIE,A0TK,AltaGas Ltd.,F35173    ,Abandoned,14-Apr-22,A0TK,AltaGas Ltd.,B010,18-Nov-05,14-Jan-09,,425,421.9,0,0,0,0,16.3,0,0,,,,,1-Feb-06,1-Jul-18
ABGP0088516,,Gas Plant Sweet,,00/09-14-030-27W4,51.5687,-113.6852,LP SOUTH 09-14-030-27 PLANT,LONE PINE CREEK,A1H9,Ember Resources Inc.,F34756    ,Amended,13-Mar-13,A1H9,Ember Resources Inc.,B010,16-Sep-05,13-Mar-13,,262,257,0,0,0,0,25.7,0,0,,,,,1-Feb-06,1-Jul-25
ABGP0088615,,Gas Plant Sweet,,00/13-31-045-13W4,52.927034,-111.884697,IRON CREEK GAS PLANT,KILLAM NORTH,A71K,Axiom Oil and Gas Inc.,F22912    ,Amended,22-Dec-05,A71K,Axiom Oil and Gas Inc.,B010,1-May-01,26-Aug-06,,570,564.64,0,0,0,0,9.5,0,0,,,,,1-Feb-06,1-Jul-12
ABGP0089018,,Gas Plant Sweet,,00/04-21-055-23W5,53.762624,-117.364943,PEYTO WILDHAY 04-21-55-23 W5 GP,SUNDANCE,0YA2,Peyto Exploration & Development Corp.,F34457    ,Amended,3-Jun-19,0YA2,Peyto Exploration & Development Corp.,B010,8-Aug-05,3-Jun-19,,"1,982.00",1966,0,0,0,0,133,430,0,,,,,1-Mar-06,1-Jul-25
ABGP0089265,,Gas Plant Sweet,,00/16-26-047-08W5,53.088674,-115.051168,VERMILION PEMBINA 16-26-047-08W5,PEMBINA,A8K9,Ricochet Oil Corp.,F35123    ,Issued,15-Nov-05,A8K9,Ricochet Oil Corp.,B010,15-Nov-05,26-Aug-06,,283.05,281.2,0,0,0,0,25.2,0,0,,,,,1-Apr-06,1-Jul-25
ABGP0089314,,Gas Plant Sweet,,00/02-30-071-26W5,55.170797,-117.988377,CROOKED CREEK 2-30-71-26W5,KLESKUN,0HE9,Canadian Natural Resources Limited,F35485    ,Amended,11-Apr-08,0HE9,Canadian Natural Resources Limited,B010,5-Jan-06,11-Apr-08,,250,230,0,0,0,0,150,0,0,,,,,1-Apr-06,1-Feb-20
ABGP0089350,,Gas Plant Sweet,,00/01-15-063-25W5,54.446761,-117.68636,TRILOGY DEEP VALLEY 01-15-063-25W5,SIMONETTE,A8T8,HWN Energy Ltd.,F35413    ,Amended,18-Aug-08,A8T8,HWN Energy Ltd.,B010,19-Dec-05,18-Aug-08,,283.2,277.5,0,0,0,0,0,21.4,0,,,,,1-Mar-06,1-Dec-20
ABGP0089584,,Gas Plant Sweet,,00/07-25-062-06W5,54.391389,-114.762361,SANDHILLS GAS PLANT,CORBETT,A73N,N7 Energy Ltd.,F35046    ,Amended,1-Feb-08,A73N,N7 Energy Ltd.,B010,3-Nov-05,1-Feb-08,,"1,700.00",1614,0,0,0,0,26,0,0,,,,,1-Apr-06,1-Jul-25
ABGP0089756,,Gas Plant Sweet,,00/02-29-031-28W4,51.678294,-113.932137,LP WEST 02-29-031-28W4 PLANT,LONE PINE CREEK,A1H9,Ember Resources Inc.,F35540    ,Issued,13-Jan-06,A1H9,Ember Resources Inc.,B010,13-Jan-06,26-Aug-06,,780,725,0,0,0,0,14,0,0,,,,,1-May-06,1-Jul-25
ABGP0089914,,Gas Plant Sweet,,00/05-07-062-06W5,54.347,-114.899861,981405 WEDGE GAS PLANT,CORBETT,A7HE,Tallahassee Exploration Inc.,F35725    ,Amended,27-Jun-08,A7HE,Tallahassee Exploration Inc.,B010,8-Feb-06,27-Jun-08,,510,491,0,0,0,0,3,0,0,,,,,1-May-06,1-Dec-23
ABGP0089955,,Gas Plant Sweet,,00/09-06-061-05W5,54.247972,-114.733056,981405 THUNDER GAS PLANT 9-6-61-5W5,NEERLANDIA,A73N,N7 Energy Ltd.,F35533    ,Issued,12-Jan-06,A73N,N7 Energy Ltd.,B010,12-Jan-06,26-Aug-06,,850,830,0,0,0,0,15,0,0,,,,,1-Jun-06,1-Jul-25
ABGP0090067,,Gas Plant Sweet,,02/13-10-016-09W4,50.33694,-111.171437,Suffield-13-10-016-09 W4M,SUFFIELD,0Z0H,Harvest Operations Corp.,F35627    ,Issued,27-Jan-06,0Z0H,Harvest Operations Corp.,B010,27-Jan-06,26-Aug-06,,56,51.8,0,0,0,0,14.8,0,0,,,,,1-May-06,1-Apr-24
ABGP0090090,,Gas Plant Sweet,,00/07-01-087-11W5,56.511827,-115.603796,HUSKY LUBICON 7-1 GAS PLANT,EVI,0YK4,Surge Energy Inc.,F22710    ,Amended,7-Mar-07,0YK4,Surge Energy Inc.,B010,23-Mar-01,7-Mar-07,,42.5,10,0,0,0,0,10,0,0,,,,,1-May-06,1-May-13
ABGP0090092,,Gp Acid Gas Flaring,,00/13-07-088-12W6,56.623779,-119.912571,CLEAR HILLS GAS PLANT,BOUNDARY LAKE SOUTH,A0TK,AltaGas Ltd.,F36409    ,Abandoned,13-Oct-22,A0TK,AltaGas Ltd.,C300,18-May-06,26-Aug-06,"Regenerative, Acid Gas Flaring",382.3,382.3,,,,,12,,0.52,,,0.51,,1-Aug-06,1-Feb-21
ABGP0090355,,Gas Plant Sweet,,00/16-09-075-04W6,55.488548,-118.545662,WOKING 16-9-75-4W6,WOKING,0HE9,Canadian Natural Resources Limited,F25471    ,Amended,6-Sep-01,0HE9,Canadian Natural Resources Limited,B010,12-Jul-01,26-Aug-06,,185,114.7,,,,,,0.1,0,,,,,,
ABGP0090715,,Gas Plant Sweet,,00/03-03-072-26W5,55.200005,-117.911919,Puskwa 03-03-072-26W5,PUSKWASKAU,0HE9,Canadian Natural Resources Limited,F36036    ,Amended,7-Apr-08,0HE9,Canadian Natural Resources Limited,B010,20-Mar-06,7-Apr-08,,338.63,315.8,0,0,0,0,130.7,1583,0,,,,,1-Aug-06,1-Jul-25
,,,,,,,,,,,,,,,,,,,,,,,,,,,,,,,,,,
ABGP0090799,,Gp Acid Gas Flaring,,00/01-25-076-01W6,55.609316,-118.002073,EAGLESHAM GP 01-25-76-01W6,PEORIA,A517,Long Run Exploration Ltd.,F36436    ,Amended,24-Nov-07,A517,Long Run Exploration Ltd.,B010,24-May-06,24-Nov-07,,679.6,676.77,0,0,0,0,60,171.7,0,,,,,1-Aug-06,1-Jul-25
ABGP0090807,,Gas Plant Sweet,,00/06-24-072-18W5,55.24835,-116.63358,PRAIRIE RIVER GAS PLANT,GILWOOD,A0TK,AltaGas Ltd.,F15136    ,Abandoned,5-Sep-23,A0TK,AltaGas Ltd.,B010,5-Mar-01,26-Aug-06,,566.4,566.4,0,0,0,0,0.9,0,0,,,,,1-Aug-06,1-Jul-23
ABGP0090927,,Gas Plant Sweet,,00/13-34-008-02W5,49.696875,-114.201354,WIN COWLEY 13-34-8-2w5 PLANT,UNDEFINED,A906,Tuktu Resources Ltd.,F31687    ,Amended,23-Feb-23,A906,Tuktu Resources Ltd.,B020,18-May-04,23-Feb-23,,140,,,,,,,,0,,,,,1-Aug-06,1-Jul-25
ABGP0091427,,Gas Plant Sweet,,00/11-21-055-20W5,53.767927,-116.91307,PEYTO NOSEHILL 11-21-55-20 W5 GAS PL,NOSEHILL,0YA2,Peyto Exploration & Development Corp.,F35862    ,Amended,17-Jan-13,0YA2,Peyto Exploration & Development Corp.,B010,28-Feb-06,17-Jan-13,,"3,398.00",3379.3,0,0,0,0,809.4,0,0,,,,,1-Sep-06,1-Jul-25
ABGP0091983,,Gas Plant Sweet,,00/16-30-060-13W5,54.223251,-115.929652,BNP WHITECOURT GAS PLANT 16-30,WHITECOURT,A72X,Outlier Resources Ltd.,F36849    ,Amended,19-Mar-09,A72X,Outlier Resources Ltd.,B010,11-Aug-06,19-Mar-09,,339.8,283.2,0,0,0,0,56.6,0,0,,,,,1-Oct-06,1-May-18
ABGP0092557,,Gas Plant Sweet,,00/10-03-061-07W5,54.247862,-114.960361,CORBETT 10-03-61-07W5M GAS PLANT,CORBETT,A5D1,Whitecap Partnership,F37253    ,Amended,19-Dec-07,A5BE,Whitecap Resources Inc.,B010,20-Oct-06,19-Dec-07,,170,167,0,0,0,0,5.5,0,0,,,,,1-Dec-06,1-Jun-22
ABGP0092867,,Gas Plant Sweet,,00/16-28-038-15W4,52.301328,-112.078398,EOG HALKIRK 16-28-38-15W4 GAS PLANT,PROVOST,A7BT,Karve Energy Inc.,F30847    ,Abandoned,31-Mar-23,A7BT,Karve Energy Inc.,B010,10-Feb-04,26-Aug-06,,140,138,0,0,0,0,2.5,0,0,,,,,1-Dec-06,1-May-18
ABGP0093212,,Gp Acid Gas Inj,,00/06-28-049-11W5,53.255856,-115.555034,IMP WEST PEMBINA ACID GAS INJ,PEMBINA,A0C0,Keyera Energy Ltd.,F11473    ,Amended,8-Apr-19,A0C0,Keyera Energy Ltd.,D400,2-Mar-01,8-Apr-19,"Regenerative, Acid Gas Injection","2,200.00",1900,0,1750,0,0,0,0,7.23,,,0,89.7,,
ABGP0093223,,Gas Plant Sweet,,00/09-16-043-21W4,52.707602,-112.980736,FERINTOSH 9-16-43-21W4,FERINTOSH,0A8E,Shackleton Exploration Ltd.,F32655    ,Amended,20-Dec-06,0A8E,Shackleton Exploration Ltd.,B010,18-Nov-04,20-Dec-06,,424.75,420.6,0,0,0,0,11.7,0,0,,,,,1-Feb-07,1-Jul-25
ABGP0093277,,Gas Plant Sweet,,00/14-01-042-07W5,52.594704,-114.882198,WILLESDEN GREEN GAS PLANT,WILLESDEN GREEN,0BP8,Obsidian Energy Ltd.,F37391    ,Amended,29-Jul-22,0BP8,Obsidian Energy Ltd.,B010,17-Nov-06,29-Jul-22,,700,682,0,0,0,0,95,30,0,,,,,1-Feb-07,1-Jul-25
ABGP0093647,,Gas Plant Sweet,,00/02-21-060-08W6,54.185556,-119.136667,GIBRALTAR CUTPICK 2-21-60-8W6 GP,CUTPICK,A0CZ,Gibraltar Exploration Ltd.,F36745    ,Issued,20-Jul-06,A5BE,Whitecap Resources Inc.,B010,20-Jul-06,26-Aug-06,,565.2,552,0,0,0,0,58.4,104.8,0,,,,,1-Jun-07,1-Nov-07
ABGP0094071,,Gas Plant Sweet,,00/04-36-058-24W5,54.052028,-117.442168,JUPITER GAS PLANT 4-36-58-24W5,BERLAND RIVER,0039,Repsol Oil & Gas Canada Inc.,F37305    ,Issued,31-Oct-06,0YA2,Peyto Exploration & Development Corp.,B010,31-Oct-06,4-Nov-14,,"2,800.00",2800,0,0,0,0,111,0,0,,,,,1-Apr-07,1-Aug-15
ABGP0094290,,Gas Plant Sweet,,00/04-05-041-09W4,52.492731,-111.27403,CHOICE 4-5-041-09W4 GAS PLANT,PROVOST,A7AZ,SanLing Energy Ltd.,F33166    ,Amended,27-Jan-06,A7AZ,SanLing Energy Ltd.,B010,4-Feb-05,26-Aug-06,"Regenerative, Acid Gas Flaring",338,313,0,0,0,0,0,5.4,0,,,0.92,,,
ABGP0094322,,Gas Plant Sweet,,00/12-32-041-20W4,52.5738,-112.8549,BASHAW 12-32-41-20W4 GAS PLANT,BASHAW,A517,Long Run Exploration Ltd.,F38101    ,Amended,19-Nov-10,A517,Long Run Exploration Ltd.,B010,5-Apr-07,19-Nov-10,,283.2,272,0,0,0,0,0,10,0,,,,,1-Apr-07,1-Jul-25
ABGP0094379,,Gas Plant Sweet,,00/01-35-060-05W6,54.225033,-118.625059,Jupiter Kakwa 01-35-060-05W6 GP,CHIME,A573,Tourmaline Oil Corp.,F36627    ,Amended,4-Jan-11,A573,Tourmaline Oil Corp.,B010,27-Jun-06,4-Jan-11,,"1,812.40",1807.2,0,0,0,0,0,254.5,0,,,,,1-May-07,1-Jul-25
ABGP0094382,,Gas Plant Sweet,,00/01-21-063-02W6,54.45995,-118.230532,7G LATOR 01-21-63-02W6 GAS PLANT,KARR,0G30,ARC Resources Ltd.,F37513    ,Amended,2-Oct-20,0G30,ARC Resources Ltd.,B010,18-Dec-06,2-Oct-20,,"2,000.00",1920,0,0,0,0,565,177,0,,,,,1-Jun-07,1-Jul-25
ABGP0094954,,Gas Plant Sweet,,00/08-11-060-03W6,54.171189,-118.329147,Resthaven 8-11-60-3W6 GP,RESTHAVEN,A938,Pembina Gas Infrastructure Inc.,F34129    ,Amended,5-Nov-13,A5A3,Pembina Gas Services Ltd.,B010,21-Jun-05,5-Nov-13,,"8,500.00",7241.9,0,3307.8,0,0,0,1081.3,0,,,,,1-Oct-07,1-Jul-25
ABGP0094957,,Gas Plant Sweet,,00/07-11-060-03W6,54.172778,-118.333056,Encana Resthaven 7-11-60-3W6 GP,RESTHAVEN,A573,Tourmaline Oil Corp.,F25399    ,Amended,5-Jul-12,A573,Tourmaline Oil Corp.,B010,26-Oct-01,5-Jul-12,,570,538,0,0,0,0,0,63,0,,,,,1-Oct-07,1-Oct-14
ABGP0095425,,Gas Plant Sweet,,00/10-28-053-16W5,53.608447,-116.293661,ANGLE EDSON 10-28 GAS PLANT,EDSON,A573,Tourmaline Oil Corp.,F38407    ,Issued,17-Jul-07,A573,Tourmaline Oil Corp.,B010,17-Jul-07,,,165,160,0,0,0,0,47.2,0,0,,,,,1-Sep-07,1-Apr-14
ABGP0095721,,Gas Plant Sweet,,00/16-24-023-17W4,50.977754,-112.239618,GEM 16-24-23-17w4,COUNTESS,0HE9,Canadian Natural Resources Limited,F23286    ,Amended,26-Jul-23,A7NW,Torxen Energy Ltd.,B010,1-May-01,26-Jul-23,,570,567,0,0,0,0,0,1.1,0,,,,,1-Jan-17,1-Jul-25
ABGP0095741,,Gas Plant Sweet,,00/12-15-053-15W5,53.579473,-116.137915,VELVET EDSON 12-15-53-15W5 GAS PLANT,EDSON,A6FW,Vermilion Energy Inc.,F38254    ,Amended,17-Mar-22,A6FW,Vermilion Energy Inc.,B010,29-May-07,17-Mar-22,,"1,274.00",1044,3,0,138,115,322,66,0,,,,,1-Oct-07,1-Jul-25
ABGP0095750,,Gp Acid Gas Flaring,,03/06-26-011-11W4,49.937475,-111.405135,BOW ISLAND 6-26-11-11w4,BOW ISLAND,0HE9,Canadian Natural Resources Limited,F32416    ,Issued,12-Oct-04,0HE9,Canadian Natural Resources Limited,C300,12-Oct-04,26-Aug-06,"Regenerative, Acid Gas Flaring",44.6,14.6,0,0,0,0,21.7,0,0.6,,,0.6,,1-Jan-08,1-Jul-25
ABGP0096078,,Gas Plant Sweet,,00/16-07-029-26W4,51.470558,-113.638431,ALTAGAS ACME,ENTICE,A0TK,AltaGas Ltd.,F38538    ,Amended,26-May-10,A1H9,Ember Resources Inc.,B020,28-Aug-07,26-May-10,,507,,,,,,,,0,,,,,1-Nov-07,1-Nov-07
ABGP0096335,,Gas Plant Sweet,,02/15-07-054-21W5,53.65395,-117.081301,DUVERNAY SUNDANCE GAS PLANT 15-7,SUNDANCE,A573,Tourmaline Oil Corp.,F36433    ,Amended,24-Apr-14,A573,Tourmaline Oil Corp.,B010,24-May-06,24-Apr-14,,"1,999.00",1934,0,0,0,0,0,84,0,,,,,1-Nov-07,1-Jul-25
ABGP0096366,,Gp Acid Gas Flaring%,,00/13-09-055-18W5,53.742857,-116.624472,PINE CREEK 13-9-55-18W5 GAS PLANT,PINE CREEK,A517,Long Run Exploration Ltd.,F38699    ,Amended,21-Jan-08,A517,Long Run Exploration Ltd.,D411,12-Oct-07,21-Jan-08,None,450,,,,,,,,15.73,,,0,,,
ABGP0096897,,Gas Plant Sweet,,00/01-26-073-01W5,55.347402,-114.031153,MARTEN HILLS 1-26-73-1 W5 GAS PLANT,PETER,A8FY,Spoke Resources Ltd.,F38886    ,Amended,25-Sep-09,A8FY,Spoke Resources Ltd.,B040,20-Nov-07,25-Sep-09,,283.17,,,,,,,,0,,,,,1-Jan-08,1-Jan-15
ABGP0096963,,Gas Plant Sweet,,00/13-24-026-12W4,51.239478,-111.562331,Sunnynook 13-24-26-12w4,CESSFORD,0HE9,Canadian Natural Resources Limited,F34295    ,Amended,17-Jul-25,0HE9,Canadian Natural Resources Limited,B020,19-Jul-05,17-Jul-25,,20,,,,,,,,0,,,,,1-Jan-08,1-Feb-16
ABGP0097389,,Gas Plant Sweet,,00/06-16-064-21W5,54.534361,-117.117995,TRILOGY SMOKY RIVER 06-16 GPL,TONY CREEK NORTH,A5D1,Whitecap Partnership,F38961    ,Amended,29-Mar-22,A5BE,Whitecap Resources Inc.,B010,5-Dec-07,29-Mar-22,,433.9,249.73,0,0,0,0,32.7,0,0,,,,,1-Mar-08,1-Jul-25
ABGP0097445,,Gas Plant Sweet,,00/10-24-056-21W5,53.855595,-116.983662,DUVERNAY OLDMAN GAS PLANT 10-24,SUNDANCE,A573,Tourmaline Oil Corp.,F37117    ,Amended,26-Sep-17,A573,Tourmaline Oil Corp.,B010,25-Sep-06,26-Sep-17,None,"1,062.00",1036,0,0,0,0,0,48,0,,,,,1-Mar-08,1-Jul-25
ABGP0097476,,Gas Plant Sweet,,00/08-25-096-10W6,57.357218,-119.466991,BONAVISTA CHINCHAGA 08-25,HAMBURG,A7LX,Direct Oil & Gas Inc.,F38618    ,Issued,24-Sep-07,A7LX,Direct Oil & Gas Inc.,B010,24-Sep-07,,,113.28,113.28,0,0,0,0,0,10,0,,,,,1-Apr-08,1-Feb-20
ABGP0097699,,Gas Plant Sweet,,00/09-34-053-20W5,53.621588,-116.854008,Galloway 9-34-53-20W5 Gasplant,ANSELL,0YA2,Peyto Exploration & Development Corp.,F37670    ,Amended,22-Aug-17,0YA2,Peyto Exploration & Development Corp.,B010,17-Jan-07,22-Aug-17,,"1,700.00",1691,0,0,0,0,22,66.4,0,,,,,1-Mar-08,1-Jul-18
ABGP0098003,,Gas Plant Sweet,,00/09-30-054-27W4,53.69486,-113.96444,HUSKY 09-30 ABGP,ATIM,A5D4,Cenovus Energy Inc.,F12435    ,Abandoned,14-Nov-24,A5D4,Cenovus Energy Inc.,B010,1-Mar-01,,,140.9,,,,,,,,,,,,,1-May-08,1-Jul-17
ABGP0098419,,Gas Plant Sweet,,00/06-22-041-26W4,52.542574,-113.663713,GOLDEN ROD 6-22-41-26W4,LACOMBE,0Y9X,Goldenrod Resources Inc.,F38695    ,Issued,11-Oct-07,0Y9X,Goldenrod Resources Inc.,B010,11-Oct-07,,,57,56.02,0,0,0,0,0,0.7,0,,,,,1-Jan-08,1-Feb-08
ABGP0098480,,Gas Plant Sweet,,02/05-14-039-05W5,52.35491,-114.625288,KEYERA WILLESDEN 5-14 REFRIDGE PLANT,WILLESDEN GREEN,A0C0,Keyera Energy Ltd.,F39544    ,Amended,24-Nov-14,A0C0,Keyera Energy Ltd.,B010,29-Apr-08,24-Nov-14,,285,284.72,0,0,6,0,0,0,0,,,,,1-Jul-08,1-May-19
ABGP0098678,,Gp Acid Gas Flaring,,00/10-19-086-11W6,56.474459,-119.723161,Boundary Lake Central 10-19 GP,HILL,A73W,Enercapita Energy Ltd.,F39494    ,Amended,28-Sep-11,A73W,Enercapita Energy Ltd.,C300,15-Apr-08,28-Sep-11,"Regenerative, Acid Gas Flaring",66.5,62.8,,,,,,,0.99,,,0.99,,1-Aug-08,1-Jun-23
ABGP0098890,,Gas Plant Sweet,,00/16-23-054-17W5,53.683141,-116.390083,VERO PINE CREEK 16-23-54-17W5 GP,EDSON,A6FW,Vermilion Energy Inc.,F39801    ,Amended,9-Sep-13,A6FW,Vermilion Energy Inc.,B020,24-Jul-08,9-Sep-13,,507,,,,,,,,0,,,,,1-Aug-08,1-May-11
ABGP0099099,,Gas Plant Sweet,,00/04-08-018-18W4,50.499873,-112.454934,ENDEV EYEMORE,EYREMORE,A74H,Houston Oil & Gas Ltd.,F2405     ,Amended,20-Jun-08,A74H,Houston Oil & Gas Ltd.,B010,6-Mar-01,20-Jun-08,,141.58,139.55,0,0,0,0,9.2,0,0,,,,,1-Sep-08,1-Feb-20
ABGP0099238,,Gas Plant Sweet,,00/01-24-045-08W4,52.88733,-111.020482,BATTLE 1-24-45-8 W4,VIKING-KINSELLA,A7BY,Cleo Energy Corp.,F28630    ,Abandoned,29-Jun-17,A7BY,Cleo Energy Corp.,B010,20-Mar-03,25-Sep-06,,56,23,561.2,0,0,0,0.5,0,0,,,,,1-Oct-08,1-Apr-16
ABGP0099610,,Gas Plant Sweet,,00/11-27-022-04W4,50.901965,-110.342678,BINDLOSS NORTH GAS PLANT,BINDLOSS,A2TG,TAQA North Ltd.,F21978    ,Amended,16-Aug-02,A2TG,TAQA North Ltd.,B010,5-Mar-01,18-Jun-07,,10,95,0,0,0,0,0.1,0,0,0,,,,1-Oct-08,1-Jul-25
ABGP0099613,,Gas Plant Sweet,,00/11-20-022-03W4,50.887351,-110.388778,BINDLOSS SOUTH GAS PLANT,BINDLOSS,A2TG,TAQA North Ltd.,F21988    ,Amended,16-Aug-02,A2TG,TAQA North Ltd.,B010,5-Mar-01,26-Aug-06,,10,95,0,0,0,0,0.1,0,0,0,,,,1-Oct-08,1-Jul-25
ABGP0101007,,Gas Plant Sweet,,00/05-33-008-22W4,49.689639,-112.934511,BONAVISTA KIPP 5-33 GAS PLANT,PENNY,A9AX,Sharptail Energy Inc,F21589    ,Issued,1-Mar-01,A9AX,Sharptail Energy Inc,B010,1-Mar-01,,,239.7,,,,,,,,,,,,,1-Mar-09,1-Jul-25
ABGP0102810,,Gas Plant Sweet,,00/09-29-055-16W4,53.781507,-112.334945,ECA WILDON GP 9-29-055-16W4,WILLINGDON,0Z5F,Sequoia Resources Corp.,F32438    ,Amended,21-Nov-08,0Z5F,Sequoia Resources Corp.,B010,15-Oct-04,21-Nov-08,,370,369.4,0,0,0,0,0,1.9,0,,,,,1-Jun-09,1-Jul-09
ABGP0103480,,Gp Acid Gas Flaring,,02/12-29-091-12W5,56.924768,-115.904068,MBOG SAWN LAKE 12-29-91-12W5 GP,SAWN LAKE,0YK4,Surge Energy Inc.,F38601    ,Amended,16-Jul-12,0YK4,Surge Energy Inc.,C300,19-Sep-07,30-Oct-14,"Regenerative, Acid Gas Flaring",85,70.8,,0,,,90,0,0.58,,,0.58,,1-Jul-09,1-Jul-25
ABGP0104350,,Gas Plant Sweet,,00/13-19-032-01W4,51.765282,-110.146552,PENNWEST ESTHER,ESTHER,0BP8,Obsidian Energy Ltd.,F23737    ,Amended,13-Feb-18,0BP8,Obsidian Energy Ltd.,B010,1-May-01,13-Feb-18,,453,435.1,0,0,0,0,40,0,0,,,,,1-Oct-09,1-Jul-25
,,,,,,,,,,,,,,,,,,,,,,,,,,,,,,,,,,
ABGP0104557,,Gp Acid Gas Flaring,,04/12-30-036-04W4,52.122821,-110.572528,SOUNDING LAKE 12-30 GAS PLANT,PROVOST,0YK4,Surge Energy Inc.,F40715    ,Issued,28-Apr-09,0YK4,Surge Energy Inc.,C300,28-Apr-09,,"Regenerative, Acid Gas Flaring",21.06,11.14,,,,,,,0.99,,,0.99,,1-Oct-09,1-Jul-25
ABGP0105487,,Gas Plant Sweet,,00/11-31-111-04W6,58.683357,-118.666297,PENNWEST SOUSA,RAINBOW,0BP8,Obsidian Energy Ltd.,F18053    ,Abandoned,29-Jan-25,0BP8,Obsidian Energy Ltd.,B010,16-Feb-01,8-Dec-09,,105,105,0,0,0,0,0.2,0,0,,,,,1-Dec-09,1-Mar-19
ABGP0105488,,Gas Plant Sweet,,00/11-33-104-05W6,58.073125,-118.763643,PENNWEST HARO,HARO,0BP8,Obsidian Energy Ltd.,F17780    ,Amended,10-Dec-09,0BP8,Obsidian Energy Ltd.,B010,1-May-01,10-Dec-09,,70,70,0,0,0,0,1,0,0,,,,,1-Dec-09,1-Mar-19
ABGP0105489,,Gas Plant Sweet,,00/12-23-107-06W6,58.304613,-118.888765,PENNWEST LENNARD,RAINBOW,0BP8,Obsidian Energy Ltd.,F28629    ,Abandoned,4-Mar-24,0BP8,Obsidian Energy Ltd.,B010,20-Mar-03,26-Aug-06,,283,268,,,,,,6.5,0,,,,,1-Dec-09,1-Feb-20
ABGP0106663,,Gp Acid Gas Inj,,03/03-22-078-12W6,55.7686,-119.7748,PCS 03-22-078-12W6 GP ABGP 0106663,POUCE COUPE SOUTH,A12R,Birchcliff Energy Ltd.,F40702    ,Amended,12-May-23,A12R,Birchcliff Energy Ltd.,D400,17-Apr-09,12-May-23,"Regenerative, Acid Gas Injection","9,617.50",9236.8,,,,,650,1564.8,195.3,,,0,98.3,1-Mar-10,1-Jul-25
ABGP0106720,,Gas Plant Frac,,00/09-27-031-04W5,51.685831,-114.474279,HARMATTAN FRACTIONATION,HARMATTAN-ELKTON,A0TK,AltaGas Ltd.,F4285     ,Amended,7-Sep-22,A0TK,AltaGas Ltd.,D400,1-May-01,7-Sep-22,"Regenerative, Acid Gas Injection, Acid Gas Flaring","13,897.60",11224,3922.2,0,2475.9,1376.7,1907.8,1751,49.99,,,0.04,95.9,1-Jan-12,1-Jul-25
ABGP0106875,,Gas Plant Sweet,,02/11-21-033-27W4,51.845881,-113.772367,981384 WIMBORNE 11-21-33-27W4 GP,STEWART,A1H9,Ember Resources Inc.,F35093    ,Amended,12-Nov-08,A1H9,Ember Resources Inc.,B010,11-Nov-05,12-Nov-08,,566,565.2,0,0,0,0,5.3,0,0,,,,,1-Feb-10,1-Jul-25
ABGP0107835,,Gp Acid Gas Inj,,00/05-02-076-12W6,55.55405,-119.7554,AAV Glacier 05-02-076-12W6 GP,POUCE COUPE SOUTH,0TD9,Advantage Energy Ltd.,F40420    ,Amended,25-Sep-23,0TD9,Advantage Energy Ltd.,D400,9-Jan-09,25-Sep-23,"Regenerative, Acid Gas Injection","12,035.00",11250,,,,,550,600,49.68,,,0,95.9,1-Mar-10,1-Jul-25
ABGP0110241,,Gas Plant Sweet,,00/02-15-026-03W4,51.213275,-110.339498,ALTAGAS ACADIA WEST GAS PLANT,CAPRON,A0TK,AltaGas Ltd.,F23363    ,Abandoned,28-Jun-23,A0TK,AltaGas Ltd.,B010,1-May-01,4-Jun-10,,141.58,141.54,0,0,0,0,0,0.1,0,,,,,1-Jun-10,1-Jan-19
ABGP0110251,,Gas Plant Sweet,,02/13-15-081-09W5,56.025639,-115.325667,CELTIC UTIKUMA GP 13-15-81-09W5,NIPISI,A7XK,Blue Sky Resources Ltd.,F41982    ,Issued,6-Jul-10,A7XK,Blue Sky Resources Ltd.,B010,6-Jul-10,,,3.5,2,0,0,0,0,2,0,0,,,,,1-Apr-10,1-Oct-16
ABGP0110804,,Gp Acid Gas Flaring,,02/06-18-072-07W5,55.234501,-115.070193,BLACKPEARL MOONEY GAS PLANT,MOONEY,A868,Ipc Canada Ltd.,F39875    ,Issued,15-Aug-08,A868,Ipc Canada Ltd.,B010,15-Aug-08,,,155,150,0,0,0,0,0,0,0,,,,,1-Jul-10,1-Jul-25
ABGP0110886,,Gas Plant Sweet,,00/16-28-094-18W5,57.189958,-116.823106,DARWIN 16-28-94-18 GP,DARWIN,0RL9,Baytex Energy Ltd.,F17600    ,Amended,18-Jan-07,0RL9,Baytex Energy Ltd.,B010,23-Jan-01,18-Jan-07,,169.9,165.99,0,0,0,0,0,0,0,,,,,1-Jul-10,1-May-18
ABGP0111570,,Gas Plant Sweet,,00/06-32-051-25W5,53.443028,-117.655402,Tourmaline Hinton 06-32 Gas Plant,HINTON,A573,Tourmaline Oil Corp.,F42007    ,Amended,4-Jan-13,A573,Tourmaline Oil Corp.,B010,14-Jul-10,4-Jan-13,,"1,415.84",1355,0,0,0,0,0,63,0,,,,,1-Sep-10,1-Jul-25
ABGP0112787,,Gas Plant Sweet,,00/16-01-048-13W4,53.114306,-111.765084,Twin Butte Viking GP 16-01-48-13W4,VIKING-KINSELLA,A7H7,West Lake Energy Corp.,F29993    ,Abandoned,19-Dec-23,A8RK,Caltex Trilogy Inc.,B010,30-Sep-03,4-Aug-10,,169,164,0,0,0,0,7,0,0,,,,,1-Nov-10,1-Nov-17
ABGP0113730,,Gas Plant Sweet,,00/13-01-081-23W4,55.995655,-113.475738,SOUTH BRINTNELL 13-01-81-23W4,BRINTNELL,0HE9,Canadian Natural Resources Limited,F16653    ,Amended,21-Sep-12,0HE9,Canadian Natural Resources Limited,C300,1-May-01,21-Sep-12,Nonregenerative,200,187.7,,,,,,6.3,0.03,,,0,,1-Mar-17,1-Jul-25
ABGP0113988,,Gas Plant Sweet,,00/13-04-037-25W4,52.156791,-113.523271,Hillsdown LP gas gathering system,THREE HILLS CREEK,0HE9,Canadian Natural Resources Limited,F6099     ,Amended,17-Oct-07,0HE9,Canadian Natural Resources Limited,B010,5-Dec-00,17-Oct-07,,620,583,0,0,0,0,51,0,0,,,,,,
ABGP0113989,,Gas Plant Sweet,,00/13-04-037-25W4,52.156791,-113.523271,14-04 Scada Meter GGS,THREE HILLS CREEK,0HE9,Canadian Natural Resources Limited,F6099     ,Amended,17-Oct-07,0HE9,Canadian Natural Resources Limited,B010,5-Dec-00,17-Oct-07,,620,583,0,0,0,0,51,0,0,,,,,,
ABGP0114466,,Gas Plant Sweet,,00/14-05-019-24W4,50.585196,-113.296954,BRANTFARROW 14-05-019-24W4 GAS PLANT,HERRONTON,A2TG,TAQA North Ltd.,F2580     ,Issued,19-Mar-01,A2TG,TAQA North Ltd.,B010,19-Mar-01,26-Aug-06,,283.1,282.4,0,0,0,0,0,0,,0,,,,1-Feb-11,1-Jun-19
ABGP0115041,,Gas Plant Sweet,,00/04-30-094-12W6,57.178262,-119.926697,HAMBURG 4-30-94-12W6,MEARON,0HE9,Canadian Natural Resources Limited,F26766    ,Amended,25-Feb-03,0HE9,Canadian Natural Resources Limited,C310,6-Feb-02,26-Aug-06,None,128,,,,,,,,0.7,,,,,,
ABGP0115356,,Gas Plant Sweet,,00/15-12-050-21W5,53.308203,-116.937841,BANSHEE 15-12 GAS PLANT,BASING,A573,Tourmaline Oil Corp.,F41357    ,Amended,7-Apr-17,A573,Tourmaline Oil Corp.,B010,21-Jan-10,7-Apr-17,,"3,823.00",3823,0,0,0,0,8.9,470.8,0,,,,,1-Apr-11,1-Jul-25
ABGP0115599,,Gp Acid Gas Flaring,,02/04-29-014-10W4,50.196736,-111.344476,CYPRESS 4-29-14-10w4,ALDERSON,0HE9,Canadian Natural Resources Limited,F42955    ,Amended,24-Nov-17,0HE9,Canadian Natural Resources Limited,C300,21-Mar-11,24-Nov-17,"Regenerative, Acid Gas Flaring",25,20.7,,,,,,,0.95,,,0.95,,1-Apr-11,1-Jul-25
ABGP0115771,,Gas Plant Sweet,,00/05-29-055-19W5,53.7775,-116.797222,MARLBORO 05-29 GAS PLANT,PINE CREEK,A573,Tourmaline Oil Corp.,F42367    ,Amended,28-Dec-11,A573,Tourmaline Oil Corp.,B010,22-Oct-10,28-Dec-11,,"1,700.00",1674,0,0,0,0,224,0,0,,,,,1-May-11,1-Jul-25
ABGP0116752,,Gas Plant Sweet,,00/07-20-053-15W5,53.590983,-116.170105,Angle Rosevear 07-20-053-15W5 Plant,EDSON,A573,Tourmaline Oil Corp.,F31888    ,Amended,9-May-11,A573,Tourmaline Oil Corp.,B010,23-Jun-04,9-May-11,,520,503.12,0,0,0,0,154.7,0,0,,,,,1-Aug-11,1-Jul-13
ABGP0117576,,Gp Acid Gas Inj,,00/03-03-081-13W6,55.985143,-119.944951,POUCE COUPE,POUCE COUPE,A0TK,AltaGas Ltd.,F16760    ,Amended,11-Jan-10,A0TK,AltaGas Ltd.,D400,2-Mar-01,4-Feb-10,"Regenerative, Acid Gas Injection",707,689.9,0,0,0,0,0,14.1,17.25,,,0,95.9,1-Sep-11,1-Aug-20
ABGP0117818,,Gas Plant Sweet,,00/01-09-051-24W5,53.383818,-117.467335,Anderson GP 00/01-09-051-24W5M,ANDERSON,A573,Tourmaline Oil Corp.,F40185    ,Amended,15-Jun-17,A573,Tourmaline Oil Corp.,B010,6-Nov-08,15-Jun-17,,"1,699.00",701.7,0,0,0,0,29.5,0,0,,,,,1-Sep-11,1-Jul-25
ABGP0118855,,Gas Plant Sweet,,00/08-13-063-05W6,54.44881,-118.607722,PGS KAKWA RIVER 08-13,KAKWA,A938,Pembina Gas Infrastructure Inc.,F42793    ,Amended,10-Aug-16,A5A3,Pembina Gas Services Ltd.,C300,14-Feb-11,10-Aug-16,"Regenerative, Acid Gas Flaring","7,787.26",6423.23,0,0,0,0,3538,3137.7,0.99,,,0.99,,1-Dec-11,1-Jul-25
ABGP0119271,,Gas Plant Sweet,,02/08-13-062-06W6,54.361877,-118.755995,MUSREAU GP 02/08-13-062-06W6M,KAKWA,A573,Tourmaline Oil Corp.,F41512    ,Amended,2-Apr-12,A573,Tourmaline Oil Corp.,B010,2-Mar-10,2-Apr-12,,"1,415.84",1319.7,0,0,0,0,63.8,294.6,0,,,,,1-Dec-11,1-Jul-25
ABGP0119546,,Gas Plant Sweet,,00/10-02-077-05W5,55.644884,-114.657841,WMAR 10-02-077-05W5 GAS PLANT,MARTEN,A04N,Tamarack Valley Energy Ltd.,F15974    ,Amended,20-Dec-22,A04N,Tamarack Valley Energy Ltd.,B010,28-Feb-01,20-Dec-22,"Regenerative, Acid Gas Flaring","1,359.00",1359,0,0,0,0,0,78.9,0,,,,,1-Dec-11,1-Jul-25
ABGP0119547,,Gas Plant Sweet,,00/16-36-080-25W4,55.980607,-113.765179,HOOLE,HOOLE,A74Y,Tidewater Midstream and Infrastructure Ltd.,F16504    ,Amended,25-Jan-07,A74Y,Tidewater Midstream and Infrastructure Ltd.,C300,28-Feb-01,25-Jan-07,,400,369,,,,,,,0.2,,,0.2,,,
ABGP0119690,,Gp Acid Gas Flaring,,00/16-36-080-25W4,55.980607,-113.765179,HOOLE S 16-36-080-25W4 GAS PLANT,HOOLE,A74Y,Tidewater Midstream and Infrastructure Ltd.,F16504    ,Amended,25-Jan-07,A74Y,Tidewater Midstream and Infrastructure Ltd.,C300,28-Feb-01,25-Jan-07,,400,369,,,,,,,0.2,,,0.2,,1-Dec-11,1-Jul-18
ABGP0119722,,Gas Plant Sweet,,00/12-25-062-04W5,54.394146,-114.473633,12-25-062-04W5 Gas Plant,FORT ASSINIBOINE,A7XK,Blue Sky Resources Ltd.,F13821    ,Abandoned,10-Jun-22,A7XK,Blue Sky Resources Ltd.,B040,1-May-01,26-Aug-06,,113.3,,,,,,,,0,,,,,1-Mar-12,1-Mar-18
ABGP0119754,,Gas Plant Sweet,,00/15-14-028-01W5,51.400117,-114.0313,Cross Alta Gas Plant,CROSSFIELD EAST,0NPM,TransCanada Energy Ltd.,F43616    ,Amended,14-Nov-11,0NPM,TransCanada Energy Ltd.,B010,23-Sep-11,14-Nov-11,,"19,827.00",19766,0,0,0,0,290,0,0,,,,,1-Dec-11,1-Jul-25
ABGP0119968,,Gp Acid Gas Flaring,,02/03-18-022-16W4,50.865161,-112.214221,Pennwest Countess,COUNTESS,A6A7,Cardinal Energy Ltd.,F44222    ,Amended,11-Jul-12,A6A7,Cardinal Energy Ltd.,C300,31-Jan-12,11-Jul-12,"Regenerative, Acid Gas Flaring",30,27.9,,,,,,,0.41,,,0.41,,1-Feb-12,1-Sep-24
ABGP0119984,,Gp Acid Gas Flaring,,00/07-16-098-05W6,57.500935,-118.740465,Botha 7-16-98-5W6,BOTHA,0HE9,Canadian Natural Resources Limited,F21498    ,Abandoned,30-Sep-21,0HE9,Canadian Natural Resources Limited,C300,1-Mar-01,16-Jan-12,"Regenerative, Acid Gas Flaring, CO2 removal to LP flare",450,439.5,,,,,,,0.12,,,0.12,,1-Jan-12,1-Jul-19
ABGP0120344,,Gas Plant Sweet,,02/10-07-067-24W5,54.786389,-117.6475,10-7 Gas Processing Plant,ANTE CREEK NORTH,0G30,ARC Resources Ltd.,F43131    ,Issued,17-May-11,0G30,ARC Resources Ltd.,C300,17-May-11,,Nonregenerative,"1,136.70",813.1,,,,,203.7,178.4,0.09,,,0,,1-Feb-12,1-Jul-25
ABGP0120365,,Gp Acid Gas Flaring,,00/02-26-068-25W5,54.910328,-117.69635,Sturgeon Lake Gas Plant,ANTE CREEK NORTH,0G30,ARC Resources Ltd.,F14790    ,Amended,26-Oct-18,0G30,ARC Resources Ltd.,C300,23-Nov-00,26-Oct-18,"Regenerative, Acid Gas Flaring","1,648.30",1579,0,0,0,0,137.1,0,0.93,,,0.92,,1-Feb-12,1-Jul-25
ABGP0121326,,Gas Plant Sweet,,02/12-31-053-19W5,53.622957,-116.799206,Open Range Ansell 12-31 Gas Plant,ANSELL,0YA2,Peyto Exploration & Development Corp.,F43928    ,Amended,15-Jan-18,0YA2,Peyto Exploration & Development Corp.,B010,18-Nov-11,15-Jan-18,,"3,397.00",3267.3,0,0,0,0,208.3,102.1,0,,,,,1-Mar-12,1-Jul-25
ABGP0121540,,Gp Acid Gas Flaring,,00/12-24-110-08W6,58.565182,-119.195747,ALTAGAS RAINBOW LAKE GAS PLANT,RAINBOW,A0TK,AltaGas Ltd.,F18025    ,Abandoned,28-Jan-21,A0TK,AltaGas Ltd.,C300,1-May-01,13-Mar-12,"Regenerative, Acid Gas Flaring","1,132.00",1027,0,0,0,0,63.2,40,0.95,,,0.95,,1-Aug-12,1-Oct-14
ABGP0122937,,Gas Plant Frac,,03/02-18-052-11W5,53.484825,-115.60479,Tervita Granada Frac Plant,CARROT CREEK,A267,Secure Waste Infrastructure Corp.,F31885    ,Issued,23-Jun-04,A267,Secure Waste Infrastructure Corp.,B011,23-Jun-04,26-Aug-06,,0,0,0,11.7,0,0,0,108.3,0,0,,,,1-Aug-12,1-Oct-19
ABGP0123090,,Gp Acid Gas Inj,,00/16-31-078-11W6,55.808513,-119.683193,GORDONDALE GAS PLANT,GORDONDALE,A12R,Birchcliff Energy Ltd.,F43105    ,Amended,11-Apr-23,A0TK,AltaGas Ltd.,D400,6-May-11,11-Apr-23,"Regenerative, Acid Gas Injection","4,265.49",3810.45,,1582.8,,,,1320.9,9.26,,,0,89.7,1-Aug-12,1-Jul-25
ABGP0126279,,Gas Plant Sweet,,00/12-36-057-23W5,53.971973,-117.293449,SATURN GAS PLANT,SUNDANCE,A938,Pembina Gas Infrastructure Inc.,F44432    ,Amended,6-Sep-13,A5A3,Pembina Gas Services Ltd.,B010,6-Mar-12,6-Sep-13,,"12,400.00",10661,0,5417.7,0,0,0,0,0,,,,,1-Aug-13,1-Jul-25
ABGP0126524,,Gp Acid Gas Flaring%,,00/04-13-002-29W4,49.119319,-113.761804,LOOKOUT BUTTE 04-13,LOOKOUT BUTTE,A7X9,Loyal Energy (canada) Operating Ltd.,F33       ,Amended,20-Sep-04,A7X9,Loyal Energy (canada) Operating Ltd.,D400,6-Mar-01,26-Aug-06,"None, No acid gas stream",425,134.7,0,0,0,0,0,46.9,25,0,,,,1-Jan-13,1-Jul-25
ABGP0127090,,Gas Plant Sweet,,00/05-17-057-21W4,53.925314,-113.096744,RAMPARTS 05-17-57-21W4 GP,REDWATER,A517,Long Run Exploration Ltd.,F34327    ,Amended,4-Mar-13,A517,Long Run Exploration Ltd.,B010,25-Jul-05,4-Mar-13,,145,139,0,0,0,0,5,0,0,,,,,1-Apr-13,1-Jul-25
ABGP0128196,,Gas Plant Sweet,,00/10-29-104-02W6,58.05842,-118.286633,HARO #1,BOYER,A7AZ,SanLing Energy Ltd.,F17774    ,Issued,1-Mar-01,A7AZ,SanLing Energy Ltd.,B010,1-Mar-01,26-Aug-06,,181,,,,,,,,,,,,,1-Sep-13,1-Oct-22
,,,,,,,,,,,,,,,,,,,,,,,,,,,,,,,,,,
ABGP0128197,,Gas Plant Sweet,,00/10-29-106-05W6,58.233086,-118.78434,HARO #3,RAINBOW,A7HE,Tallahassee Exploration Inc.,F22065    ,Amended,22-Oct-14,A7HE,Tallahassee Exploration Inc.,B010,1-Mar-01,6-May-14,,31,30.51,0,0,0,0,0,0.3,0,,,,,1-Sep-13,1-Oct-19
ABGP0128198,,Gas Plant Sweet,,00/09-28-103-04W6,57.97136,-118.583546,HARO #4,HARO,A7AZ,SanLing Energy Ltd.,F17771    ,Issued,1-Mar-01,A7AZ,SanLing Energy Ltd.,B010,1-Mar-01,,,150,,,,,,,,,,,,,1-Sep-13,1-Dec-14
ABGP0129178,,Gas Plant Sweet,,00/06-12-044-13W5,52.777481,-115.756672,PEYTO BRAZEAU 06-12-044-13W5 GAS,BRAZEAU RIVER,0YA2,Peyto Exploration & Development Corp.,F46233    ,Amended,7-Sep-17,0YA2,Peyto Exploration & Development Corp.,B010,10-Jul-13,7-Sep-17,,"4,270.00",4255.89,0,0,0,0,61.5,100.6,0,,,,,1-Nov-13,1-Jul-25
ABGP0129179,,Gas Plant Sweet,,03/14-17-055-21W5,53.758072,-117.08979,PEYTO OLDMAN NORTH 3/14-17-55-21W5GP,SUNDANCE,0YA2,Peyto Exploration & Development Corp.,F46183    ,Amended,21-Apr-20,0YA2,Peyto Exploration & Development Corp.,B010,18-Jun-13,21-Apr-20,,"2,718.00",2592,0,0,0,0,77.8,53.2,0,,,,,1-Nov-13,1-Jul-25
ABGP0129279,,Gas Plant Sweet,,00/01-34-051-18W5,53.44012,-116.556924,ANSELL 01-34 GAS PLANT,EDSON,A573,Tourmaline Oil Corp.,F44235    ,Amended,4-Jul-17,A573,Tourmaline Oil Corp.,B010,1-Feb-12,4-Jul-17,,"1,841.00",1841,0,0,0,0,120,0,0,,,,,1-Oct-13,1-Jul-25
ABGP0130963,,Gp Acid Gas Flaring%,,00/15-07-060-18W5,54.179475,-116.685839,Kaybob 15-07 Gas Plant,KAYBOB SOUTH,A5BE,Whitecap Resources Inc.,F23620    ,Amended,26-Jun-20,A5BE,Whitecap Resources Inc.,D400,1-May-01,26-Jun-20,"Regenerative, TRANSPORT OFFSITE VIA PIPELINE","4,672.00",4531,,,,,819,2941,50,,,0,,,
ABGP0130964,,Gp Acid Gas Flaring%,,00/15-07-060-18W5,54.179475,-116.685839,Kaybob 15-07 Gas Plant,KAYBOB SOUTH,A5BE,Whitecap Resources Inc.,F23620    ,Amended,26-Jun-20,A5BE,Whitecap Resources Inc.,D400,1-May-01,26-Jun-20,"Regenerative, TRANSPORT OFFSITE VIA PIPELINE","4,672.00",4531,,,,,819,2941,50,,,0,,1-Jul-14,1-Jul-25
ABGP0131384,,Gp Acid Gas Flaring,,00/04-22-017-14W4,50.443428,-111.858226,CENOVUS LAKE NEWELL 04-22 GAS PLANT,NEWELL,0HE9,Canadian Natural Resources Limited,F23245    ,Amended,8-Nov-02,A7NW,Torxen Energy Ltd.,B010,1-May-01,26-Aug-06,,420,419.8,0,0,0,0,0.6,1.2,0,0,,,,1-Feb-14,1-Nov-17
ABGP0131712,,Gas Plant Sweet,,00/15-27-054-14W5,53.699813,-115.974587,Iberdrola 15-27 Gas Plant,CARROT CREEK,0Z2W,ATCO Next Energy Ltd.,F12450    ,Amended,13-Mar-14,0Z2W,ATCO Next Energy Ltd.,B010,23-Mar-01,13-Mar-14,,"14,158.00",14152,0,0,0,0,0,100,0,,,,,1-Mar-14,1-Jul-25
ABGP0132407,,Gas Plant Sweet,,00/05-31-062-24W5,54.403981,-117.597928,Kaybob 5-31 Gas Plant,WASKAHIGAN,A8NW,Kiwetinohk Energy Corp.,F44202    ,Amended,28-Sep-22,A8NW,Kiwetinohk Energy Corp.,B010,26-Jan-12,28-Sep-22,,"1,274.00",1224.6,0,0,0,0,164.3,733.1,0,,,,,1-Apr-14,1-Jul-25
ABGP0133259,,Gas Plant Sweet,,00/15-31-062-21W5,54.41225,-117.135836,PCC Simonette 15-31-62-21w5 GP,KAYBOB SOUTH,A6G6,Petrochina Duvernay Gas Partnership,F46666    ,Amended,18-Sep-19,A5LH,PetroChina Canada Ltd.,B010,25-Oct-13,18-Sep-19,,"3,115.00",2736,0,0,0,0,711.6,2118,0,,,,,1-Jul-14,1-Jul-25
ABGP0134386,,Gp Acid Gas Inj,,00/09-17-122-20W5,59.599736,-117.397725,STEEN RIVER 9-17 ACID GAS INJ PLANT,DIZZY,A7HE,Tallahassee Exploration Inc.,F18650    ,Amended,28-Oct-13,A7HE,Tallahassee Exploration Inc.,D400,2-Mar-01,28-Oct-13,"Regenerative, Acid Gas Injection","1,272.00",1225,,,,,0,45,34.4,,,0,95.9,1-Sep-14,1-Oct-23
ABGP0134471,,Gp Acid Gas Flaring,,02/03-07-056-26W4,53.81864,-113.86041,Spartan Alexander Gas Plant,ALEXANDER,A6FW,Vermilion Energy Inc.,F41960    ,Issued,29-Jun-10,A6FW,Vermilion Energy Inc.,C300,29-Jun-10,,"Regenerative, Acid Gas Flaring",113.28,113.28,0,0,0,0,0,0,0.25,,,0.25,,1-Sep-14,1-Jul-25
ABGP0134628,,Gas Plant Sweet,,00/09-26-062-06W6,54.392827,-118.777351,MUSREAU II  9-26-62-6W6,KAKWA,A938,Pembina Gas Infrastructure Inc.,F46406    ,Amended,23-Jan-15,A5A3,Pembina Gas Services Ltd.,B010,21-Aug-13,23-Jan-15,,"6,218.00",6191,0,600,0,0,0,1000,0,,,,,1-Dec-14,1-Jul-25
ABGP0134673,,Gp Acid Gas Flaring,,02/03-26-069-05W6,54.997786,-118.652027,Spartan Gold Creek 03-26-069-05W6,ELMWORTH,A5D1,Whitecap Partnership,F46334    ,Amended,10-Dec-24,A5BE,Whitecap Resources Inc.,D400,6-Aug-13,10-Dec-24,"Regenerative, INTO PIPELINE","2,650.00",2266,,,,,0,,196.96,,,0,,1-Oct-14,1-Jul-25
ABGP0134834,,Gp Acid Gas Inj,,00/06-32-122-02W6,59.63916,-118.306,BISTCHO LAKE 6-32 ACID GAS INJECTION,BISTCHO,A7HE,Tallahassee Exploration Inc.,F18660    ,Amended,27-Apr-17,A7HE,Tallahassee Exploration Inc.,D400,1-May-01,2-Aug-16,"Regenerative, Acid Gas Injection",475,450,0,0,0,0,0,20,9.9,,,0,95.9,1-Oct-14,1-Feb-20
ABGP0135009,,Gp Acid Gas Inj,,00/06-01-077-21W5,55.6408,-117.1204,06-01-077-21W5 Donnelly,GIROUXVILLE EAST,A517,Long Run Exploration Ltd.,F15991    ,Amended,15-Aug-14,A517,Long Run Exploration Ltd.,D400,28-Feb-01,15-Aug-14,"Regenerative, Acid Gas Injection","1,132.00",1057,,,,,100,19.3,4.8,,,0,69.7,1-Nov-14,1-Jul-25
ABGP0135330,,Gp Acid Gas Flaring%,,00/03-10-077-07W6,55.652303,-118.999251,Exshaw 03-10-077-07w6 Gas Plant,VALHALLA,A573,Tourmaline Oil Corp.,F47427    ,Amended,11-Mar-19,A573,Tourmaline Oil Corp.,D400,10-Jun-14,11-Mar-19,"Regenerative, Acid Gas Injection","1,696.08",1562.17,,,,,299.4,121.4,99.99,,,0,98.3,1-Nov-14,1-Jul-25
ABGP0135716,,Gas Plant Sweet,,00/04-25-065-07W6,54.648995,-118.92841,Bilbo-04-25-065-07 W6M,WAPITI,0Z0H,Harvest Operations Corp.,F47375    ,Amended,19-May-17,0Z0H,Harvest Operations Corp.,B010,15-May-14,19-May-17,,"1,415.84",1350.14,0,0,0,0,202,361,0,,,,,1-Mar-15,1-Jul-25
ABGP0135948,,Gas Plant Sweet,,00/06-16-054-18W5,53.663033,-116.59906,LRE EDSON 00/06-16-054-18W5 GP,EDSON,A517,Long Run Exploration Ltd.,F45985    ,Amended,3-Aug-17,A517,Long Run Exploration Ltd.,B010,1-Apr-13,3-Aug-17,,850,840,0,0,0,0,100,0,0,,,,,1-Jan-15,1-Oct-18
ABGP0136119,,Gas Plant Sweet,,00/09-01-071-02W5,55.120705,-114.156834,SMITH WEST 09-01-071-02W5,DECRENE,0HE9,Canadian Natural Resources Limited,F23107    ,Amended,28-Feb-06,0HE9,Canadian Natural Resources Limited,C300,25-Apr-01,26-Aug-06,Nonregenerative,320,300,,,,,,55,0.2,,,0,,1-Jan-15,1-Jul-25
ABGP0137047,,Gas Plant Sweet,,02/10-09-045-08W5,52.868849,-115.096316,SPARTAN ALDERFLATS 10-09-045-08W5,WILLESDEN GREEN,A8HR,Spartan Delta Corp.,F47123    ,Amended,18-Oct-16,A8HR,Spartan Delta Corp.,B010,28-Feb-14,18-Oct-16,,"7,297.25",6478.9,0,2538,0,0,0,900.3,0,,,,,1-Apr-15,1-Jul-25
ABGP0137118,,Gas Plant Frac,,00/09-01-056-22W4,53.813504,-113.130882,Interpipeline ROF Facility,REDWATER,A68Y,Pembina NGL Corporation,F13004    ,Amended,18-Oct-24,A68Y,Pembina NGL Corporation,D401,1-May-01,18-Oct-24,"Both, Acid Gas Flaring",0.01,0.01,8472,,21666,13658,,8908,15.23,,,0.99,,1-Apr-15,1-Jul-25
ABGP0137513,,Gas Plant Sweet,,02/06-20-037-01W5,52.194331,-114.108408,SYLVAN LAKE 6-20 GAS PLANT,SYLVAN LAKE,A97L,Parallax Energy Operating Inc.,F28032    ,Amended,1-Apr-22,A97L,Parallax Energy Operating Inc.,B010,11-Feb-03,1-Apr-22,,560,375,0,0,0,0,290,0,0,,,,,1-Jan-15,1-Jul-25
ABGP0137899,,Gas Plant Sweet,,00/12-36-057-23W5,53.971973,-117.293449,SATURN 2 GAS PLANT,SUNDANCE,A938,Pembina Gas Infrastructure Inc.,F44432    ,Amended,6-Sep-13,A5A3,Pembina Gas Services Ltd.,B010,6-Mar-12,6-Sep-13,,"12,400.00",10661,0,5417.7,0,0,0,0,0,,,,,1-Aug-15,1-Jul-25
ABGP0137978,,Gas Plant Sweet,,00/10-03-052-17W5,53.462983,-116.418627,PERPETUAL W WOLF 10-3-52-17W5,EDSON,A573,Tourmaline Oil Corp.,F47919    ,Amended,31-May-22,A573,Tourmaline Oil Corp.,B010,17-Oct-14,31-May-22,,"2,322.00",2305,0,0,0,0,108.4,0,0,,,,,1-Jun-15,1-Jul-25
ABGP0138158,,Gp Acid Gas Flaring,,03/06-02-016-15W4,50.31555,-111.966361,ALDERSON WEST 6-2-16-15w4,ALDERSON,0HE9,Canadian Natural Resources Limited,F1970     ,Amended,24-Oct-06,A7NW,Torxen Energy Ltd.,C300,6-Mar-01,24-Oct-06,,170,155,,,,,,,0.74,,,0.74,,1-Jul-15,1-Jul-25
ABGP0138191,,Gas Plant Sweet,,02/14-24-059-16W5,54.119123,-116.26561,SWR Windfall GP 14-24-59-16 W5,WINDFALL,A72X,Outlier Resources Ltd.,F48653    ,Amended,17-Apr-24,A72X,Outlier Resources Ltd.,B010,5-Jun-15,17-Apr-24,,"1,117.00",1090,0,0,0,0,76.2,65.7,0,,,,,1-Jul-15,1-Jul-25
ABGP0138443,,Gas Plant Sweet,,00/11-10-049-12W5,53.216006,-115.674739,ZETA CREEK 11-10-49-12W5 GAS PLANT,PEMBINA,0YT7,Mancal Energy Inc.,F48148    ,Issued,15-Dec-14,0YT7,Mancal Energy Inc.,B010,15-Dec-14,,,"1,540.00",1411,0,0,0,0,389,369,0,,,,,1-Sep-15,1-Jul-25
ABGP0138789,,Gas Plant Sweet,,00/11-17-049-04W5,53.231253,-114.554115,BONTERRA 11-17 SWEET GAS PLANT,PEMBINA,0XZ4,Bonterra Energy Corp.,F11250    ,Amended,21-Jul-22,0XZ4,Bonterra Energy Corp.,B010,1-May-01,21-Jul-22,"Regenerative, Acid Gas Flaring",254.9,242.9,0,0,0,0,43.8,0,0,,,,,1-Sep-15,1-Jul-25
ABGP0138811,,Gas Plant Sweet,,02/01-21-063-02W6,54.458699,-118.229354,7G LATOR#2  2/1-21-63-2W6 GP,KARR,0G30,ARC Resources Ltd.,F48322    ,Amended,20-Apr-16,0G30,ARC Resources Ltd.,B010,2-Feb-15,20-Apr-16,,"6,540.00",6230,0,0,0,0,707,0,0,,,,,1-Oct-15,1-Jul-25
ABGP0138891,,Gas Plant Sweet,,00/12-31-050-17W5,53.35963,-116.48201,ANSELL 12-31 GAS PLANT,EDSON,A573,Tourmaline Oil Corp.,F46817    ,Amended,1-Mar-17,A573,Tourmaline Oil Corp.,B010,1-Dec-13,1-Mar-17,,"2,840.00",2825,0,0,0,0,112,75,0,,,,,1-Sep-15,1-Jul-25
ABGP0139140,,Gas Plant Frac,,00/02-25-038-09W5,52.29065,-115.152996,FERRIER 02-25-038-09W5 GAS PLANT,FERRIER,A632,Petrus Resources Corp.,F37428    ,Amended,18-Nov-22,A632,Petrus Resources Corp.,B010,24-Nov-06,18-Nov-22,,"2,233.00",2177,0,0,0,0,379,782,0,,,,,,
ABGP0139294,,Gas Plant Sweet,,00/02-25-038-09W5,52.29065,-115.152996,FERRIER 02-25-038-9W500 GP,FERRIER,A632,Petrus Resources Corp.,F37428    ,Amended,18-Nov-22,A632,Petrus Resources Corp.,B010,24-Nov-06,18-Nov-22,,"2,233.00",2177,0,0,0,0,379,782,0,,,,,1-Nov-15,1-Jul-25
ABGP0139501,,Gas Plant Sweet,,02/04-17-051-18W5,53.397892,-116.628161,TOURMALINE EDSON 04-17 GAS PLANT,EDSON,A573,Tourmaline Oil Corp.,F48632    ,Amended,12-Sep-17,A573,Tourmaline Oil Corp.,B010,29-May-15,12-Sep-17,,"4,531.00",4510,0,0,0,0,48.5,295.7,0,,,,,1-Dec-15,1-Jul-25
ABGP0140036,,Gas Plant Sweet,,00/13-11-062-27W5,54.355423,-117.94996,KANATA SIMONETTE 13-11 GAS PLANT,SIMONETTE,A6WG,CSV Midstream Solutions Corp.,F42908    ,Amended,9-Jul-24,A93C,Csv Simonette Corp.,B010,11-Mar-11,9-Jul-24,,"3,398.00",3365.75,0,0,0,0,164,533,0,,,,,1-Feb-16,1-Jul-25
ABGP0140178,,Gas Plant Sweet,,00/08-08-070-11W6,55.044054,-119.627737,Elmworth LNG Phase 1,ELMWORTH,A99L,Cryopeak Energy Solutions Corporation,F49026    ,Amended,18-Oct-17,A99L,Cryopeak Energy Solutions Corporation,B010,19-Jan-16,18-Oct-17,,566.34,139.52,0,0,0,0,687.5,0,0,,,,,1-Jan-16,1-Jul-25
ABGP0140267,,Gas Plant Sweet,,00/10-10-065-05W6,54.612681,-118.662923,7G Cutbank 10-10-065-05W6,KARR,0G30,ARC Resources Ltd.,F48565    ,Amended,14-Sep-17,0G30,ARC Resources Ltd.,B010,10-Apr-15,14-Sep-17,,"8,043.00",7646,0,0,0,0,1763,0,0,,,,,1-Mar-16,1-Oct-23
ABGP0140277,,Gas Plant Frac,,00/02-12-056-22W4,53.819854,-113.133887,Pembina Infra. & Logistics LP Frac 2,REDWATER,A68Y,Pembina NGL Corporation,F46093    ,Amended,7-Sep-23,A68Y,Pembina NGL Corporation,B011,7-May-13,7-Sep-23,,0.1,0.1,2369.5,0,13897.9,9975.4,0,6522.5,0,,,,,1-Mar-16,1-Jul-25
ABGP0140439,,Gas Plant Sweet,,00/10-29-063-23W5,54.481484,-117.437757,Simonette 10-29 Gas Plant,WASKAHIGAN,A8NW,Kiwetinohk Energy Corp.,F47687    ,Amended,11-Feb-25,A8NW,Kiwetinohk Energy Corp.,B010,13-Aug-14,11-Feb-25,,"2,548.50",2388.6,0,0,0,0,246.5,2195.7,0,,,,,1-Mar-16,1-Jul-25
ABGP0140643,,Gas Plant Sweet,,00/11-21-066-03W6,54.729341,-118.393201,Patterson Creek Gas Plt 11-21-66-3W6,KARR,A938,Pembina Gas Infrastructure Inc.,F48741    ,Amended,5-Nov-18,A84Z,PGI Processing ULC,B010,28-Jul-15,5-Nov-18,,"11,163.00",10780.17,0,0,0,0,1721.4,296.6,0,,,,,1-Apr-16,1-Jul-25
ABGP0140842,,Gas Plant Sweet,,00/15-36-044-15W5,52.841519,-116.041585,Columbia 15-36-044-15W5 Gas Plant,BRAZEAU RIVER,A573,Tourmaline Oil Corp.,F48865    ,Amended,29-Jul-21,A573,Tourmaline Oil Corp.,B010,29-Sep-15,29-Jul-21,,"1,696.00",1510,0,0,0,0,117,358.8,0,,,,,1-Apr-16,1-Jul-25
ABGP0140979,,Gas Plant Sweet,,00/07-09-062-08W6,54.348303,-119.135399,MODERN KAKWA 7-9-62-8W6 GAS PLANT,KAKWA,A573,Tourmaline Oil Corp.,F48862    ,Amended,29-Jul-25,A573,Tourmaline Oil Corp.,B010,28-Sep-15,29-Jul-25,,"3,965.00",3950,0,0,16.3,29.3,97.6,237,0,,,,,1-Apr-16,1-Jul-25
ABGP0142406,,Gas Plant Sweet,,00/04-13-039-09W5,52.351502,-115.173872,Orlen Ferrier 04-13-039-09W5 GP,FERRIER,A2DE,ORLEN Upstream Canada Ltd.,F43942    ,Amended,10-Jun-22,A2DE,ORLEN Upstream Canada Ltd.,B010,21-Nov-11,10-Jun-22,,"1,416.00",1269,0,0,0,0,292,0,0,,,,,1-Nov-16,1-Jul-25
,,,,,,,,,,,,,,,,,,,,,,,,,,,,,,,,,,
ABGP0142505,,Gas Plant Sweet,,00/04-25-062-06W6,54.387435,-118.771013,MUSREAU DEEP CUT,KAKWA,A938,Pembina Gas Infrastructure Inc.,F13910    ,Amended,12-Feb-16,A5A3,Pembina Gas Services Ltd.,B010,1-May-01,12-Feb-16,,"8,384.60",7170.8,0,2300,0,0,927.5,609.8,0,,,,,1-Jan-17,1-Jul-25
ABGP0143117,,Gas Plant Sweet,,00/11-16-048-13W4,53.14312,-111.851712,Viking 11-16-48-13W4,VIKING-KINSELLA,A73W,Enercapita Energy Ltd.,F10592    ,Amended,3-Oct-16,A73W,Enercapita Energy Ltd.,B010,1-May-01,3-Oct-16,,113,112,0,0,0,0,0.3,0,0,,,,,1-Dec-16,1-Apr-25
ABGP0143189,,Gas Plant Sweet,,00/02-03-055-22W4,53.71793,-113.177403,FSEEP 02-03-055-22W4 Gas Plant,FORT SASKATCHEWAN,A74Y,Tidewater Midstream and Infrastructure Ltd.,F12691    ,Issued,1-Mar-01,A74Y,Tidewater Midstream and Infrastructure Ltd.,B200,1-Mar-01,23-Jan-08,,"1,051.00",,,,,,,,,,,,,1-Dec-16,1-Jul-25
ABGP0143633,,Gas Plant Frac,,00/02-12-056-22W4,53.819854,-113.133887,Pembina Infra. & Logistics LP Frac 3,REDWATER,A68Y,Pembina NGL Corporation,F46093    ,Amended,7-Sep-23,A68Y,Pembina NGL Corporation,B011,7-May-13,7-Sep-23,,0.1,0.1,2369.5,0,13897.9,9975.4,0,6522.5,0,,,,,1-May-17,1-Jul-25
ABGP0144505,,Gp Acid Gas Flaring,,00/16-07-063-05W6,54.443238,-118.73649,Orlen Kakwa 16-07-063-05W6 Gas Plant,KAKWA,A2DE,ORLEN Upstream Canada Ltd.,F46377    ,Amended,4-Jan-21,A2DE,ORLEN Upstream Canada Ltd.,C300,14-Aug-13,4-Jan-21,"Regenerative, Acid Gas Flaring","1,700.00",1700,,,,,,1200,0.99,,,0.99,,1-Apr-17,1-Jul-25
ABGP0144581,,Gp Acid Gas Flaring,,04/13-21-015-11W4,50.278933,-111.467947,AE GP 4/13-21-15-11W4,ALDERSON,0HE9,Canadian Natural Resources Limited,F49655    ,Issued,22-Feb-17,A7NW,Torxen Energy Ltd.,B010,22-Feb-17,,,620,609,0.1,49.6,5.3,10,49.6,34.3,0,,,,,1-May-17,1-Jan-21
ABGP0145129,,Gas Plant Sweet,,02/14-28-062-20W5,54.398146,-116.944024,DUVERNAY KAYBOB COMPLEX,KAYBOB SOUTH,A938,Pembina Gas Infrastructure Inc.,F49054    ,Amended,20-Dec-21,A5A3,Pembina Gas Services Ltd.,B010,1-Feb-16,20-Dec-21,,"10,142.64",9648.26,0,2921.8,0,0,0,0,0,,,,,1-Oct-17,1-Jul-25
ABGP0145222,,Gas Plant Sweet,,00/01-24-060-08W6,54.199167,-119.0525,MODERN CUTPICK 1-24-60-8W6 GAS PLANT,CUTPICK,A573,Tourmaline Oil Corp.,F26597    ,Amended,11-Apr-17,A573,Tourmaline Oil Corp.,B010,27-Dec-01,11-Apr-17,,285,280,0,0,0,0,0,12.3,0,,,,,1-Jul-17,1-Jul-25
ABGP0145469,,Gp Acid Gas Flaring,,00/02-23-088-08W5,56.641017,-115.153705,MBOG RED EARTH 2-23 GAS PLANT,RED EARTH,0YK4,Surge Energy Inc.,F26475    ,Amended,22-Aug-12,0YK4,Surge Energy Inc.,C300,27-Nov-01,22-Aug-12,"Regenerative, Acid Gas Flaring",281.1,205,,,,,249,,0.95,,,0.95,,1-Aug-17,1-Jul-25
ABGP0146250,,Gas Plant Sweet,,00/04-22-017-14W4,50.443428,-111.858226,Lake Newell 4-22-17-14W4,NEWELL,0HE9,Canadian Natural Resources Limited,F23245    ,Amended,8-Nov-02,A7NW,Torxen Energy Ltd.,B010,1-May-01,26-Aug-06,,420,419.8,0,0,0,0,0.6,1.2,0,0,,,,1-Oct-17,1-Jul-25
ABGP0147725,,Gp Mainline Strdle,,00/09-27-031-04W5,51.685831,-114.474279,Harmattan Co-Stream Straddle Plant,HARMATTAN-ELKTON,A0TK,AltaGas Ltd.,F4285     ,Amended,7-Sep-22,A0TK,AltaGas Ltd.,D400,1-May-01,7-Sep-22,"Regenerative, Acid Gas Injection, Acid Gas Flaring","13,897.60",11224,3922.2,0,2475.9,1376.7,1907.8,1751,49.99,,,0.04,95.9,1-Jan-13,1-Jul-18
ABGP0147748,,Gas Plant Sweet,,00/11-13-043-13W5,52.708848,-115.760342,PEYTO CANADA AURORA 11-13-43-13W5 GP,BRAZEAU RIVER,A6WF,Peyto Canada Corp.,F49831    ,Amended,8-Dec-17,A6WF,Peyto Canada Corp.,B010,26-May-17,8-Dec-17,,"1,342.00",1225.26,0,0,0,0,81,99.7,0,,,,,1-Apr-18,1-Jul-25
ABGP0148152,,Gas Plant Sweet,,02/03-16-060-02W6,54.183191,-118.24083,Resthaven 3-16 Gas Plant,RESTHAVEN,A573,Tourmaline Oil Corp.,F50013    ,Amended,8-Mar-23,A6WG,CSV Midstream Solutions Corp.,B010,16-Aug-17,8-Mar-23,,"2,836.70",2776.6,0,0,0,0,0,298.6,0,,,,,1-Mar-18,1-Jul-25
ABGP0148981,,Gas Plant Sweet,,00/10-23-067-05W6,54.815352,-118.647594,Gold Creek,ELMWORTH,0G30,ARC Resources Ltd.,F50030    ,Issued,24-Aug-17,0G30,ARC Resources Ltd.,B010,24-Aug-17,,,"16,311.00",15065,0,0,0,0,3223,0,0,,,,,1-Dec-18,1-Jul-25
ABGP0149002,,Gp Acid Gas Flaring%,,02/07-11-060-23W5,54.171721,-117.334443,Delphi 02/07-11-60-23W5 Gas Plant,BIGSTONE,A8NW,Kiwetinohk Energy Corp.,F50309    ,Amended,12-Aug-25,A8NW,Kiwetinohk Energy Corp.,D400,5-Dec-17,12-Aug-25,"Regenerative, MIXING WITH SOUR GAS","1,000.00",980.15,,,,,,,9.99,,,0,,1-May-18,1-Jul-25
ABGP0149088,,Gp Acid Gas Flaring,,00/03-18-084-17W5,56.277041,-116.680479,HARMON V 03-18-084-17W5 GP,CADOTTE,0RL9,Baytex Energy Ltd.,F50207    ,Issued,30-Oct-17,0RL9,Baytex Energy Ltd.,C300,30-Oct-17,,"Regenerative, Acid Gas Flaring",510,380.5,0,0,0,0,0,21.8,0.35,,,0.35,,1-Jul-18,1-Jul-25
ABGP0150177,,Gp Acid Gas Flaring,,/10-29-043-22W4,52.73494,-113.159887,MALMO 10-29-043-22W4,MALMO,0HE9,Canadian Natural Resources Limited,F9252     ,Amended,23-Mar-18,0HE9,Canadian Natural Resources Limited,C300,1-Mar-01,23-Mar-18,"Regenerative, Acid Gas Flaring",5.01,4.5,,,,,,,0.63,,,0.63,,1-Aug-18,1-Jul-25
ABGP0150355,,Gp Acid Gas Inj,,00/03-19-067-07W6,54.808784,-119.058994,KEYERA WAPITI GAS PLANT,WAPITI,A0C0,Keyera Energy Ltd.,F47965    ,Amended,13-Mar-19,A0C0,Keyera Energy Ltd.,D400,27-Oct-14,13-Mar-19,"Regenerative, Acid Gas Injection","8,495.00",7676,,,,,1228,5150,960,,,0,98.4,1-Sep-18,1-Jul-25
ABGP0150386,,Gp Acid Gas Flaring,,00/04-07-073-08W6,55.303147,-119.22776,KEYERA PIPESTONE 04-07 GAS PLANT,WEMBLEY,A0C0,Keyera Energy Ltd.,F50089    ,Amended,13-Apr-23,0026,Ovintiv Canada ULC,D400,18-Sep-17,13-Apr-23,"Regenerative, Acid Gas Injection, Acid Gas Flaring","7,362.50",6626,,,,,1782,5557,847,,,0.19,98.5,1-Sep-18,1-Jul-25
ABGP0150704,,Gp Sulphur Rcvry,,00/07-35-067-07W6,54.841503,-118.950899,WAPITI GAS PLANT,WAPITI,A938,Pembina Gas Infrastructure Inc.,F49284    ,Amended,3-Jul-24,A84Z,PGI Processing ULC,D400,15-Aug-16,3-Jul-24,"Regenerative, Acid Gas Flaring, INTO PIPELINE","9,204.00",8383,0,0,0,0,980,2859,997,,,0.4,,1-Jan-19,1-Jul-25
ABGP0151188,,Gas Plant Frac,,00/04-31-048-12W5,53.179522,-115.753482,BRC 04-31-048-12W5 FRAC PLANT,PEMBINA,A74Y,Tidewater Midstream and Infrastructure Ltd.,F11034    ,Amended,8-Dec-23,A74Y,Tidewater Midstream and Infrastructure Ltd.,E600,6-Mar-01,8-Dec-23,"Regenerative, Acid Gas Sulphur Recovery, Acid Gas Flaring, Claus Process, MCRC Process","6,650.00",5400,600,0,1050,400,875,1956,500,492,,8,98.4,1-Nov-18,1-Jul-25
ABGP0152315,,Gp Acid Gas Inj,,00/12-35-070-09W6,55.105301,-119.27167,PIPESTONE 12-35-070-09W6 GAS PLANT,ELMWORTH,A0TK,AltaGas Ltd.,F51047    ,Amended,22-Jul-25,A0TK,AltaGas Ltd.,D400,17-Oct-18,22-Jul-25,"Regenerative, Acid Gas Injection, Acid Gas Flaring","5,947.00",4590,0,0,0,0,3388,3647,678,,,0.11,98.4,1-Jul-19,1-Jul-25
ABGP0153429,,Gp Acid Gas Flaring,,03/14-28-062-20W5,54.39788,-116.941444,DUVERNAY SWEETENING PLANT,KAYBOB SOUTH,A938,Pembina Gas Infrastructure Inc.,F50758    ,Amended,19-Aug-25,A5A3,Pembina Gas Services Ltd.,C300,4-Jul-18,13-Dec-24,"Regenerative, Acid Gas Flaring","8,467.00",8310,0,0,0,0,0,7950,0.99,,,0.99,,1-Mar-20,1-Jul-25
ABGP0153753,,Gas Plant Sweet,,02/12-07-064-23W5,54.525051,-117.476958,TANGLE CREEK WASKAHIGAN GAS PLANT,WASKAHIGAN,A8T8,HWN Energy Ltd.,F51423    ,Issued,2-May-19,A8T8,HWN Energy Ltd.,B010,2-May-19,,,968,565,0,63.6,0.1,11.8,63.6,51.7,0,,,,,1-Aug-19,1-Jul-25
ABGP0154540,,Gas Plant Sweet,,00/06-20-049-18W5,53.242818,-116.603857,HMGP Corser 06-20,MINEHEAD,A5D4,Cenovus Energy Inc.,F50365    ,Amended,29-Aug-24,A7WY,Husky Midstream General Partner Inc.,B010,3-Jan-18,29-Aug-24,,"3,957.00",3896,0,0,0,0,13.1,207,0,,,,,1-Sep-19,1-Jul-25
ABGP0154913,,Gas Plant Sweet,,00/12-31-016-28W4,50.390579,-113.846103,LTAM High River 12-31-016-28W4,HIGH RIVER,A6JF,Long Term Asset Management Inc.,F51114    ,Amended,30-May-23,A6JF,Long Term Asset Management Inc.,B010,15-Nov-18,30-May-23,,283,278,0,0,0,0,40,0,0,,,,,1-Dec-19,1-Jul-25
ABGP0155173,,Gas Plant Sweet,,00/01-04-044-11W5,52.756038,-115.524861,Sunchild 00/01-04-044-11W5 Gas Plant,FERRIER,A2TG,TAQA North Ltd.,F48132    ,Amended,24-Nov-22,A2TG,TAQA North Ltd.,B010,10-Dec-14,24-Nov-22,,"3,794.50",3702.8,0,0,0,0,119.5,351.8,0,,,,,,
ABGP0155556,,Gas Plant Sweet,,00/01-04-044-11W5,52.756038,-115.524861,Suncild 01-04-044-11W5 Gas Plant,FERRIER,A2TG,TAQA North Ltd.,F48132    ,Amended,24-Nov-22,A2TG,TAQA North Ltd.,B010,10-Dec-14,24-Nov-22,,"3,794.50",3702.8,0,0,0,0,119.5,351.8,0,,,,,1-Apr-20,1-Jul-25
ABGP0156241,,Gas Plant Sweet,,00/06-18-066-04W6,54.71098,-118.59769,CSV Karr Gas Plant,KARR,A6WG,CSV Midstream Solutions Corp.,F42073    ,Amended,15-Jul-21,A6WG,CSV Midstream Solutions Corp.,D400,5-Aug-10,11-Mar-20,"Both, SEND TO DOWNSTREAM FACILITIES","4,814.00",4389,0,0,0,0,419,4770,49,,,0,,1-May-20,1-Oct-20
ABGP0156644,,Gas Plant Sweet,,02/16-29-001-11W4,49.070325,-111.433492,THOR KNAPPEN 16-29 PLANT,KNAPPEN,A61G,Thor Resources Inc.,F51326    ,Amended,29-Aug-24,A61G,Thor Resources Inc.,C300,22-Feb-19,29-Aug-24,Nonregenerative,190,0.1,0.1,0,0,0,0,0,0,,,0,,1-Apr-20,1-Jul-25
ABGP0156929,,Gas Plant Sweet,,00/04-31-048-12W5,53.179522,-115.753482,BRC 04-31-048-12W5 GAS PLANT #4,PEMBINA,A74Y,Tidewater Midstream and Infrastructure Ltd.,F11034    ,Amended,8-Dec-23,A74Y,Tidewater Midstream and Infrastructure Ltd.,E600,6-Mar-01,8-Dec-23,"Regenerative, Acid Gas Sulphur Recovery, Acid Gas Flaring, Claus Process, MCRC Process","6,650.00",5400,600,0,1050,400,875,1956,500,492,,8,98.4,1-Jun-20,1-Jul-25
ABGP0157262,,Gas Plant Sweet,,02/03-36-055-05W5,53.790368,-114.615432,Alexis 03-36-055-05 W5 GP,ST ANNE,A517,Long Run Exploration Ltd.,F48668    ,Issued,11-Jun-15,A517,Long Run Exploration Ltd.,B010,11-Jun-15,,,75,70,0,0,0,0,10,0,0,,,,,1-Nov-20,1-Jul-25
ABGP0157570,,Gp Acid Gas Flaring%,,00/06-18-066-04W6,54.71098,-118.59769,CSV Karr Gas Plant,KARR,A6WG,CSV Midstream Solutions Corp.,F42073    ,Amended,15-Jul-21,A6WG,CSV Midstream Solutions Corp.,D400,5-Aug-10,11-Mar-20,"Both, SEND TO DOWNSTREAM FACILITIES","4,814.00",4389,0,0,0,0,419,4770,49,,,0,,1-Oct-20,1-Jul-25
ABGP0158090,,Gas Plant Sweet,,/13-21-015-11W4,50.278933,-111.467947,Alderson Langevin 13-21-015-11W4,ALDERSON,0HE9,Canadian Natural Resources Limited,F49655    ,Issued,22-Feb-17,A7NW,Torxen Energy Ltd.,B010,22-Feb-17,,,620,609,0.1,49.6,5.3,10,49.6,34.3,0,,,,,1-Jan-21,1-Jul-25
ABGP0158167,,Gas Plant Sweet,,00/01-13-032-19W4,51.737123,-112.557529,TEI DELIA 01-13-32-19W4,DELIA,A7HE,Tallahassee Exploration Inc.,F4330     ,Amended,9-Jan-06,A7HE,Tallahassee Exploration Inc.,B010,19-Mar-01,26-Aug-06,,624,623.6,0,0,0,0,5.7,0,0,,,,,1-Jan-21,1-Oct-23
ABGP0158517,,Gas Plant Sweet,,00/05-26-066-24W5,54.73782,-117.522932,ANTE CREEK 05-26-066-24W5 GP,ANTE CREEK NORTH,A2PH,Journey Energy Inc.,F47947    ,Amended,4-Dec-14,A2PH,Journey Energy Inc.,C321,22-Oct-14,4-Dec-14,Nonregenerative,565,,,,,,,,0.01,,,0,,1-May-21,1-Jul-25
ABGP0159328,,Gas Plant Sweet,,03/11-04-075-25W4,55.470014,-113.825943,MART 103/11-04-075-25W4 Gas Plant,MARTEN HILLS,A04N,Tamarack Valley Energy Ltd.,F52081    ,Amended,4-Jul-24,A04N,Tamarack Valley Energy Ltd.,B010,6-Jan-21,4-Jul-24,,566,522,0,0,0,0,213,0,0,,,,,1-Sep-21,1-Jul-25
ABGP0160678,,Gas Plant Sweet,,00/09-21-022-25W4,50.888083,-113.398293,EXPANDER 09-21-022-25W4 GAS PLANT,ENTICE,A7YP,Rocky Mountain Clean Fuels Inc.,F49927    ,Issued,7-Jul-17,A7KE,Expander Energy Inc.,B010,7-Jul-17,,,141.31,0.01,0,0,0,0,0,82.9,0,,,,,1-Nov-21,1-Jun-23
ABGP0160735,,Gp Acid Gas Inj,,00/09-14-028-01W5,51.396454,-114.028221,East Crossfield Gas Plant,CROSSFIELD EAST,A2TG,TAQA North Ltd.,F3859     ,Amended,26-Jan-21,A2TG,TAQA North Ltd.,D400,6-Mar-01,26-Jan-21,"Regenerative, Acid Gas Injection, Acid Gas Flaring","5,128.00",3212,0,0,0,0,63.2,581,863.82,,,0.01,98.4,1-Dec-21,1-Jul-25
ABGP0161844,,Gas Plant Sweet,,02/14-28-046-07W5,53.001233,-114.959032,Bonterra 14-28-046-07W5 Gas Plant,PEMBINA,0XZ4,Bonterra Energy Corp.,F52554    ,Amended,23-Jan-23,0XZ4,Bonterra Energy Corp.,B010,12-Jan-22,23-Jan-23,,400,380,0,0,0,0,100,0,0,,,,,1-Mar-22,1-Jul-25
ABGP0162257,,Gas Plant Sweet,,02/02-15-041-11W5,52.52571,-115.5005,PEYTO CHAMBERS GP 2-15-41-11W5,CHAMBERS,0YA2,Peyto Exploration & Development Corp.,F52396    ,Issued,28-Sep-21,0YA2,Peyto Exploration & Development Corp.,B010,28-Sep-21,,,"1,982.20",1936.41,0,0,0,0,318,290.6,0,,,,,1-Apr-22,1-Jul-25
ABGP0162604,,Gas Plant Sweet,,/01-07-020-25W4,50.675991,-113.44719,SEOL 01-07-020-25W400 GAS PLANT,HERRONTON,A851,Seol Energy Inc.,F52217    ,Issued,16-Apr-21,A851,Seol Energy Inc.,B010,16-Apr-21,,,230,225,0,0,0,0,25,23,0,,,,,1-May-22,1-Apr-24
ABGP0163662,,Gas Plant Sweet,,02/05-27-054-25W4,53.69242,-113.61409,CAMPBELL GAS PLANT 5-27-054-25W4,CAMPBELL-NAMAO,A8BA,Maga Energy Ltd.,F52954    ,Issued,11-Oct-22,A8BA,Maga Energy Ltd.,B010,11-Oct-22,,,142,120,0,0,0,0,10,0,0,,,,,1-Oct-22,1-Apr-25
ABGP0163748,,Gas Plant Frac,,00/12-02-053-26W4,53.54854,-113.732812,ACHESON 12-02-053-26W4 FRAC PLANT,ACHESON,A74Y,Tidewater Midstream and Infrastructure Ltd.,F50893    ,Issued,23-Aug-18,A74Y,Tidewater Midstream and Infrastructure Ltd.,B011,23-Aug-18,,,0.01,0.01,1231.2,0,398.4,280.8,0,748.8,0,,,,,1-Nov-22,1-Dec-24
,,,,,,,,,,,,,,,,,,,,,,,,,,,,,,,,,,
ABGP0164870,,Gp Mainline Strdle,,00/10-33-080-13W4,55.97945,-111.969883,Wolf Recovery Facility I,THORNBURY,A8BW,Wolf NGL Inc.,F52071    ,Issued,21-Dec-20,A8BW,Wolf NGL Inc.,B200,21-Dec-20,,,"28,037.00",24922.68,0,11149.4,0,0,0,0,0,,,,,1-May-23,1-Jul-25
ABGP0164871,,Gas Plant Frac,,00/05-07-056-21W4,53.823468,-113.121463,Wolf Feedstock Separation,REDWATER,A8BW,Wolf NGL Inc.,F52084    ,Amended,28-Nov-24,A8BW,Wolf NGL Inc.,B011,11-Jan-21,24-Mar-25,,0.1,0.1,13028,0,3731,1238,0,325,0,,,,,1-Apr-23,1-Apr-23
ABGP0165073,,Gas Plant Sweet,,00/13-24-019-15W4,50.629318,-111.966128,CASSILS 13-24-019-15W4,COUNTESS,0HE9,Canadian Natural Resources Limited,F2542     ,Amended,16-Jan-23,A7NW,Torxen Energy Ltd.,B010,9-Jan-01,16-Jan-23,,800,796,0,0,0,0,20,0,0,,,,,1-Mar-23,1-Jul-25
ABGP0165694,,Gas Plant Sweet,,02/11-18-074-12W6,55.412354,-119.835183,Veresen Hythe - 11-18 SWEET PLANT,SINCLAIR,A938,Pembina Gas Infrastructure Inc.,F38309    ,Amended,5-Jul-18,A734,Veresen Midstream General Partner Inc.,B010,20-Jun-07,5-Jul-18,,"10,030.37",9996.26,0,0,0,0,391.8,0,0,,,,,1-Jun-23,1-Jul-25
ABGP0165710,,Gp Sulphur Rcvry,,00/02-29-019-13W4,50.632222,-111.766667,Astara Bantry 2-29-019-13W4M GP,BANTRY,A8TZ,Astara Energy Corp.,F27325    ,Amended,5-Feb-20,A8TZ,Astara Energy Corp.,E600,16-Jul-02,5-Feb-19,"Regenerative, Acid Gas Sulphur Recovery, SULFCAT SWEETENING",74,74,,,,,,,1,0.99,,0,99,1-Jun-23,1-Jul-25
ABGP0165856,,Gas Plant Sweet,,02/14-28-073-07W6,55.357224,-119.017913,WEMB 14-28-073-07W6 Gas Plant,GRANDE PRAIRIE,A04N,Tamarack Valley Energy Ltd.,F53204    ,Issued,7-Mar-23,A04N,Tamarack Valley Energy Ltd.,B010,7-Mar-23,,,566,520,0,0,0,0,109,0,0,,,,,1-Jun-23,1-Jul-25
ABGP0165948,,Gas Plant Sweet,,/15-29-073-24W4,55.355482,-113.654029,MARTEN HILLS 15-29-73-24 GP,MARTEN HILLS,A7GR,Spur Petroleum Ltd.,F53208    ,Issued,8-Mar-23,A7GR,Spur Petroleum Ltd.,B010,8-Mar-23,,,480,418,0,0,0,0.5,10,8.9,0,,,,,1-Jul-23,1-Jul-25
ABGP0166849,,Gas Plant Sweet,,00/11-03-012-04W4,49.970442,-110.475958,WEIL GROUP 11-03,MEDICINE HAT,A6RZ,"Weil Group Canada, Ltd.",F52228    ,Amended,4-May-21,A6RZ,"Weil Group Canada, Ltd.",B010,3-May-21,4-May-21,,141.6,4,0.5,0.8,0.2,0.1,0.2,0.1,0,,,,,1-Sep-23,1-Jul-25
ABGP0166887,,Gp Acid Gas Flaring%,,02/03-27-075-09W6,55.521313,-119.309373,WCP Valhalla GP 03-27-075-09W6,VALHALLA,A5BE,Whitecap Resources Inc.,F53326    ,Amended,10-Apr-24,A5BE,Whitecap Resources Inc.,D400,20-Jun-23,10-Apr-24,"Regenerative, PL TO 3RD PARTY ACID GAS PROC FA",566,517,,,,,40.2,,9.99,,,0,,1-Nov-23,1-Jul-25
ABGP0167176,,Gas Plant Sweet,,00/14-12-020-12W4,50.687619,-111.5431,STEVEVILLE 14-12-20-12 HELIUM RECOV,PRINCESS,A8K2,Imperial Helium Corp.,F53280    ,Amended,4-Apr-24,A8K2,Imperial Helium Corp.,B010,2-May-23,4-Apr-24,,424,2.04,0,3134.2,0,0,0,365.2,0,,,,,1-Oct-23,1-Jul-25
ABGP0168285,,Gas Plant Sweet,,00/05-31-027-26W4,51.358333,-113.458333,Ember Irricana 05-31-027-26W4,ENTICE,A1H9,Ember Resources Inc.,F37136    ,Issued,28-Sep-06,A1H9,Ember Resources Inc.,B010,28-Sep-06,,,560,539.5,0,0,0,0,0,6.5,0,,,,,1-Apr-24,1-Jul-25
ABGP0168309,,Gas Plant Sweet,,00/10-31-026-23W4,51.265174,-113.200221,Ember Nightingale 10-31-026-23W4,ENTICE,A1H9,Ember Resources Inc.,F21046    ,Issued,6-Mar-01,A1H9,Ember Resources Inc.,B010,6-Mar-01,,,729.7,,,,,,,,,,,,,1-Mar-24,1-Jul-25
ABGP0168539,,Gas Plant Sweet,,00/05-35-056-25W4,53.881677,-113.61715,Morinville 5-35-056-25W4 GP,MORINVILLE,A8DA,Bench Creek Resources Ltd.,F49425    ,Amended,22-Dec-21,A8DA,Bench Creek Resources Ltd.,B010,4-Nov-16,22-Dec-21,,56,52,0,0,0,0,2.3,0,0,,,,,1-Apr-24,1-Jul-25
ABGP0168764,,Gas Plant Sweet,,00/11-16-031-23W4,51.65828,-113.208858,Threehills/Ghosthills 11-16-031-23W4,TWINING,A1H9,Ember Resources Inc.,F4244     ,Amended,15-Sep-04,A1H9,Ember Resources Inc.,B010,6-Mar-01,26-Aug-06,,150,145,,,,,3,,0,,,,,1-Apr-24,1-Jun-25
ABGP0168803,,Gas Plant Sweet,,00/08-13-063-05W6,54.44881,-118.607722,PGS Kakwa River 08-13 Shallow Cut,KAKWA,A938,Pembina Gas Infrastructure Inc.,F42793    ,Amended,10-Aug-16,A5A3,Pembina Gas Services Ltd.,C300,14-Feb-11,10-Aug-16,"Regenerative, Acid Gas Flaring","7,787.26",6423.23,0,0,0,0,3538,3137.7,0.99,,,0.99,,1-Jul-24,1-Jul-25
ABGP0168934,,Gp Sulphur Rcvry,,00/13-34-072-09W6,55.285232,-119.303494,CSV Albright 13-34 Sulphur Rec GP,WEMBLEY,A6WG,CSV Midstream Solutions Corp.,F52235    ,Amended,27-Oct-23,A6WG,CSV Midstream Solutions Corp.,E600,18-May-21,27-Oct-23,"Regenerative, Acid Gas Sulphur Recovery, Acid Gas Flaring, SMARTSULF (MODIFIED CLAUS)","4,248.00",3686,,,,,630,798.2,370,366.4,,2.2,98.4,1-Jul-24,1-Jul-25
ABGP0168995,,Gas Plant Frac,,00/05-15-053-17W5,53.573602,-116.433819,Edson Frac Plant,EDSON,A8C5,Pivotal Energy Partners Inc.,F53293    ,Issued,16-May-23,A8C5,Pivotal Energy Partners Inc.,B011,16-May-23,,,0.01,0.01,0,0,900,625,0,72,0,,,,,1-May-24,1-Jul-25
ABGP0169442,,Gp Acid Gas Flaring,,02/10-10-065-05W6,54.612681,-118.662923,ARC KARR 102/10-10-065-05W6 GP,KARR,0G30,ARC Resources Ltd.,F52402    ,Amended,1-May-25,0G30,ARC Resources Ltd.,D400,29-Sep-21,1-May-25,"Regenerative, Acid Gas Injection","5,663.00",5663,,,,,,7500,7.68,,,0,90,1-Aug-24,1-Jul-25
ABGP0170268,,Gas Plant Sweet,,00/01-20-028-21W4,51.403311,-112.914657,PERSIST WAYNE 01-20-28-21 GP,WAYNE-ROSEDALE,A84G,Persist Oil And Gas Inc.,F3817     ,Amended,6-Sep-24,A84G,Persist Oil And Gas Inc.,C300,6-Mar-01,6-Sep-24,Nonregenerative,210,210,,,,,46,,0.09,,,0,,1-Sep-24,1-Jul-25
ABGP0171028,,Gas Plant Sweet,,00/16-33-054-22W4,53.713246,-113.175815,"Linde - LNG Plant, Fort Saskatchewan",FORT SASKATCHEWAN,0TB6,Linde Canada Inc.,F52334    ,Amended,8-May-24,0TB6,Linde Canada Inc.,B010,13-Aug-21,8-May-24,,288,279.36,0.1,0,0,0,0,0,0,,,,,1-Sep-24,1-Jul-25
ABGP0171549,,Gp Acid Gas Inj,,00/06-19-073-08W6,55.335877,-119.221548,WEMBLEY 06-19-073-08W6,WEMBLEY,A0A7,NuVista Energy Ltd.,F15352    ,Amended,11-Apr-23,A0A7,NuVista Energy Ltd.,D400,1-May-01,19-Mar-25,"Regenerative, Acid Gas Injection, Acid Gas Flaring","3,600.00",3302,,1075,,,229,1245,250,,,0.24,98.3,1-Feb-25,1-Jul-25
ABGP0172526,,Gp Acid Gas Flaring%,,02/11-24-079-11W6,55.862868,-119.585863,NRM GORDONDALE WEST GAS PLANT,GORDONDALE,A1KN,NorthRiver Midstream Inc.,F21171    ,Amended,11-Aug-25,A1KN,NorthRiver Midstream Inc.,D400,1-Mar-01,11-Aug-25,"Regenerative, BLENDING PL TO GORD EAST","4,530.70",4071.96,0,0,0,0,492,172.8,42.39,,,0,,1-May-25,1-Jul-25
ABGP0172590,,Gas Plant Sweet,,/04-19-079-10W6,55.856165,-119.563145,Gordondale 04-19-079-10W6 Gas Plant,GORDONDALE,A93X,Logan Energy Corp.,F53908    ,Issued,2-Aug-24,A93X,Logan Energy Corp.,B010,2-Aug-24,,,"1,416.00",1375.4,0,0,0,0,132.9,0,0,,,,,1-May-25,1-Jul-25
ABGP0173210,,Gas Plant Sweet,,/01-32-038-06W5,52.304838,-114.813727,PARA ALHAMBRA 01-32-038-06W5 GP,FERRIER,0AW4,Paramount Resources Ltd.,F53441    ,Amended,23-May-25,0AW4,Paramount Resources Ltd.,B010,30-Aug-23,23-May-25,,"2,864.00",2713,0,0,0,0,985.2,2648.2,0,,,,,1-Jul-25,1-Jul-25
,,,,,,,,,,,,,,,,,,,,,,,,,,,,,,,,,,
NOTICE TO RECIPEINT:,,,This document contains information from the Alberta Energy Regulator,,,,,,,,,,,,,,,,,,,,,,,,,,,,,,,
and is intended for the addressee's use only.  If you are not the intended recipient of this information please notify us,,,,,,,,,,,,,,,,,,,,,,,,,,,,,,,,,,
"immediately that you have received our document and information in error by telephone, fax or email to the contact",,,,,,,,,,,,,,,,,,,,,,,,,,,,,,,,,,
information at the bottom of this Notice.  Only the intended recipient is entitled to make use of the enclosed information. ,,,,,,,,,,,,,,,,,,,,,,,,,,,,,,,,,,
,,,,,,,,,,,,,,,,,,,,,,,,,,,,,,,,,,
NOTICE TO USER: ,,"The enclosed Data (hereinafter referred to as the ""Data"") is provided to you subject to you",,,,,,,,,,,,,,,,,,,,,,,,,,,,,,,,
 accepting the following terms and conditions:,,,,,,,,,,,,,,,,,,,,,,,,,,,,,,,,,,
The Alberta Energy Regulator (AER) retains all rights in and to all the Data.  The Data is provided based upon your,,,,,,,,,,,,,,,,,,,,,,,,,,,,,,,,,,
representation that it will be used for research purposes only.  No other use of the Data is permitted without the prior,,,,,,,,,,,,,,,,,,,,,,,,,,,,,,,,,,
"express written consent of the AER.  In particular, the Data cannot be used for any commercial purpose or distributed, in",,,,,,,,,,,,,,,,,,,,,,,,,,,,,,,,,,
"whole or in part, without the express written consent of the AER.",,,,,,,,,,,,,,,,,,,,,,,,,,,,,,,,,,
,,,,,,,,,,,,,,,,,,,,,,,,,,,,,,,,,,
"You must provide the AER with a copy of any papers, publications or other written work (whether in paper or other format)",,,,,,,,,,,,,,,,,,,,,,,,,,,,,,,,,,
produced by you that incorporates or references the Data or your analysis of the Data.  The AER shall be referenced as,,,,,,,,,,,,,,,,,,,,,,,,,,,,,,,,,,
the source of the Data in each such work.,,,,,,,,,,,,,,,,,,,,,,,,,,,,,,,,,,
,,,,,,,,,,,,,,,,,,,,,,,,,,,,,,,,,,
"The AER makes no representations, warranties, or guarantees, expressed or implied, that the Data will be suitable for",,,,,,,,,,,,,,,,,,,,,,,,,,,,,,,,,,
"any use, including the intended use even if the intended use is known by the AER.",,,,,,,,,,,,,,,,,,,,,,,,,,,,,,,,,,
,,,,,,,,,,,,,,,,,,,,,,,,,,,,,,,,,,
"The AER accepts no responsibility whatsoever for any inaccuracies, errors, or omissions in the Data files and the AER",,,,,,,,,,,,,,,,,,,,,,,,,,,,,,,,,,
"shall not be responsible for any costs incurred by you in the conversion, installation, or improvement of the Data files. ",,,,,,,,,,,,,,,,,,,,,,,,,,,,,,,,,,
The AER shall not be responsible for any losses or costs incurred as a result of you or anyone else using or attempting to,,,,,,,,,,,,,,,,,,,,,,,,,,,,,,,,,,
use the Data files.,,,,,,,,,,,,,,,,,,,,,,,,,,,,,,,,,,
,,,,,,,,,,,,,,,,,,,,,,,,,,,,,,,,,,
"In no event shall the AER be liable for any loss of profits, any incidental, special, exemplary or consequential damages,",,,,,,,,,,,,,,,,,,,,,,,,,,,,,,,,,,
"or any claims or demands brought by or against you, even if the AER has been advised of the possibility of such claims",,,,,,,,,,,,,,,,,,,,,,,,,,,,,,,,,,
or demands.,,,,,,,,,,,,,,,,,,,,,,,,,,,,,,,,,,
,,,,,,,,,,,,,,,,,,,,,,,,,,,,,,,,,,
,,,,,,,,,,,,,,,,,,,,,,,,,,,,,,,,,,
Alberta Energy Regulator,,,,,,,,,,,,,,,,,,,,,,,,,,,,,,,,,,
Information Distribution Services,,,,,,,,,,,,,,,,,,,,,,,,,,,,,,,,,,
"Suite 1000, 250 - 5 Street SW",,,,,,,,,,,,,,,,,,,,,,,,,,,,,,,,,,
Calgary AB T2P 0R4,,,,,,,,,,,,,,,,,,,,,,,,,,,,,,,,,,
Tel (403) 297-8311,,,,,,,,,,,,,,,,,,,,,,,,,,,,,,,,,,
Email: mailto:InformationRequest@aer.ca,,,,,,,,,,,,,,,,,,,,,,,,,,,,,,,,,,
AER web site: www.aer.ca ,,,,,,,,,,,,,,,,,,,,,,,,,,,,,,,,,,
